companyId,companyName,companySize,companyUrl,companyLocation,com_user_id,reviewDateTime,jobTitle,isCurrentJob,LengthOfEmployment,EmploymentStatus,location,ratingOverall,ratingWorkLifeBalance,ratingCultureAndValues,ratingDiversityAndInclusion,ratingCareerOpportunities,ratingCompensationAndBenefits,ratingSeniorLeadership,summary,advice,pros,cons,ratingRecommendToFriend,ratingCeo,ratingBusinessOutlook,countHelpful,countNotHelpful
E10384,Danske Bank,10000+ Employees,https://www.danskebank.com/careers,,41568483,2021-01-28T09:35:49.070,,True,2,REGULAR,Vilnius,3,4,4,5,4,3,3,AML Operations Officer,,"Competent people, collaborative environment, good healthcare, encouraging leaders","Irregular and sudden organizational changes, lack of bonus system in operations",POSITIVE,APPROVE,NEUTRAL,0,0
E10384,Danske Bank,10000+ Employees,https://www.danskebank.com/careers,,70972852,2022-11-10T13:32:44.163,Automation Team Leader,True,4,REGULAR,,5,5,5,5,5,5,5,Amazing place to work,,"People, values, premises- all perfect",No cons by working already for 4years,POSITIVE,APPROVE,POSITIVE,0,0
E10384,Danske Bank,10000+ Employees,https://www.danskebank.com/careers,,5627282,2015-01-04T02:17:21.490,Financial Advisor,False,6,REGULAR,Tallinn,2,3,4,0,3,1,2,Good for entry-level,Respect your employees.,"Corporate culture
Good colleagues
Trainings
Good to start if you want to get experience in financial sector.","Very low salary.
Too much pressure on sale, you need to do aggressive sale to clients.
No chance for promotion.",NEGATIVE,NO_OPINION,NEUTRAL,0,0
E10384,Danske Bank,10000+ Employees,https://www.danskebank.com/careers,,30157987,2019-11-02T12:57:51.393,Software Engineer,True,2,REGULAR,,5,4,4,0,5,3,4,Great place to work,,One of the highest skilled developers I've worked with.,Change of management is too constat,,,,0,0
E10384,Danske Bank,10000+ Employees,https://www.danskebank.com/careers,,94215101,2025-01-09T14:30:27.030,Compliance,True,0,REGULAR,"Copenhagen, Capital Region",4,5,5,5,4,5,5,"Great Benefits and Flexibility, with Limited Promotion Opportunities",,"Excellent benefits, including employer pension contributions and Visma discounts; a flexible hybrid work setting (2–3 days in the office); and strong group initiatives for professional growth.","Promotion to more senior positions takes time and is not guaranteed, as there are limited roles available in Compliance.",POSITIVE,APPROVE,POSITIVE,0,0
E10384,Danske Bank,10000+ Employees,https://www.danskebank.com/careers,,92837919,2024-11-14T00:45:33.993,,False,4,REGULAR,Vilnius,4,0,0,0,0,0,0,Big corporate,,"Stability, focus on employee wellbeing","Corporate style - decisions take long time, prone to reorganisations",,,,0,0
E10384,Danske Bank,10000+ Employees,https://www.danskebank.com/careers,,84709651,2024-02-24T16:42:57.840,Process Consultant,False,2,REGULAR,"Copenhagen, Capital Region",4,0,0,0,0,0,0,Good experience,,"Benefits, flexible work hours and good food","lack of future oppurtunity, not so great culture",,,,0,0
E10384,Danske Bank,10000+ Employees,https://www.danskebank.com/careers,,23217609,2018-11-01T00:57:59.820,Operations Officer,True,2,REGULAR,,4,4,4,0,4,3,4,A good place to start your career,,"Work culture in Danske Bank is quite flexible for a bank, starting with the fact that there is no strict dress code in a back-end office. We are allowed and encouraged to contribute to how we handle the processes in our team, propose new ideas. I believe it's a great place to start career, you may also get a lot of guidance from team lead or other superiors on how to further develop your career.","Even though there are many opportunities to contribute to various processes and projects, the wage does not quite correspond with your development. As I meantioned, it's a great place to start, you may also get promoted soon, but don't expect a huge pay raise after the promotion.",,NO_OPINION,,0,0
E10384,Danske Bank,10000+ Employees,https://www.danskebank.com/careers,,47026466,2021-05-17T00:40:12.543,Scrum Master,False,1,REGULAR,Vilnius,4,5,3,4,4,4,3,Empowering,"Stick to the strategy
Give clear direction
Manage better investments for training","Invests in training
Empowering people
Relatively flat hierarchy","Too corporate/ laid back
Too frequent changes in strategy and direction
Not that high standards for employees",,,,0,0
E10384,Danske Bank,10000+ Employees,https://www.danskebank.com/careers,,42945462,2021-02-23T05:06:34.610,Student Assistant,False,2,PART_TIME,Aarhus,4,0,0,0,0,0,0,"Great, safe company.",,"caring about students, good contract, good work-life balance","the culture can be a little stagnant and missing some dynamics, but I know it has started improving",,,,0,0
E10384,Danske Bank,10000+ Employees,https://www.danskebank.com/careers,,10153309,2016-04-04T18:28:57.447,,True,0,REGULAR,,5,5,5,0,5,5,5,Customer Care Advisor,none,friendly people who care about me and offer me opportunities,None but I am a new employee,POSITIVE,,POSITIVE,0,0
E10384,Danske Bank,10000+ Employees,https://www.danskebank.com/careers,,47968451,2021-06-06T14:48:49.117,Operations Officer,True,2,REGULAR,,4,4,4,4,3,5,3,Good work place,,"Good benefits, flexible working hours, nice offices","Small pay, not many career opportunities",POSITIVE,APPROVE,POSITIVE,0,0
E10384,Danske Bank,10000+ Employees,https://www.danskebank.com/careers,,32115192,2020-02-28T04:42:40.677,,True,2,PART_TIME,,2,2,3,0,0,3,2,Hard times for the bank right now,There's a lot of talented and great people working in Danske bank. Hope you treat them with more respect in the future.,"Smart, talented colleagues, Health Insurance, Dental Insurance - you feel safe, like you don't have to worry about these things, but it's mainly the same in every large organization","Cutting costs, lack of communication. People are leaving the organization. My department and another one got shut down, due to reorganization. That literally happened in 1 day, and the next you don't have the job. When I went to hand down my things the next day, felt like treated like a criminal, my card was already de-activated and had to hand down things, like computer, to guards.  It just shows how much they don't care about their employees. You're just another number in the system.",NEGATIVE,APPROVE,NEUTRAL,0,0
E10384,Danske Bank,10000+ Employees,https://www.danskebank.com/careers,,42910700,2021-02-22T14:02:10.567,Internship,False,4,REGULAR,,4,5,5,5,5,5,5,Great place to work,,"Great place to work
Nice culture
Great benefits",Reputation due to estonian matter,POSITIVE,NO_OPINION,POSITIVE,0,0
E10384,Danske Bank,10000+ Employees,https://www.danskebank.com/careers,,85217458,2024-03-11T13:00:57.177,Chief Project Manager,True,1,REGULAR,Vilnius,4,4,4,4,5,5,4,Danske,Needed constant internal surveys to improve climate and collaboration,"Salary and benefits for employees, the package is realy great including insurances, food, parking, sport and entertainment","The stress level on IT projects side is huge and atmosphere is not healthy, some units are very unpleasant stakeholders and instead of solving challenges constantly raisūng escalations.",POSITIVE,APPROVE,POSITIVE,0,0
E10384,Danske Bank,10000+ Employees,https://www.danskebank.com/careers,,83823398,2024-01-29T04:04:55,Snr. Manager,True,9,REGULAR,"Belfast, Northern Ireland",5,4,5,5,5,4,3,Great place to work,,"People
Development
Focus on continuous improvement for staff",I love working there. No issues.,,,,1,0
E10384,Danske Bank,10000+ Employees,https://www.danskebank.com/careers,,85838982,2024-03-30T02:13:40.690,IT Security Engineer,False,2,REGULAR,Vilnius,5,5,5,5,4,5,4,Benefits,,Good benefits overall. They care for their employees,None that I can think of for now:,POSITIVE,APPROVE,POSITIVE,0,0
E10384,Danske Bank,10000+ Employees,https://www.danskebank.com/careers,,25230513,2019-03-18T22:22:19.283,Business Analyst,True,0,,Vilnius,4,3,4,0,3,3,3,"Fast changing, agile and challenging","Cherish people who get things done, not those who only brags about things they never accomplished themselves",Benefits and opportunities for development,Lower salary than the market average,POSITIVE,APPROVE,NEUTRAL,1,0
E10384,Danske Bank,10000+ Employees,https://www.danskebank.com/careers,,49558702,2021-07-09T15:56:22.577,Analyst,False,2,REGULAR,"Belfast, Northern Ireland",4,4,4,4,4,3,3,Good workplace,,Good opportunities for reliable staff,"None, great place to work",POSITIVE,APPROVE,POSITIVE,0,0
E10384,Danske Bank,10000+ Employees,https://www.danskebank.com/careers,,7844316,2015-09-04T12:11:57.870,Senior Software Engineer,True,4,REGULAR,"Copenhagen, Capital Region",5,5,5,0,4,5,5,Fantastic Workplace,Keep up the fantastic work!,"Great people, high talent level, banking is both fun and profitable! 

I love my bosses, proper corporate appreciation. They do regular dinners and social events. 

Good benefits. Nice retirement, vacation time, flexible work hours, work from home, life insurance. Banking benefits, discount rate on loans, higher interest on accounts, no fees on employee account etc. 

The majority of departments have high talent people and its really great to learn from and work with them. Company has innovated a lot of impressive things in software and has a focus on IT.

Significant pay-raises since I started. 

Lots of training can go for certifications. 

Career potential is high.

Feels like everyone has been around 15+ years
Can see myself here for 15+ years","Can actually see myself here for 15+ years

Corporate strategy is global workforce so many people are afraid they will move jobs from Denmark to Lithuania and India.

Some co-workers complain about salary and salary growth.

Some areas have a lack of modernization/budget and I think those jobs are intellectually boring. Many of the new people in those groups rotate to a more modern department or leave and they are overbalanced with old timers which doesn't help modernization.    

Change across a big organization is hard and typical large corporate bureaucracy gets in the way sometimes. Things take 2-5 years where small companies with small code bases could do the same thing in under 1 year.",POSITIVE,APPROVE,POSITIVE,4,0
E10384,Danske Bank,10000+ Employees,https://www.danskebank.com/careers,,72326438,2023-01-04T15:57:55.283,Junior Software Engineer,True,1,REGULAR,Vilnius,4,5,4,5,5,3,4,Review headline,,The best work / life balance that I have ever seen. Really good salary from the start,Not a lot options to get an access to learning platforms,POSITIVE,NO_OPINION,NEUTRAL,0,0
E10384,Danske Bank,10000+ Employees,https://www.danskebank.com/careers,,67252682,2022-07-28T01:55:40.970,Account Manager,False,9,REGULAR,"Dublin, Dublin",4,4,4,4,4,4,4,great place,,Professional Great Experience Lots of Diverse roles,"Work life balance can be difficult
Target Driven",POSITIVE,APPROVE,POSITIVE,0,0
E10384,Danske Bank,10000+ Employees,https://www.danskebank.com/careers,,92703858,2024-11-10T01:37:31.207,Sustainability Consultant,True,0,REGULAR,,3,4,3,1,3,3,4,"Great company culture, challenging leadership",,Good culture and work life balance,"Leadership programs and skill development, support has room for improvement",POSITIVE,APPROVE,POSITIVE,0,0
E10384,Danske Bank,10000+ Employees,https://www.danskebank.com/careers,,49356549,2021-07-05T23:49:16.877,Team Leader,True,0,REGULAR,Vilnius,2,3,3,5,2,1,3,Tl,,"Nice location, colleagues etc. Communication for employees is also exceptional","Low salaries , no bonuses, the worklowc ia crazy",NEGATIVE,APPROVE,NEUTRAL,0,0
E10384,Danske Bank,10000+ Employees,https://www.danskebank.com/careers,,76881579,2023-05-29T13:25:02.103,Consultant,True,0,REGULAR,"Copenhagen, Capital Region",5,0,0,0,0,0,0,Very professional,,Very Professional company and good enviroment,Difficult to grow in the company,,,,0,0
E10384,Danske Bank,10000+ Employees,https://www.danskebank.com/careers,,66732123,2022-07-15T05:52:26.773,Business Analyst,True,2,REGULAR,Vilnius,4,5,5,5,5,3,3,Good career starter,,"Good opportunities to grow technical skills after college.
Opportunities to lead projects and initiatives.",Complex organization with multilayered systems and processes,POSITIVE,,,0,0
E10384,Danske Bank,10000+ Employees,https://www.danskebank.com/careers,,27883552,2019-07-09T09:09:07.037,Customer Advisor,True,0,REGULAR,,3,2,3,0,3,3,3,Good,,"Salary, people, opportunities, culture, customers",Not very flexible with holidays,,,,0,0
E10384,Danske Bank,10000+ Employees,https://www.danskebank.com/careers,,72755779,2023-01-18T13:11:30.370,Risk Specialist,True,1,REGULAR,Vilnius,3,5,4,5,3,3,4,It is ok,,Good office with a lot of facilities.,Huge company with a lot of bureaucracy,POSITIVE,NO_OPINION,POSITIVE,0,0
E10384,Danske Bank,10000+ Employees,https://www.danskebank.com/careers,,35492314,2020-09-01T01:57:55.433,Student Assistant,False,4,PART_TIME,"Copenhagen, Capital Region",4,0,0,0,0,0,0,Student Assitant,,"Salary, the people, coworkers and resume.","standardized, boring, to relaxed no pace",,,,0,0
E10384,Danske Bank,10000+ Employees,https://www.danskebank.com/careers,,31460270,2020-01-23T10:36:33.700,Senior Analyst,False,4,REGULAR,"Copenhagen, Capital Region",2,3,2,0,3,1,2,Senior Analyst in Quantitative Risk Analytocs,,"- state of the art C++ derivatives pricing and risk management library
- relatively flat hierarchical structure in Derivatives IT / Quantitative Risk Analytics / Quantitative Reseach / New Technologies","- hard to say; experience depends very much on the position you're hired for
-",NEGATIVE,NO_OPINION,NEUTRAL,0,0
E10384,Danske Bank,10000+ Employees,https://www.danskebank.com/careers,,91078066,2024-09-17T02:09:39.990,,False,2,REGULAR,"Copenhagen, Capital Region",4,5,4,5,4,3,2,Good Start,,"Hit and miss depending on the team, financial services benefits, chill working culture","It's very slow, management isnt the sharpest",POSITIVE,NO_OPINION,NEUTRAL,0,0
E10384,Danske Bank,10000+ Employees,https://www.danskebank.com/careers,,66556398,2022-07-11T13:16:21.683,Compliance Officer,True,0,REGULAR,,5,5,5,5,5,5,5,Good,,"Good environment , people, salary , place",Cant identify any cons. All good,POSITIVE,APPROVE,POSITIVE,0,0
E10384,Danske Bank,10000+ Employees,https://www.danskebank.com/careers,,65757866,2022-06-20T06:15:41.570,Platform Engineer,True,6,REGULAR,,4,4,4,5,5,4,5,Danske IT,,"Good career opportunities, vempepetive salary and loads of benedits",Quite a lot if internal resistance stopping from delivering projects. Org. Changes are too frequent,POSITIVE,APPROVE,POSITIVE,0,0
E10384,Danske Bank,10000+ Employees,https://www.danskebank.com/careers,,88080249,2024-06-09T07:08:25.990,Analyst,True,1,REGULAR,"Denmark, WI",3,5,2,1,4,4,2,good,,work life balance is good,risk of getting fired all the time,POSITIVE,APPROVE,POSITIVE,2,0
E10384,Danske Bank,10000+ Employees,https://www.danskebank.com/careers,,84320702,2024-02-12T23:36:53.390,Business/Functional Analyst,True,4,REGULAR,"Copenhagen, Capital Region",3,3,2,1,4,4,1,Good times and bad,Clear plan and vision is needed. Clear roles and responsibilities. Dont throw what you are responsible for on others,"Flexible
Down times
Good team (sometimes)","Poor middle management 
Low salary compared to what value we bring
Colleagues can be backstabbers avoid making friends",POSITIVE,APPROVE,NEGATIVE,0,0
E10384,Danske Bank,10000+ Employees,https://www.danskebank.com/careers,,77498737,2023-06-19T01:27:22.143,Credit Analyst,True,0,PART_TIME,,5,5,3,5,3,4,5,Very good,,Good benefits for the employees,Not a lot of cons,,,,0,0
E10384,Danske Bank,10000+ Employees,https://www.danskebank.com/careers,,75729126,2023-04-22T01:33:17.693,AML Analyst,False,0,REGULAR,"Stockholm, Stockholm",4,0,0,0,0,0,0,Analyst,,Good colleges and great coffe,Large bank with a bad media rep,,,,0,0
E10384,Danske Bank,10000+ Employees,https://www.danskebank.com/careers,,18209250,2017-12-05T12:15:05.270,Senior Software Engineer,True,4,REGULAR,"Copenhagen, Capital Region",4,5,5,0,5,3,4,Nice Environment and good work/life balance,,"Very nice environment with a pretty good work/life balance.
Good career opportunities, it feels like if you want it you can get it.
The people working here reflect (most of the times) good core values that (I guess) the companies values, like integrity and responsibility (stubbornness too? ;-))
Work related certifications are encouraged and part of the normal employee development path.","Might be a bit slow to embrace change at times, but that mostly depends on the department/area you are in.
Lots of legacy and in the older IT banking areas development is still very slow.
Best practices are not always adopted nor it is easy to introduce them.",POSITIVE,APPROVE,POSITIVE,0,0
E10384,Danske Bank,10000+ Employees,https://www.danskebank.com/careers,,47271150,2021-05-21T07:35:27.677,,False,0,REGULAR,,5,5,5,5,5,5,5,Good Experience in Danske,,"Good Work Environment
Great people
Better Career Prospects","Overtime
Need to relocate
No other cons",,,,0,0
E10384,Danske Bank,10000+ Employees,https://www.danskebank.com/careers,,21182479,2018-06-24T01:46:47.050,Operations Officer,True,2,REGULAR,Vilnius,3,3,4,0,2,3,2,If you like monotonous and routine work - please join!,Please choose more professional senior specialists and team leaders.,"Health insurance, benefits, friendly team mates,  various events for employees, trainings, nice, new and comfortable offices","Low salary, high pressure, boring and routine work, high volume of tasks, difficult career opportunities and promotion possibilities, no bonuses or any kind of motivation system for employees",POSITIVE,APPROVE,POSITIVE,4,0
E10384,Danske Bank,10000+ Employees,https://www.danskebank.com/careers,,75225977,2023-04-05T11:45:29.410,Compliance Officer,True,0,REGULAR,,5,5,4,4,5,4,4,Great place to work,,Flexible work environment and good opportunities to learn and grow.,Hard to get a raise…,POSITIVE,,POSITIVE,0,0
E10384,Danske Bank,10000+ Employees,https://www.danskebank.com/careers,,16471705,2017-08-22T09:47:43.060,,True,4,REGULAR,,3,2,0,0,4,4,0,Project manager,,Good salary with decent vacation,Limited free time and management changes direction too often,,,,1,0
E10384,Danske Bank,10000+ Employees,https://www.danskebank.com/careers,,72319005,2023-01-04T11:38:57.860,Anti-Money Laundering Analyst,False,1,REGULAR,Vilnius,3,3,4,5,4,2,1,in lithuania you are a workforce,look to us like a humans,"food and flexability , working from home",you are just a cheap workforce,NEGATIVE,DISAPPROVE,NEUTRAL,0,0
E10384,Danske Bank,10000+ Employees,https://www.danskebank.com/careers,,78491322,2023-07-22T19:38:52.063,Senior Cloud Engineer,True,6,REGULAR,Vilnius,4,5,2,5,4,4,2,Nice place to work,"Remember that those are human beings that working in DanskeBank, just like you, so consider treating them as you would like to be treated yourself. It is disappointing what you did to India.","Nice benefits, such as: canteen and gym which also has some trainers working there. Great colleagues, though it depends on the team you will get into. Fair salary, with on-call duty it offers more then the bigger part of companies would offer in Vilnius.","Executive leadership treats people as just resources. Corporate restructuring happens rather often. It is overall a corporation, so lots of legacy code.",POSITIVE,NO_OPINION,NEUTRAL,0,0
E10384,Danske Bank,10000+ Employees,https://www.danskebank.com/careers,,50343219,2021-07-27T11:42:20.637,,True,0,REGULAR,,3,4,1,1,4,4,2,"Messy organisation, good salary",,Salary is on par with banking standards and better than most other companies in Denmark. Good benefits in Denmark.,"Super messy organisation, bad culture that does not appreciate efficiency, slow to catch up on industry trends. Sexism, elitism, entitlement of some Danish employees to treat foreigners as inferior.",,,,0,0
E10384,Danske Bank,10000+ Employees,https://www.danskebank.com/careers,,53189306,2021-09-28T00:40:56.077,Consultant,True,2,REGULAR,Oslo,4,4,5,4,4,5,4,Good environment,,"Flexible, learning culture, friendly, challenging",A lot of levels and often transformation progs with big names,POSITIVE,DISAPPROVE,,0,0
E10384,Danske Bank,10000+ Employees,https://www.danskebank.com/careers,,91172384,2024-09-19T13:01:34.747,Senior BI Analyst,True,1,REGULAR,"Copenhagen, Capital Region",5,5,5,4,5,5,4,Great place to work,,"Work-life balance, good pay, competent colleagues, oppportunities to grow.","Not necessarily a con, but it is 90-95% danish speaking employees, so it's harder for non speakers to participate in social events with their team-mates.",POSITIVE,APPROVE,POSITIVE,0,0
E10384,Danske Bank,10000+ Employees,https://www.danskebank.com/careers,,79379759,2023-08-22T13:12:46.263,Associate AML Officer,True,2,REGULAR,"Warsaw, Masovia",4,5,4,4,1,3,3,It's okay,,"- Good job/life balance - Excellent team of leaders - Workload is not very heavy - Extra opportunities to learn new things (without additional compensation, of course) - Company pays for AML courses and certifications","- No career opportunities in Poland - Limited autonomy for teams, imposed ways of work despite delivery of good results - Office is too small for current amount of employees - Pointlessly forced return to the office after COVID(currently 2 days from office, 3 days from home) - Career opportunities only for management",POSITIVE,NO_OPINION,POSITIVE,0,0
E10384,Danske Bank,10000+ Employees,https://www.danskebank.com/careers,,77678024,2023-06-24T08:37:07.063,AML Analyst,True,1,REGULAR,Taastrup,3,3,2,4,2,3,3,Terrible management,,"Great insurances, good additional benefits.",Terrible management. Difficult to get promoted,NEGATIVE,NO_OPINION,NEGATIVE,1,0
E10384,Danske Bank,10000+ Employees,https://www.danskebank.com/careers,,88236430,2024-06-13T14:06:29.833,UX Designer,True,6,REGULAR,"Copenhagen, Capital Region",3,5,3,2,3,4,2,Terrible agile framework,"Loose the tribes. Much better work set up and customer centricity before BWOW. There are no cohesive customer journeys since everything is divided into silo tribes, who most often only cares about fast deliveries, work against each other and not actually solving customer needs.","work life balance
freedom
salary 
good colleagues","Tribe set up is terrible and creates silos, bad collaboration, makes it impossible to be agile and customer centric",NEGATIVE,,,0,0
E10384,Danske Bank,10000+ Employees,https://www.danskebank.com/careers,,83804009,2024-01-28T09:17:02.650,,True,4,REGULAR,Vilnius,2,5,3,5,4,1,1,Review,,"Good work-life balance, there are really good people to work with.","Really toxic managers who always put themselves first rather than the team. 
I have worked for 4 years at various departments and I can tell people get promoted who are flexible in terms of saying what other people (managers) want to hear.",NEGATIVE,DISAPPROVE,,2,0
E10384,Danske Bank,10000+ Employees,https://www.danskebank.com/careers,,54236878,2021-10-20T04:12:03.687,Analyst,False,4,REGULAR,"Stockholm, Stockholm",1,3,3,1,1,1,1,Manager with wrong background,,People are very nice. Flexible working time.,The manager has wrong background for their position. Very less understanding about the work and task.,,,,0,0
E10384,Danske Bank,10000+ Employees,https://www.danskebank.com/careers,,31852410,2020-02-13T10:39:23.320,IT Security Engineer,False,2,REGULAR,Tallinn,4,5,4,0,3,4,4,More or less ok,,Good place to work. Nice colleagues.,"Processes are slow, a lot of burocracy but that's common for almost every financial sector company.",POSITIVE,APPROVE,POSITIVE,0,0
E10384,Danske Bank,10000+ Employees,https://www.danskebank.com/careers,,83295355,2024-01-12T02:42:10.603,AML Transaction Monitoring Analyst,False,2,REGULAR,Vilnius,3,4,4,4,3,4,3,Transaction monitoring - AML,Management should be more flexible,"Benefits, nice office, ability to work from home","Low pay, sometimes tasks are too technical",POSITIVE,NO_OPINION,NEUTRAL,0,0
E10384,Danske Bank,10000+ Employees,https://www.danskebank.com/careers,,63240093,2022-04-25T10:19:46.340,,True,0,REGULAR,,5,0,0,0,0,0,0,Danske bank good,,Provides work life balance for employees,Only work opportunities in scandinavia,,,,0,0
E10384,Danske Bank,10000+ Employees,https://www.danskebank.com/careers,,42616905,2021-02-17T02:14:57.250,KYC Analyst,True,1,REGULAR,"Derry, Northern Ireland",3,4,4,5,2,5,4,Great job not great pay,Better wages,Brilliant work place and exciting job role!,Wages could be better as it is minimum wage,POSITIVE,APPROVE,POSITIVE,0,0
E10384,Danske Bank,10000+ Employees,https://www.danskebank.com/careers,,41762774,2021-02-01T11:23:49.517,Financial Advisor,True,2,PART_TIME,"Denmark, SC",3,5,5,5,3,5,3,Satisfied,,Nice place to work in my. opinion,Not developing my skills enough,POSITIVE,NO_OPINION,POSITIVE,0,0
E10384,Danske Bank,10000+ Employees,https://www.danskebank.com/careers,,44156841,2021-03-17T13:02:26.343,Investment Banker,False,4,REGULAR,"Copenhagen, Capital Region",4,4,4,4,4,4,4,Uniq place to work,Keep up the good work,"Social area, prof. working attitude",I will think about it,POSITIVE,,POSITIVE,0,0
E10384,Danske Bank,10000+ Employees,https://www.danskebank.com/careers,,79616104,2023-08-30T06:18:14.210,Senior QA Specialist,True,0,REGULAR,,3,5,5,5,3,4,4,"Nice place to work, but salary could be higher",,"A lot of activities, courses, events. Nice office, parking lot, tasty kitchen.","Many people ""do less as you can"". Salary is funny by migrating internally. Hard to seek for higher position. It is worth to go out and return seeking to have higher salary.",POSITIVE,APPROVE,POSITIVE,0,0
E10384,Danske Bank,10000+ Employees,https://www.danskebank.com/careers,,61523355,2022-03-21T13:31:06.877,,True,2,REGULAR,,4,3,3,3,3,3,3,good work life balance,,good work life balance can be experienced.,too much politics within vertical level,,,,0,0
E10384,Danske Bank,10000+ Employees,https://www.danskebank.com/careers,,84323101,2024-02-13T01:39:06.880,Senior Data Analyst,True,0,REGULAR,,4,0,0,0,0,0,0,"worklife balance, low salary",,"chance to try different things, work life balance",not very high salary comparing to peers,,,,0,0
E10384,Danske Bank,10000+ Employees,https://www.danskebank.com/careers,,32616178,2020-04-06T02:09:59.237,Customer Advisor,True,0,,"Copenhagen, Capital Region",5,5,5,0,5,5,5,Advisor,Upgrading a New level of data system,"Social society, good salary, good work place, helpful colleagues","A kot paperwork, many costumers, delayed documents, slow data systems",POSITIVE,APPROVE,POSITIVE,0,0
E10384,Danske Bank,10000+ Employees,https://www.danskebank.com/careers,,66291714,2022-07-04T22:34:08.047,Software Engineer,True,0,REGULAR,,5,5,5,5,5,4,4,Modern software development practices,,"Great work life balance
Interesting work",Too much focus on cost cutting,POSITIVE,NO_OPINION,NEGATIVE,0,0
E10384,Danske Bank,10000+ Employees,https://www.danskebank.com/careers,,8490583,2015-10-30T17:58:30.350,,False,0,,,4,4,4,0,4,3,4,DB,,Good atmosphere at the work,Competitive atmoshpere might not be for everyone,POSITIVE,,NEUTRAL,0,0
E10384,Danske Bank,10000+ Employees,https://www.danskebank.com/careers,,59981427,2022-02-19T23:58:50.683,,True,6,REGULAR,,1,1,1,1,2,1,1,bad,,"internal manipulations, mobbing, has big cultural problems, bribes, non fair company politics.","stable salary,
medical insurance, and there is no more benefits. only lies",NEGATIVE,DISAPPROVE,NEGATIVE,1,0
E10384,Danske Bank,10000+ Employees,https://www.danskebank.com/careers,,30478679,2019-11-20T05:42:34.490,Analyst,False,0,REGULAR,,1,0,0,0,0,0,0,company with bad reputation,,"big company, god brand in the past",bad reputation in very long time,,,,0,0
E10384,Danske Bank,10000+ Employees,https://www.danskebank.com/careers,,17718859,2017-11-03T17:11:22.897,,False,2,,Aarhus,5,5,5,0,5,5,5,Best of the best,Keep it up,I worked for Danske Bank on two occasions and I consider one of the best places I ever worked. A great working environment with great people. The best work ethics I came across in my career.,No cons   Sadly the contract ended,POSITIVE,APPROVE,POSITIVE,0,0
E10384,Danske Bank,10000+ Employees,https://www.danskebank.com/careers,,50092946,2021-07-21T13:51:50.940,Customer Service Advisor,False,0,PART_TIME,Tampere,4,0,0,0,0,0,0,Good community,,Great team and career possibilities,Some challenges with big companies like communication between different units,,,,0,0
E10384,Danske Bank,10000+ Employees,https://www.danskebank.com/careers,,42180193,2021-02-09T02:08:46.917,Business Analyst,True,0,REGULAR,"Copenhagen, Capital Region",5,0,0,0,0,0,0,good,,good workplace and people .,working from home is boring.,,,,0,0
E10384,Danske Bank,10000+ Employees,https://www.danskebank.com/careers,,70230823,2022-10-17T13:28:47.480,,False,0,REGULAR,,5,0,0,0,0,0,0,Solid Place to Work,,The parties are quite good,The salary is not top tier,,,,0,0
E10384,Danske Bank,10000+ Employees,https://www.danskebank.com/careers,,21732570,2018-07-30T22:30:17.987,Software Engineer,True,4,REGULAR,Vilnius,4,4,4,0,4,4,4,"All in all its very good. Great environment to work and learn, possibility to grow and fun colleagues.",Enable employees choose technologies more freely and trust them.,"Great work discipline, quality driven, ability to learn, all resources available, canteen, game room, gym.","A little bit too strict, but depends on where you work. Communication with overseas colleagues is sometimes difficult. Big bank apparatus you have to work with.",POSITIVE,NO_OPINION,POSITIVE,0,0
E10384,Danske Bank,10000+ Employees,https://www.danskebank.com/careers,,23780015,2018-12-10T12:23:30.897,,False,0,REGULAR,Vilnius,2,4,4,0,2,1,1,Operations officer,,"Good working conditions. Work place, parking, more or less flexible hours. They pay always on time :)",Salary is low and raises are laughable.,NEGATIVE,APPROVE,NEUTRAL,0,0
E10384,Danske Bank,10000+ Employees,https://www.danskebank.com/careers,,77288255,2023-06-12T06:38:18.057,Personal Banker,True,9,REGULAR,"Belfast, Northern Ireland",5,5,5,5,5,5,5,Great place to work,,A fantastic employer with many opportunities for progression. The benefits of being a colleague within Danske Bank are second to none. The culture here can’t be put into words - you need to experience this for yourself. Would highly recommend.,NA - no negative feedback to provide.,POSITIVE,APPROVE,POSITIVE,0,0
E10384,Danske Bank,10000+ Employees,https://www.danskebank.com/careers,,71033775,2022-11-13T08:51:32.053,Senior HR Manager,False,6,REGULAR,,3,5,5,5,5,5,5,Good,,My experience was over-all good,Nothing in the cons part,POSITIVE,,POSITIVE,0,0
E10384,Danske Bank,10000+ Employees,https://www.danskebank.com/careers,,78836700,2023-08-03T13:33:44.290,Senior Analyst,False,6,REGULAR,"Copenhagen, Capital Region",2,3,1,2,3,1,1,Senior analyst pay,,Good colleauges Good location Good work life balance,Bad leadership Inconsistent strategies If your manager does not believe in you then no matter how good you are you have no real future in your department,NEGATIVE,APPROVE,POSITIVE,0,0
E10384,Danske Bank,10000+ Employees,https://www.danskebank.com/careers,,25371094,2019-03-27T07:38:22.593,Senior Operations Officer,True,2,REGULAR,Vilnius,4,4,4,0,4,3,4,Perfect place for career development,,"Supportive superiors
Many opportunities within the company
Close international collaborations with colleagues",Salary could always be better,POSITIVE,NO_OPINION,POSITIVE,0,0
E10384,Danske Bank,10000+ Employees,https://www.danskebank.com/careers,,38553634,2020-11-20T01:52:57.597,Software Developer,False,2,REGULAR,Vilnius,2,1,1,5,1,2,3,Complete lottery on which department you pick,,"Good health insurance, good training initiatives","Incompetent colleagues, career prospects really depends on your likeability and not results you achieve, IT as a whole is seen as a financial burden instead of an asset, raises are generally rare so you better get a good offer right from the start",NEGATIVE,NO_OPINION,NEGATIVE,0,0
E10384,Danske Bank,10000+ Employees,https://www.danskebank.com/careers,,93655445,2024-12-13T14:07:27.473,Analyst,False,2,REGULAR,"Stockholm, Stockholm",4,5,5,3,4,3,4,Great first job,,Great and very pleasant workplace. Good colleagues.,Cost focus (more evident in certain departments),POSITIVE,NO_OPINION,POSITIVE,0,0
E10384,Danske Bank,10000+ Employees,https://www.danskebank.com/careers,,31670092,2020-02-04T05:01:35.383,Senior IT Platform Engineer,True,4,REGULAR,Bengaluru,1,3,1,0,3,3,1,Company doesn't  even have ethics,"don't under evaluate the performance of the employees, if you business is not performing good",Technologies and infrastructure they use are good,probably only company that decides employees yearly rating based on the hike they give for that performance year.,NEGATIVE,DISAPPROVE,NEGATIVE,2,0
E10384,Danske Bank,10000+ Employees,https://www.danskebank.com/careers,,70991941,2022-11-11T06:05:37.317,Regulatory Consultant,True,0,REGULAR,"Copenhagen, Capital Region",5,0,0,0,0,0,0,Great,,"Good salary, good managers, good possibilities to develop","Bad food, too much hierarchy",,,,0,0
E10384,Danske Bank,10000+ Employees,https://www.danskebank.com/careers,,90783801,2024-09-06T12:45:36.233,Senior Project Manager,False,4,REGULAR,"Copenhagen, Capital Region",3,0,0,0,0,0,0,Okay,,Big company with options - many teama,Beaurcracy - rigid guidelines connected to HR and salary,,APPROVE,,0,0
E10384,Danske Bank,10000+ Employees,https://www.danskebank.com/careers,,77292135,2023-06-12T08:27:10.513,Customer Service,True,2,REGULAR,"Belfast, Northern Ireland",5,4,4,4,4,4,4,Great place to work,,Great employer to work for,Need a few more uniform options,POSITIVE,,,0,0
E10384,Danske Bank,10000+ Employees,https://www.danskebank.com/careers,,62483701,2022-04-08T06:20:15.677,,True,2,REGULAR,,1,1,2,5,4,2,3,High stress and chaotic,"Hire enough employees for the vision you have for your department, and think before making a decision instead of just trying to impress upper management.","Team members and other collaborators, a very positive and open environment. 
Opportunity to get licenced
Opportunity to advance","Note that it's a big company, and the situation depends on which team you belong to. 

Very stressful working environment, projects given without time or support, tight delivery deadlines that result in (often un-compensated) overtime and poor work life balance, chaotic structure due to poor management",NEGATIVE,NO_OPINION,NEUTRAL,1,0
E10384,Danske Bank,10000+ Employees,https://www.danskebank.com/careers,,75747333,2023-04-23T03:16:39.367,Senior Business Analyst,False,0,REGULAR,,4,0,0,0,0,0,0,Overall good,,Work life balance and good development opportunities,Struggles with implementation of agile environment,,,,0,0
E10384,Danske Bank,10000+ Employees,https://www.danskebank.com/careers,,33872040,2020-06-24T03:24:21.243,Software Engineer,False,1,REGULAR,Vilnius,4,5,5,0,3,4,5,"Awesome job, but not very good salary",,"Growth opportunities, friendly colleagues, travels abroad (conferences), awesome food at canteen for 3 euros/day.","Need to agree on salary that is good for you during hiring process, since if you expect to get more later, you will have to be patient, because salary rises very slowly.",POSITIVE,APPROVE,POSITIVE,3,0
E10384,Danske Bank,10000+ Employees,https://www.danskebank.com/careers,,91774111,2024-10-09T10:28:33.633,Product Owner,True,0,REGULAR,Aarhus,5,0,0,0,0,0,0,...,,"Work life balance, development, leadership","Beaureacracy, not much more than that",,,,0,0
E10384,Danske Bank,10000+ Employees,https://www.danskebank.com/careers,,93783434,2024-12-19T05:47:14.237,Chief BI Analyst,True,20,REGULAR,"Copenhagen, Capital Region",4,4,4,4,4,4,3,Working in Danske Bank,,"Great benefits, health and dental insurance","Mandatory office days, not possible to work fully remote",POSITIVE,APPROVE,POSITIVE,0,0
E10384,Danske Bank,10000+ Employees,https://www.danskebank.com/careers,,60671986,2022-03-05T01:26:52.763,Software Engineer,True,0,REGULAR,,3,0,0,0,0,0,0,Ok,,"- Good benefits
- Job security
- Work-life balance
- Nice colleagues","- Slow pace
- Tedious and mundane tasks depending on your squad
- Strategic direction changing often
- Legacy systems",NEGATIVE,APPROVE,POSITIVE,0,0
E10384,Danske Bank,10000+ Employees,https://www.danskebank.com/careers,,62909964,2022-04-18T06:33:07.767,Business Analyst,True,9,REGULAR,Vilnius,4,3,4,5,4,5,4,A good place to work if you put in the effort,,"Good benefits, great office, good job security.","Salary is decent, but not amazing. Sometimes can be a hard environment to work in due to it being a huge, inflexible organization.",POSITIVE,NO_OPINION,NEUTRAL,0,0
E10384,Danske Bank,10000+ Employees,https://www.danskebank.com/careers,,82165503,2023-11-28T22:20:36.207,Business Manager,True,0,REGULAR,,4,5,5,5,5,4,4,"Great growth possibilities, lots of org. changes",,"Danske shows trust and gives wide responsibilities to young and talented people, especially in consultant profile roles. Often international roles, but not really needs for travels.",Often organizational changes. Bonus scheme not supportive.,POSITIVE,APPROVE,POSITIVE,0,0
E10384,Danske Bank,10000+ Employees,https://www.danskebank.com/careers,,72772278,2023-01-19T00:35:25.033,AML Analyst,True,0,REGULAR,,4,5,5,5,4,4,5,Nice place,,Really take care of employees. A lot of benefits,A lot depends on team lead. Sometimes tends to micromanage,POSITIVE,APPROVE,POSITIVE,0,0
E10384,Danske Bank,10000+ Employees,https://www.danskebank.com/careers,,85051811,2024-03-06T05:08:04.663,,False,2,PART_TIME,"Ejby, Capital Region",4,0,0,0,0,0,0,It Student,,"Great benefits, such as dental insurance",Hard to access Office without a car,,,,0,0
E10384,Danske Bank,10000+ Employees,https://www.danskebank.com/careers,,75567030,2023-04-17T09:26:54.677,,False,0,REGULAR,,4,0,0,0,0,0,0,A decent place to work in,,Helpful and professional colleagues Good benefits Strong culture and values Modern office,"Salary (you can get a decent one when you join, but the raises are low compared to how market moves)",,,,0,0
E10384,Danske Bank,10000+ Employees,https://www.danskebank.com/careers,,85555862,2024-03-21T01:45:40.247,Controller,False,2,REGULAR,"Helsinki, Southern Finland",4,5,3,2,2,3,2,Heading in the right direction,"Focus on hiring new fresh people perhaps early in their career, keep the focus on hiring more culturally diverse people as well as using English as an office language. The above will increase efficiency which is definitely lacking.","- Facilities are nice especially the gym in Pasila.
- Effort is being made to diversify the work force.
- Very kind people.","- Currently still a very mono-cultural environment.
- Not many young people.
- Feels more like Sampo Bank as the culture is very different to the Danish and Lithuanian offices.",,NO_OPINION,POSITIVE,0,0
E10384,Danske Bank,10000+ Employees,https://www.danskebank.com/careers,,86754749,2024-04-28T05:05:41.977,Assistant Analyst,True,2,PART_TIME,"Copenhagen, Capital Region",5,5,4,5,5,5,5,Danske,,"Good pay 
Nice office
Talented colleagues","Too much cost saving, affecting employees negatively",POSITIVE,APPROVE,POSITIVE,0,0
E10384,Danske Bank,10000+ Employees,https://www.danskebank.com/careers,,66260918,2022-07-04T03:59:25.940,,True,0,REGULAR,,5,5,5,5,5,5,5,Great organisation to work for,,Great organization to work for. Very co-orperative and respectable colleagues.,Less travel to on-site (Denmark) location.,POSITIVE,APPROVE,POSITIVE,0,0
E10384,Danske Bank,10000+ Employees,https://www.danskebank.com/careers,,49003008,2021-06-28T07:27:36.707,Senior Legal Counsel,True,0,REGULAR,Vilnius,5,2,5,5,5,5,2,Danske Bank,,"Competitive salaries, flexible work, benefits, possibilities to learn and grow","Huge working load, constant changes",POSITIVE,NO_OPINION,NEUTRAL,0,0
E10384,Danske Bank,10000+ Employees,https://www.danskebank.com/careers,,59660601,2022-02-14T16:17:10.950,Senior Software Engineer,True,0,REGULAR,"Copenhagen, Capital Region",3,3,4,4,3,4,4,Above average,,"Job security, equality, good work culture","old tech stack, slow pace",,,,0,0
E10384,Danske Bank,10000+ Employees,https://www.danskebank.com/careers,,91293235,2024-09-24T04:10:42.113,Event Manager,False,4,REGULAR,"Copenhagen, Capital Region",4,4,3,3,4,5,2,Largest bank in Denmark,,"Good salaries, pension scheme and paid overtime.","There are a lot of layoff rounds, change in management and strategies. Motivation can be hard to keep up when a new direction is set every 4-6 months.",POSITIVE,APPROVE,POSITIVE,0,0
E10384,Danske Bank,10000+ Employees,https://www.danskebank.com/careers,,17180486,2017-10-05T01:49:41.767,Bank Manager,False,1,REGULAR,"Belfast, Northern Ireland",3,5,3,0,3,3,2,Bank Manager,,Security of role and there is some support for training,"Limited internal progression, bank prefers to buy in roles from other banks/corporations",,NO_OPINION,NEGATIVE,0,0
E10384,Danske Bank,10000+ Employees,https://www.danskebank.com/careers,,45965656,2021-04-23T12:40:17.977,,True,6,REGULAR,,5,5,5,5,5,5,4,All good,,"Good salary, good career opportunities",Management looking for cost reduction at all possible ways,POSITIVE,APPROVE,POSITIVE,0,0
E10384,Danske Bank,10000+ Employees,https://www.danskebank.com/careers,,25806125,2019-04-23T11:09:27.053,,True,4,REGULAR,,3,3,3,0,3,3,1,just a bank - nothing more nothing less,Public cloud - check it out at some point.,Work life balance is all right,Completely idiotic IT strategy of running everything in house including data centers,NEGATIVE,NO_OPINION,NEGATIVE,0,0
E10384,Danske Bank,10000+ Employees,https://www.danskebank.com/careers,,56564987,2021-12-12T04:47:19.910,Senior Consultant,False,4,REGULAR,Vilnius,5,5,5,5,5,5,4,Good employer,,"Life work balance, benefit package, smart people","Slow decisions, lack of ownership of the matter, too many discussions, too little actions, complex org structure",POSITIVE,,,0,0
E10384,Danske Bank,10000+ Employees,https://www.danskebank.com/careers,,52475518,2021-09-13T11:29:17.110,,False,2,REGULAR,,2,4,2,3,2,5,3,"Good people, bad organisation",Company is way too centralised. Trust employees to make meaningful decisions by letting individual managers take more responsibility of their strategies. Look at Atlas Copco for inspiration on how to run a succesful decentralised organisation.,"High salary, good pension, working from home when I wanted, mostly very skilled colleagues","Horrible management, organisation is all over the place, very slow decision making due to the size, very political and not agile enough.",NEGATIVE,,NEGATIVE,0,0
E10384,Danske Bank,10000+ Employees,https://www.danskebank.com/careers,,71974467,2022-12-19T06:17:58.197,AML Analyst,True,0,REGULAR,,3,5,3,3,4,1,2,Data Analyst,,Good place to work with good work life balance,No Cons as so far as i have seen,,,,0,0
E10384,Danske Bank,10000+ Employees,https://www.danskebank.com/careers,,27276301,2019-06-13T03:16:32.467,,False,4,REGULAR,Bengaluru,4,5,4,0,4,5,4,It was a very good experience with Danske Bank.,,Work Life Balance and Good Management.,Lacking in technology growth and opportunities,POSITIVE,APPROVE,POSITIVE,2,0
E10384,Danske Bank,10000+ Employees,https://www.danskebank.com/careers,,10818653,2016-06-03T11:23:22.100,,False,0,,,3,0,0,0,2,0,0,Okay employer with good managers,"Decentralize and internationalize the organization, update computer systems. Look over HR employees, at least for the Swedish branch.","Middle level line managers are driven, dedicated and care about their employees. Good atmosphere among employees and okay corporate culture. Nice work environment, newly renovated office building and adjustable desks etc. Managers gives you additional responsibilities although you are only a student.",Outdated and inefficient computer systems that are for the most part in Danish although the bank claims to be a Nordic one. Heavily Danish-influenced management. HR is a disaster who openly says that they are not interested in recruiting graduates but seniors. Since this was a student job the work tasks felt a bit monotone and boring after a while.,,,,0,0
E10384,Danske Bank,10000+ Employees,https://www.danskebank.com/careers,,89400666,2024-07-23T04:29:47.693,,False,6,REGULAR,"London, England",4,5,5,2,2,4,3,Great place to work,,"Staff treatment is excellent, very caring.",diversity is not a strong point for this company,POSITIVE,APPROVE,POSITIVE,0,0
E10384,Danske Bank,10000+ Employees,https://www.danskebank.com/careers,,78799365,2023-08-02T13:01:58.063,Systems Administrator,True,2,REGULAR,"London, England",4,4,2,3,3,2,3,Goid,Pay more,The best u can be,It’s not he’ll but heaven,NEGATIVE,DISAPPROVE,NEGATIVE,0,0
E10384,Danske Bank,10000+ Employees,https://www.danskebank.com/careers,,38753601,2020-11-25T22:23:46.257,,True,0,REGULAR,,4,4,5,5,2,2,2,mosh pit,,A true worldwide company with great community driven values,Doesnt look after current employees (competitive wage) but prefers to hire new ones that might lag behind for a year and still leave,NEGATIVE,NO_OPINION,NEUTRAL,0,0
E10384,Danske Bank,10000+ Employees,https://www.danskebank.com/careers,,73259383,2023-02-02T12:39:24.937,Student Assistant,False,2,PART_TIME,"Copenhagen, Capital Region",4,5,4,4,4,3,4,Pros and cons,,Sweet managers and co-workers and a great office location,"Slow development, internal processes could be optimized",POSITIVE,NO_OPINION,POSITIVE,0,0
E10384,Danske Bank,10000+ Employees,https://www.danskebank.com/careers,,10484575,2016-05-03T23:59:26.943,Senior Project Manager of Cash Management,True,2,REGULAR,Vilnius,3,3,3,0,2,2,3,Senior Project Manager,,growing GSL is great oportunity for young people to start theyr carrier in corpo world.,"company in transition period, some chaose information within organisation",POSITIVE,,POSITIVE,2,0
E10384,Danske Bank,10000+ Employees,https://www.danskebank.com/careers,,56830249,2021-12-17T17:45:17.587,Senior Applications Analyst,True,4,REGULAR,,5,4,5,5,5,5,5,Nice place to work,,"Good Management
Decent salary hike 
Focus on skill development and lot of learnings and training",Nothing which I can recall,POSITIVE,APPROVE,POSITIVE,0,0
E10384,Danske Bank,10000+ Employees,https://www.danskebank.com/careers,,24810429,2019-02-21T06:17:32.597,IT Analyst,False,1,REGULAR,Vilnius,4,4,3,0,4,4,4,IT analyst,,Good work enviroment. Additional social insurance.,Lack of Career opportunity. Big tempo,,,,0,0
E10384,Danske Bank,10000+ Employees,https://www.danskebank.com/careers,,24581456,2019-02-07T04:05:27.473,,False,0,REGULAR,,4,5,3,0,2,3,3,Danske Bank,,"Scendinavian working culture, employee benefits, no overtime","Basic tasks, not very challenging",NEGATIVE,NO_OPINION,NEGATIVE,0,0
E10384,Danske Bank,10000+ Employees,https://www.danskebank.com/careers,,49140345,2021-06-30T12:59:25.907,Software Developer,True,6,REGULAR,"Copenhagen, Capital Region",4,5,4,2,4,3,3,"Good people, good environment, but low pay","Hire more experienced people , you need them.","Good work/life balance, after the restructuring a lot of opportunities for young professionals, great career start.","After the restructuring, most of experienced people left, some departments are left with 1-2 employees instead of 10!  Constant firefighting",NEGATIVE,NO_OPINION,NEUTRAL,1,0
E10384,Danske Bank,10000+ Employees,https://www.danskebank.com/careers,,22078091,2018-08-21T08:09:06.023,,True,0,REGULAR,,4,5,3,0,4,3,4,Analyst,,"Smart co-workers, pro-activity gets rewarded",Office politics play a big part,POSITIVE,NO_OPINION,NEUTRAL,0,0
E10384,Danske Bank,10000+ Employees,https://www.danskebank.com/careers,,93489685,2024-12-08T02:42:17.567,Software Engineer,True,1,REGULAR,Vilnius,4,4,4,4,4,5,4,moderately happy to be here,,very talented and experienced employees,"bureaucracy, long processes of getting some new idea approved",POSITIVE,NO_OPINION,NEUTRAL,0,0
E10384,Danske Bank,10000+ Employees,https://www.danskebank.com/careers,,93586624,2024-12-11T08:29:36.237,Student Assistant,True,0,PART_TIME,"Copenhagen, Capital Region",5,0,0,0,0,0,0,Nice people and good benifits,,Overall a nice workplace. I liked it there.,"Nothing stands out, but I also only worked there part time.",,,,0,0
E10384,Danske Bank,10000+ Employees,https://www.danskebank.com/careers,,72708485,2023-01-17T10:21:06.003,Business Manager,False,2,REGULAR,"Copenhagen, Capital Region",1,5,1,1,3,3,1,Work experience,,Good pay and work/life balance. People leave the office at 4pm latest.,Bad leadership with no clear strategic plan.,NEGATIVE,,,1,0
E10384,Danske Bank,10000+ Employees,https://www.danskebank.com/careers,,67425479,2022-08-02T02:34:53.780,Graduate Student,True,0,PART_TIME,,5,0,0,0,0,0,0,Great place,,"good salary, nice culture and good colleagues","no cons currently, great place",POSITIVE,NO_OPINION,NEUTRAL,0,0
E10384,Danske Bank,10000+ Employees,https://www.danskebank.com/careers,,57732114,2022-01-11T05:38:39.590,,True,0,PART_TIME,"Copenhagen, Capital Region",4,0,0,0,0,0,0,Good place,,"People, structure, great welcome and good salary",They have had big budget costs,,,,0,0
E10384,Danske Bank,10000+ Employees,https://www.danskebank.com/careers,,82296717,2023-12-04T03:35:32.440,Software Engineer / Student,False,1,PART_TIME,Vilnius,4,4,5,5,5,5,5,Decent workplace,,"The benefits are amazing, colleagues are great, offices are very nice as well.",I honestly did not see any disadvantages from their side,POSITIVE,APPROVE,POSITIVE,0,0
E10384,Danske Bank,10000+ Employees,https://www.danskebank.com/careers,,82028313,2023-11-22T15:08:00.670,Team Manager,True,9,REGULAR,"Belfast, Northern Ireland",5,4,5,5,5,3,5,Good Bank,,"Great People
Supportive employer
Customer focussed
Employee Benefits 
Support community",Pay could be better for staff,POSITIVE,APPROVE,POSITIVE,0,0
E10384,Danske Bank,10000+ Employees,https://www.danskebank.com/careers,,36034754,2020-09-16T12:19:26.680,Senior Data Scientist,True,0,REGULAR,"Copenhagen, Capital Region",4,0,0,0,0,0,0,Senior DS,,"interesting job, variety of tasks","employee rotation, distance, low salary",,,,0,0
E10384,Danske Bank,10000+ Employees,https://www.danskebank.com/careers,,42841369,2021-02-21T08:07:09.903,Business Analyst,True,2,PART_TIME,"Copenhagen, Capital Region",4,4,3,3,3,2,4,Working part time at Danske Bank,,Really good and positive work environment and great colleagues,It is a big corporation with a lot of processes and protocols which slows down development,POSITIVE,NO_OPINION,NEUTRAL,0,0
E10384,Danske Bank,10000+ Employees,https://www.danskebank.com/careers,,92887078,2024-11-15T11:19:22.173,Head of Business Risk Control Management,True,20,REGULAR,"Stockholm, Stockholm",5,5,5,5,4,3,4,Great place to work,,Work life balance and a positive open culture,Regional bank with a strong danish focus,POSITIVE,APPROVE,POSITIVE,0,0
E10384,Danske Bank,10000+ Employees,https://www.danskebank.com/careers,,70989231,2022-11-11T04:02:01.540,Compliance Officer,True,2,REGULAR,"London, England",4,2,3,4,3,5,4,"Wants to do great things, but limited resources","Keep pushing enhancements to culture, improve systems and staff retention","Great people, really starting to build their culture and people agenda, lots of technical knowledge and great to gain insight and experience in a bank dealing with complex products",Systems are not adequate but are slowly being improved. Manual intervention hampered by high attrition and subsequent training required to being new people up to speed. Feel they really want to do great things but resource / systems need to be brought up to scratch. Mixed expectations on work/life balance across the regions,POSITIVE,APPROVE,POSITIVE,0,0
E10384,Danske Bank,10000+ Employees,https://www.danskebank.com/careers,,56068837,2021-11-30T22:25:38.700,Software Engineer,True,2,REGULAR,Vilnius,5,5,4,5,5,5,3,Great work conditions and interesting work if you are on a right squad,,"Pension benefits - 3rd pillar.
Remote work full time possible.
Good career possibilities to move to any position internally.

You can expect interesting tasks and latest technologies if you have a technical position and are assigned to a squad working on brand new projects. Otherwise you are screwed doing mundane support tasks.
Work environment is relaxed and you can choose work pace by yourself. 
The organization provides a lot of extracurricular activities.","Difficult to get significant salary raise once you are employed
Most expenses kept at minimum to satisfy cost reduction plans",POSITIVE,,POSITIVE,0,0
E10384,Danske Bank,10000+ Employees,https://www.danskebank.com/careers,,90764417,2024-09-05T23:36:21.880,,False,0,REGULAR,,5,5,5,5,4,5,4,Very good place to work annd great benefits,,"Salary, great colleagues and nice facilities",Too much politics to advance in the hierarchy,,,,0,0
E10384,Danske Bank,10000+ Employees,https://www.danskebank.com/careers,,93363504,2024-12-03T10:54:59.773,Anti-Money Laundering Analyst,False,0,REGULAR,Vilnius,4,5,5,5,3,3,5,-,,Pretty nice working place .,"Lack of many options for self-improvement, salary rather average",,,,0,0
E10384,Danske Bank,10000+ Employees,https://www.danskebank.com/careers,,82348799,2023-12-05T12:54:32.847,"IT Software Engineer, Associate",True,2,REGULAR,,4,5,3,5,4,3,3,Relaxed environment,,"Relaxed environment, great office with canteen","Unstable benefits system, very often restructuring and reprioritizing - i.e., people get removed from teams at the end of year and new recruitment starts in the beginning of next year",POSITIVE,NO_OPINION,NEUTRAL,0,0
E10384,Danske Bank,10000+ Employees,https://www.danskebank.com/careers,,59963745,2022-02-19T10:14:12.717,Analyst,False,0,REGULAR,"Copenhagen, Capital Region",4,0,0,0,0,0,0,Uncompetitive Pay,,"Great people, good culture, good worklife balance","Uncompetitive pay, especially compared to other banks",,,,0,0
E10384,Danske Bank,10000+ Employees,https://www.danskebank.com/careers,,18509372,2017-12-29T01:58:00.787,Junior Software Engineer,True,1,REGULAR,Vilnius,2,2,1,0,4,4,1,Not for professionals,"No advice for them, since they are super rich.","A very big company,  awesome parties, colourful office walls, happy colleagues, everything you can dream off.","Too big company, due o this parts of this organisation are competing with each other instead of working together and deliverer high quality results.  As long as I am working here didn't saw any signs of professional work. We are working with outdated poor tools, extremely slow servers, very poor maintenance of the systems. If you are programmer and looking for professional environment DON""T GO HERE, unless you don't care what you are doing and just want to live fun life. In general it looks like this organisation was born yesterday.",NEGATIVE,NO_OPINION,NEGATIVE,2,0
E10384,Danske Bank,10000+ Employees,https://www.danskebank.com/careers,,70268349,2022-10-18T11:56:18.060,Business Analyst,False,0,REGULAR,Vilnius,3,3,3,3,3,3,3,good,,"good place to work, they have free food for lunch",sometimes we miss managers positive feedback on stuff,POSITIVE,APPROVE,POSITIVE,0,0
E10384,Danske Bank,10000+ Employees,https://www.danskebank.com/careers,,67351567,2022-07-30T22:39:15.630,,False,9,REGULAR,,2,3,2,2,2,3,1,Hard To Recommend,,"- Excellent colleagues
- Good exposure to a range of technologies","- constant transformation and change
- poor and unstructured training opportunities
- unclear job security
- invisible, unaligned, political and self-interested senior leadership",NEGATIVE,DISAPPROVE,NEGATIVE,1,0
E10384,Danske Bank,10000+ Employees,https://www.danskebank.com/careers,,52192544,2021-09-07T07:58:20.477,Financial Crime Officer,True,0,REGULAR,"Helsinki, Southern Finland",5,4,4,4,4,4,4,Great,,"Very nice athmosphere, great colleagues.",I do not know really,,,,0,0
E10384,Danske Bank,10000+ Employees,https://www.danskebank.com/careers,,29026864,2019-09-04T11:06:44.793,Customer Service,True,1,REGULAR,,5,5,5,0,5,5,5,Good place to work,,Flexible working hours to suit you,Haven't seen any as of yet,,,,0,0
E10384,Danske Bank,10000+ Employees,https://www.danskebank.com/careers,,7345567,2015-07-25T00:48:58.163,,True,0,REGULAR,,3,4,2,0,3,3,3,Great place to learn,spend money on hiring people from abroad or with international experience. Football clubs are doing this with their players we should too,its a great place to learn for people fresh out of universities. Culture a bit relaxed and not much pressure.,After a while you'll experience how slow things are going and the level of knowledge is very low. Not many experienced people to guide junior staff leading to sub optimal products and models,POSITIVE,NO_OPINION,POSITIVE,2,0
E10384,Danske Bank,10000+ Employees,https://www.danskebank.com/careers,,37672207,2020-10-27T09:14:13.977,Senior AML Analyst,True,4,REGULAR,Vilnius,3,3,3,3,3,2,2,Good start for your career,,It is a good place to start your career.,"The salary won't grow as much as you'd like. Also, the job itself is very monotonic, and does not require creativity at all.",POSITIVE,NO_OPINION,NEUTRAL,0,0
E10384,Danske Bank,10000+ Employees,https://www.danskebank.com/careers,,35614097,2020-09-04T01:49:51.720,Student Assistant,True,2,PART_TIME,,3,5,2,0,2,5,2,Good salary but centralized and bureaucratic management and culture,,"Decent salary, relatively flexible working hours",Centralized and bureaucratic culture. Hard to rotate into other positions and develop career.,NEGATIVE,DISAPPROVE,NEGATIVE,1,0
E10384,Danske Bank,10000+ Employees,https://www.danskebank.com/careers,,44391226,2021-03-22T15:04:30.337,Customer Service,False,0,PART_TIME,,4,3,3,2,4,3,3,Good student experience,,Good practice to learn about banking,Stressful atmosphere and inflexible shift planning,,,,0,0
E10384,Danske Bank,10000+ Employees,https://www.danskebank.com/careers,,12912471,2016-12-07T02:35:56.743,,False,0,,,1,1,1,0,1,1,1,Analyst,Focus on employee growth and development.,Not much to say about the positives.,Too much cost cutting at the expense of employee satisfaction.,NEGATIVE,NO_OPINION,NEUTRAL,1,0
E10384,Danske Bank,10000+ Employees,https://www.danskebank.com/careers,,14494322,2017-04-05T02:06:54.617,,True,0,REGULAR,,4,0,0,0,0,0,0,Senior Credit Consultant,N/A,An international working environment,Mainly operating in the Nordic,,,,0,0
E10384,Danske Bank,10000+ Employees,https://www.danskebank.com/careers,,30355030,2019-11-13T05:16:33.413,AML Compliance Officer,False,1,REGULAR,Vilnius,3,3,3,0,2,3,1,Good or bad?,"If you do not respect a person, you will continue struggling filling the positions.","Insurance
Activities paid by bank
Partial meal coverage
Option to choose shift start time","Low pay
High requirements
Bureaucracy
Not respecting individual  - you are just another short term ghost",NEGATIVE,NO_OPINION,NEUTRAL,1,0
E10384,Danske Bank,10000+ Employees,https://www.danskebank.com/careers,,43036038,2021-02-24T11:15:00.117,Consultant,True,2,REGULAR,,4,5,4,4,5,4,3,Good Life/Work balance,,"Good colleagues, life work balance",Internal organization changes every half year,POSITIVE,NO_OPINION,POSITIVE,0,0
E10384,Danske Bank,10000+ Employees,https://www.danskebank.com/careers,,77267166,2023-06-11T09:54:09.440,Compliance Officer,False,0,REGULAR,"Copenhagen, Capital Region",4,0,0,0,0,0,0,Fine,,Great benefits and good work life balance,Found the work rather boring,,,,0,0
E10384,Danske Bank,10000+ Employees,https://www.danskebank.com/careers,,20207338,2018-04-18T08:26:01.957,,True,0,REGULAR,,5,0,0,0,0,0,0,Strategy Manager,,Strong strategic vision shared by leadership team,Location of work can vary depending on job function,,,,0,0
E10384,Danske Bank,10000+ Employees,https://www.danskebank.com/careers,,59255434,2022-02-07T13:32:01.280,,True,0,PART_TIME,,4,0,0,0,0,0,0,Student Worker,,"Engaging
Good work life balance
Nice colleagues","Lack of coordination
Poor process ownership",,,,0,0
E10384,Danske Bank,10000+ Employees,https://www.danskebank.com/careers,,52079403,2021-09-03T23:14:18.317,Chapter Lead,True,0,REGULAR,"Copenhagen, Capital Region",4,5,3,5,4,4,3,Goos enployeer,,Goos working conditions and collleqgues,Bad cases has left a huge unproductive organisation,POSITIVE,NO_OPINION,NEGATIVE,0,0
E10384,Danske Bank,10000+ Employees,https://www.danskebank.com/careers,,15220621,2017-05-26T08:16:58.477,,False,2,REGULAR,Vilnius,4,5,5,0,5,3,4,Sr AP specialist,,"Great company to work, informal environment, cares about employees, good bonus, possibilities to grow, lot of trainings, good health insurance package","comparably low salary, the raise is very moderate - a few percents only even with good results",POSITIVE,APPROVE,POSITIVE,0,0
E10384,Danske Bank,10000+ Employees,https://www.danskebank.com/careers,,51383575,2021-08-20T03:50:23.817,Mortgage Loan Officer,True,2,REGULAR,,2,2,2,2,2,2,2,No good,,None to speak of. I wasn’t there long enough. Manager,No Bon. No overtime not enough salary not enough benefits,NEGATIVE,DISAPPROVE,NEGATIVE,1,0
E10384,Danske Bank,10000+ Employees,https://www.danskebank.com/careers,,32671711,2020-04-09T15:09:16.990,,True,1,PART_TIME,"Copenhagen, Capital Region",4,5,3,0,3,5,3,Safe and beaurocratic,,"Comparative wage, good working condition, Nordic management style, opportunity to grow","Still lacks global mindset, slow at changing,  beaurocratic",POSITIVE,APPROVE,NEUTRAL,0,0
E10384,Danske Bank,10000+ Employees,https://www.danskebank.com/careers,,79394659,2023-08-23T00:19:54.377,SofrwareEngineer,True,2,REGULAR,"Copenhagen, Capital Region",4,5,5,5,2,4,4,Software engineer,,"Calm environment, work-life balance, pension","Slow processes and bureaucracy, limited potential of self-development",POSITIVE,NO_OPINION,NEUTRAL,0,0
E10384,Danske Bank,10000+ Employees,https://www.danskebank.com/careers,,19699800,2018-03-15T02:27:39.953,,True,1,PART_TIME,,4,3,4,0,4,4,4,Great opportunity for student,,"Flexible working hours, Lots of responsibilities, Great humor among the collegues and understanding boss.","Hectic due to the Market Fluctuations, in my position I have to handle multiple jobs and it can be demanding.",POSITIVE,APPROVE,POSITIVE,0,0
E10384,Danske Bank,10000+ Employees,https://www.danskebank.com/careers,,45364699,2021-04-12T02:00:11.503,Operations Officer,False,0,REGULAR,Vilnius,3,3,3,4,3,4,3,Monotonous job,,"Benefits, salary, new office, corporate culture.","Monotonous, stressful, highly monitored, lonely.",POSITIVE,NO_OPINION,,0,0
E10384,Danske Bank,10000+ Employees,https://www.danskebank.com/careers,,73718522,2023-02-17T03:48:53.373,Principal Software Engineer,True,1,REGULAR,,4,5,5,5,4,5,4,Excellent work culture..,,Excellent work culture very helpful people open culture good benefits like cab pick and drop renumeration is as per industry standard,-sometimes things move slow as its a bank and has to comply with processes - Lot of restructuring happening every now and then,POSITIVE,APPROVE,POSITIVE,0,0
E10384,Danske Bank,10000+ Employees,https://www.danskebank.com/careers,,60472959,2022-03-01T12:09:36.720,Personal Banker,True,2,REGULAR,,4,5,5,5,4,3,5,Good place to work,,"Good people, fun culture and good senior managers",salary lower than some others I have seen,,,,0,0
E10384,Danske Bank,10000+ Employees,https://www.danskebank.com/careers,,22361088,2018-09-07T05:04:23.410,,False,20,REGULAR,"Belfast, Northern Ireland",5,4,5,0,5,5,5,Great place to work,Keep doing what you are doing!,"If you want to progress then put your hand up and the company will help you
Great people
Business has integrity","Slow to change given the industry and how heavily regulated it is, so whilst there is the appetite to be more progressive, it is difficult to put into action quickly. But the intention to be the best is there, and be the best for their people, so that is definitely a positive.",POSITIVE,,POSITIVE,0,0
E10384,Danske Bank,10000+ Employees,https://www.danskebank.com/careers,,31324586,2020-01-16T05:11:20.947,Compliance Associate,False,2,REGULAR,,1,1,1,0,1,1,1,lack of transparency,,"probably co-workers, additional training","lack of transparency,  lower salaries",NEGATIVE,,NEGATIVE,0,0
E10384,Danske Bank,10000+ Employees,https://www.danskebank.com/careers,,48936217,2021-06-26T07:06:56.237,Software Engineer,True,0,REGULAR,,5,0,0,0,0,0,0,Great place to grow and expand your knowledge,,"Talented team inside the Tribe I am part of
Great technologies","Massive amounts of bureaucracy, unstable Dev environments",,,,0,0
E10384,Danske Bank,10000+ Employees,https://www.danskebank.com/careers,,25553091,2019-04-07T08:55:20.790,Operations Officer,False,2,REGULAR,Vilnius,2,3,2,0,1,3,4,Invest in your employees,Focus more on the internal talents,- Salary was not bad,"-  No careers prospective  
company is trying to bring external talents and they completely forget about the internal one",NEGATIVE,,,1,0
E10384,Danske Bank,10000+ Employees,https://www.danskebank.com/careers,,51074801,2021-08-13T01:46:38.787,Bank Advisor,False,6,PART_TIME,,4,4,3,0,3,3,3,Branch advisor,,Having set lunch hours and breaks throughout the day. Appraisals to let you have an opportunity to discuss issues with your manager. Great colleagues to work alongside.,If your till isn't balanced you can stay quite late beyond your working day. Not alot of opportunities to further your career.,,,,0,0
E10384,Danske Bank,10000+ Employees,https://www.danskebank.com/careers,,56810307,2021-12-17T07:00:24.627,Associate Consultant,True,4,PART_TIME,,4,5,5,4,5,5,3,"A Great Employer, but Many Changes",,"- great benefits
- flex time
- nice managers
- nice food
- before corona a possibility to exercise in the offices
- social events","- offices if working with processes or projects are far away from the city like Jøje Taastrup and Lyngby
- many changes all the time, hiring freeze that makes it difficult to get a development budget and threatens job security all the time
- frequent organisational changes and manager changes",POSITIVE,APPROVE,NEUTRAL,0,0
E10384,Danske Bank,10000+ Employees,https://www.danskebank.com/careers,,84774836,2024-02-26T23:23:29.817,Cloud Solutions Architect,True,6,REGULAR,Vilnius,4,5,5,4,4,4,3,"Security, Computing, Cloud",,Work and life balance is very well maintained,Enterprise burocracy in all levels,POSITIVE,APPROVE,,0,0
E10384,Danske Bank,10000+ Employees,https://www.danskebank.com/careers,,73426729,2023-02-08T03:51:06.773,Credit Risk Modeler,False,2,REGULAR,,5,4,5,5,1,1,3,Overall not bad,increase salary,"Learning new things, Great colleagues","extremely low salary, no career opportunities",NEGATIVE,DISAPPROVE,NEGATIVE,0,0
E10384,Danske Bank,10000+ Employees,https://www.danskebank.com/careers,,94458896,2025-01-19T23:17:03.847,Senior Software Engineer,True,2,REGULAR,Vilnius,3,5,3,5,2,5,1,"Slow, Super Corporate, Not Orientated to Delivery",,"No pressure, Good office environment. Good perks.",No growth opportunities. Everyone wants to please their manager instead of deliver products. They are using spotify agile structure which does not work at a bank at all. Everything is presented as a win.,NEGATIVE,NO_OPINION,NEGATIVE,0,0
E10384,Danske Bank,10000+ Employees,https://www.danskebank.com/careers,,66696268,2022-07-14T09:58:41.783,Software Engineer,True,4,REGULAR,Vilnius,4,3,4,5,4,4,3,Good workplace,,"* great people, great benefits",Salary is too low compared with top techs,POSITIVE,APPROVE,,0,0
E10384,Danske Bank,10000+ Employees,https://www.danskebank.com/careers,,56708890,2021-12-15T04:19:09.570,Senior Legal Counsel,True,6,REGULAR,,4,5,3,0,3,3,2,"A good working place, albeit chaotic company",,Interesting assignments. Mostly skillful colleagues.,"Ever changing top-management. Salary ""frozen"" after hire.",POSITIVE,APPROVE,,0,0
E10384,Danske Bank,10000+ Employees,https://www.danskebank.com/careers,,83000111,2024-01-03T05:30:18.520,IT Security Engineer,True,0,REGULAR,"Copenhagen, Capital Region",3,0,0,0,0,0,0,IT Security Engineer,,"- Flexible work hours
- Work-life balance
- Good package including insurances for health, dentist and more",- Pay is not great,,,,0,0
E10384,Danske Bank,10000+ Employees,https://www.danskebank.com/careers,,56599455,2021-12-13T04:52:02.637,Sales Advisor,False,2,PART_TIME,"Helsinki, Southern Finland",4,0,3,4,4,4,4,Ok salary nice colleagues,,"Good salary
Nice teammates and boss","Boring company,
Investment advice is sales",POSITIVE,NO_OPINION,NEUTRAL,1,0
E10384,Danske Bank,10000+ Employees,https://www.danskebank.com/careers,,23085789,2018-10-23T13:27:52.537,,True,0,REGULAR,,3,0,0,0,0,0,0,current employee,,"good office space, excellent colleagues",pay is poor &amp; no option for negotiation,,,,0,0
E10384,Danske Bank,10000+ Employees,https://www.danskebank.com/careers,,84779233,2024-02-27T02:55:06.737,Dealer,True,0,REGULAR,"Copenhagen, Capital Region",4,0,0,0,0,0,0,Great workplace,,"professional workplace, great colleagues, ambitious",hierarchy compliance bureaucracy and politics,,,,0,0
E10384,Danske Bank,10000+ Employees,https://www.danskebank.com/careers,,64345852,2022-05-18T15:39:56.443,Customer Service Representative,False,2,REGULAR,"Belfast, Northern Ireland",3,5,3,3,4,3,4,Alright,,"Friendly helpful staff, good opportunities","Low salary, can be expected to travel far to cover other branches, a lot of branches closing",POSITIVE,NO_OPINION,NEUTRAL,1,0
E10384,Danske Bank,10000+ Employees,https://www.danskebank.com/careers,,16351297,2017-08-14T10:32:25.063,,True,0,,,4,4,5,0,4,5,4,Good Employer,,"Great Work Culture, Great Team","A lot of meetings, lack of personal attention",POSITIVE,APPROVE,POSITIVE,0,0
E10384,Danske Bank,10000+ Employees,https://www.danskebank.com/careers,,54956092,2021-11-05T06:39:54.930,Strategy Consultant,False,4,REGULAR,"Copenhagen, Capital Region",4,0,0,0,0,0,0,Great workplace but lot of bureaucracy and politics,,"- Smart people
- Good benefits
- Interesting work","- Low comp
- Very political environment",POSITIVE,APPROVE,NEUTRAL,0,0
E10384,Danske Bank,10000+ Employees,https://www.danskebank.com/careers,,68239899,2022-08-23T08:12:05.317,Personal Banker,False,2,REGULAR,,3,4,4,5,5,5,3,Good company to work for,Allow people to be as they are,"good salary, strong values, great comms","impersonal, cliques, very corporate, tedious work",NEGATIVE,APPROVE,POSITIVE,1,0
E10384,Danske Bank,10000+ Employees,https://www.danskebank.com/careers,,72971770,2023-01-25T05:48:44.237,Operations Officer,False,4,REGULAR,Vilnius,3,4,3,4,3,2,2,Cheap workforce placed in beautiful offices,Regularly request employees to provide feedback about their managers and actualy pay attention to what they say,"Beautiful modern offices, canteen, gym, usually good atmosphere within the team, international work environment","Low salary, not all team leads are professional and right for the role",POSITIVE,NO_OPINION,NEGATIVE,0,0
E10384,Danske Bank,10000+ Employees,https://www.danskebank.com/careers,,79620737,2023-08-30T08:30:19.813,Senior Software Engineer,False,4,REGULAR,"Copenhagen, Capital Region",3,3,3,3,3,3,1,"OK benefit, but terrible work environment",,"Big org that manager level is clear, good colleagues that some of them have been working here for entire life. A. lot of knowledge still avaible.",Too many levels between the employees and the manager that can make decision. Orgs change too often that not sure what is the key value of the company and what they would like to delivery. Too many projects that end up wasting of time and resources no over time working is good,NEGATIVE,NO_OPINION,NEUTRAL,0,0
E10384,Danske Bank,10000+ Employees,https://www.danskebank.com/careers,,66920461,2022-07-20T04:19:43.653,Customer Service Representative,True,1,REGULAR,,5,5,5,5,5,5,5,Services,,Helping customers with their accounts,Meeting new people everyday regular,,,,0,0
E10384,Danske Bank,10000+ Employees,https://www.danskebank.com/careers,,69684084,2022-10-02T13:05:43.643,Software Engineer,True,0,REGULAR,,4,4,4,3,3,3,3,Great company,,Good to get experience from other colleagues,"Low salaries, corporate stuff, etc…",NEGATIVE,,NEUTRAL,0,0
E10384,Danske Bank,10000+ Employees,https://www.danskebank.com/careers,,17414564,2017-10-18T02:26:18.373,Senior Product Specialist,False,4,REGULAR,"Copenhagen, Capital Region",3,5,2,0,4,3,3,Decent employer,Implement strategy throughout organisation not just top down,Depending on department there can be a high level of impact and responsibility,Bureaucratic and not so people focused,POSITIVE,APPROVE,POSITIVE,1,0
E10384,Danske Bank,10000+ Employees,https://www.danskebank.com/careers,,32178935,2020-03-03T04:59:13.987,Retail Banker,False,1,REGULAR,"Helsinki, Southern Finland",5,5,5,0,5,5,5,"Associate, Customer Relations",,Great colleagues and job environment,Some things were old fashioned,POSITIVE,APPROVE,NEUTRAL,0,0
E10384,Danske Bank,10000+ Employees,https://www.danskebank.com/careers,,63459769,2022-04-29T13:38:29.640,,True,2,REGULAR,,5,0,0,0,0,0,0,Nice company,,good benefits and nice developmnent,low salary and bad work life balance,,,,0,0
E10384,Danske Bank,10000+ Employees,https://www.danskebank.com/careers,,80093125,2023-09-15T02:28:21.230,Senior Business Analyst,True,2,REGULAR,Vilnius,2,1,1,1,1,1,1,No more remote work is allowed,"Flexibility. Mandatory 4 days work is not flexibility. Read more researches, articles of psychology, speak with YOUR employees and hear what they are saying. This is HUGE step back forcing people go to the office. Shame and disapointing. This was the only thing, which kept me work in there. :)","Big company, many different team with different: *culture, *ways of working, *feel in the team, *pressure * and many other things. So if someone says that in the company you will have huge pressure, workload is nightmare and similar things - it actually depends on the team. I've been working in couple teams - and everything is so different in each of them.","Sadly, there is no more remote work allowed. Mandatory 4 days office work rule have been released just a couple days back. Image of the company decreased very much as it was something that DanskeBank was declaring as a permanent to work remote/hybrid/office - depends on the personal and team needs. Now its only office.",NEGATIVE,DISAPPROVE,NEGATIVE,4,0
E10384,Danske Bank,10000+ Employees,https://www.danskebank.com/careers,,12809404,2016-11-28T10:29:27.567,Software Engineer,True,1,,"Copenhagen, Capital Region",3,3,5,0,2,4,3,Great atmosphere with old-school technologies,Speed up rebuilding of old technologies into modern ones.,"Great atmosphere, competitive salary, honest people","Old-school technologies, a lot of corporate beaurocracy",NEGATIVE,NO_OPINION,NEUTRAL,1,0
E10384,Danske Bank,10000+ Employees,https://www.danskebank.com/careers,,52686640,2021-09-17T00:55:44.487,IT Business Analyst,False,2,REGULAR,Vilnius,5,5,5,5,5,5,5,Company review,,"Very flexible in terms of work hours
Great management
Possibility to work from home and office
Uplifting collective of employees
Great relaxation areas
Great benefits","Organization is heavy-meeting orientated, thus some tasks might take more than they should",POSITIVE,APPROVE,POSITIVE,0,0
E10384,Danske Bank,10000+ Employees,https://www.danskebank.com/careers,,75066859,2023-03-31T05:31:42.753,Senior Software Engineer,True,4,REGULAR,Bengaluru,4,5,5,5,4,3,5,Good if you are looking to switch tech stack,,1. Will have oppourtunities to explore other tech stack 2. Good work life balance 3. Management is good,Pay is less compared to other captives,POSITIVE,APPROVE,,0,0
E10384,Danske Bank,10000+ Employees,https://www.danskebank.com/careers,,92422806,2024-10-30T14:34:26.113,,True,1,REGULAR,"Warsaw, Masovia",5,5,5,5,5,5,5,Good place to grow,Keep doing what you are doing and don't let these few unhappy people destroy the atmosphere in the office.,"Employer who really values growth, give many chances to people to fix their mistakes, learn from them and develop. Good promotion opportunities for those who actually try to propose improvements and do not expect to move to next level by doing only what their basic job description says. Local and functional senior management (L5 and above) are great. Nice benefits e.g additional holidays that are not necessarily available elsewhere.","Hybrid model is not very flexible, but still good.
There are a few extremely frustrated employees within the office who disrespect their managers and don't understand basic requirements and options that labour code highlights.",POSITIVE,APPROVE,POSITIVE,0,0
E10384,Danske Bank,10000+ Employees,https://www.danskebank.com/careers,,57915233,2022-01-14T03:01:36.020,Senior Project Analyst,False,1,REGULAR,"Belfast, Northern Ireland",5,5,5,5,5,0,5,Excellent Company to work for,,Inclusive and interesting work. Pleasure working there.,"Not too much negative to say. Other than there is not much opportunity for progression, however, the experience is great.",POSITIVE,,,0,0
E10384,Danske Bank,10000+ Employees,https://www.danskebank.com/careers,,67813842,2022-08-11T12:21:13.850,Data Scientist,True,6,REGULAR,"Copenhagen, Capital Region",5,5,3,4,5,4,3,Senior Data Scientist,,Friendly and prof people in the workplace,The environment can be a bit bureaucratic,POSITIVE,NO_OPINION,NEUTRAL,0,0
E10384,Danske Bank,10000+ Employees,https://www.danskebank.com/careers,,57580870,2022-01-07T15:11:28.677,Software Developer,True,0,REGULAR,"Copenhagen, Capital Region",3,4,2,4,4,2,2,Constant restructuring. Good work life balance,,Work / life balance is ok,Salary is lower than competitors. Lots of bureaucracy,NEGATIVE,NO_OPINION,NEUTRAL,0,0
E10384,Danske Bank,10000+ Employees,https://www.danskebank.com/careers,,68434103,2022-08-28T09:56:58.463,Customer Service Agent,True,0,REGULAR,,4,5,5,5,5,2,4,"Good culture, bad pay",,Good culture all through the bank,"Bad pay, some managers aren't greay",POSITIVE,APPROVE,POSITIVE,0,0
E10384,Danske Bank,10000+ Employees,https://www.danskebank.com/careers,,63907603,2022-05-10T06:17:11.333,Chief Architect,True,2,REGULAR,Bengaluru,5,5,5,4,2,5,4,Great Organization to work with,proactively allocate senior people for every 2 years in different org units as support members. So that seniors can also learn and get motivated,"-Great working cluture. Lot of personal space and time. 
-Good salary and hikes inspite of market conditions.
-Nice managers
- Good tax benfits","-Frequent changes in leaderships and org units. 
-Very slow in adopting new age platforms or cloud services
- Less internal opportunities for senior people",POSITIVE,APPROVE,POSITIVE,0,0
E10384,Danske Bank,10000+ Employees,https://www.danskebank.com/careers,,64999670,2022-06-02T05:39:36.453,Senior Compliance Officer,True,0,REGULAR,"Copenhagen, Capital Region",4,5,4,5,4,3,4,A decent place to work,,Flexible working hours. Good working environment.,Office outside the city. Barely any chances to get a yearly bonus no matter how hard you try.,POSITIVE,APPROVE,POSITIVE,0,0
E10384,Danske Bank,10000+ Employees,https://www.danskebank.com/careers,,52092435,2021-09-04T10:22:42.110,Product Owner,True,6,REGULAR,"Copenhagen, Capital Region",4,5,4,4,4,4,4,Good place to work,,Danske Bank is the leading bank in Denmark,The bNk has been engulfed in multiple scandals in the last three years,POSITIVE,DISAPPROVE,POSITIVE,0,0
E10384,Danske Bank,10000+ Employees,https://www.danskebank.com/careers,,31954778,2020-02-19T09:26:44.797,Working Student,False,1,PART_TIME,"Copenhagen, Capital Region",3,0,0,0,0,0,0,Nice environment but problems because of money laundering scandal,,Danish people are very friendly,Tumultuous times made everyone uncomfortable,,,,0,0
E10384,Danske Bank,10000+ Employees,https://www.danskebank.com/careers,,43071438,2021-02-25T01:10:03.777,AML Team Lead,True,0,REGULAR,Vilnius,4,5,5,5,4,3,3,Good employer,"Plan communication more carefully. Review salary ranges, they no longer reflect the market, so it is very difficult to attract real talents.","Good culture, promoted work-life balance, career opportunities.",Salary which is at almost all levels too low.,POSITIVE,NO_OPINION,POSITIVE,0,0
E10384,Danske Bank,10000+ Employees,https://www.danskebank.com/careers,,81284013,2023-10-26T03:25:51.337,Analyst,False,0,REGULAR,,4,5,4,4,3,3,4,good,,"calm no stress environment, attention to mental health","it is a large corp, no good possibilities for ambitious people",POSITIVE,APPROVE,POSITIVE,0,0
E10384,Danske Bank,10000+ Employees,https://www.danskebank.com/careers,,86134573,2024-04-09T01:31:26.357,Student Assistant,True,2,PART_TIME,"Copenhagen, Capital Region",4,4,4,2,4,3,5,"Great office, good worklife balance",,"Cool office, good worklife balance, lovely canteen",Low gender diversity and not ambitous goals towards gender diversity at all.,POSITIVE,APPROVE,POSITIVE,0,0
E10384,Danske Bank,10000+ Employees,https://www.danskebank.com/careers,,43600519,2021-03-07T04:26:19.523,Student Intern,True,2,PART_TIME,"Copenhagen, Capital Region",4,5,5,0,4,4,4,Good employer,Hire more from within. All top execs are foreign.,"Very good salary package. Both salary, pension and insurances.","A bit bureaucratic as blue chip companies tends to be.
Too many organization changes.",POSITIVE,NO_OPINION,POSITIVE,0,0
E10384,Danske Bank,10000+ Employees,https://www.danskebank.com/careers,,36180844,2020-09-21T03:29:10.070,Student Assistant,True,0,PART_TIME,"Copenhagen, Capital Region",4,5,4,0,4,4,4,Good work-life balance,,Good coworkers and team with little micromanagement,Lots of regulations in industry,POSITIVE,,POSITIVE,0,0
E10384,Danske Bank,10000+ Employees,https://www.danskebank.com/careers,,84118422,2024-02-06T12:07:50.317,Senior Operations Specialist,True,0,REGULAR,Vilnius,4,0,0,0,0,0,0,Officer Danske Bank,,"Nice kitchen, flexible job schedule, additional leaves",Not many ways for career path,,,,0,0
E10384,Danske Bank,10000+ Employees,https://www.danskebank.com/careers,,82143313,2023-11-28T05:46:12.230,Chapter Lead,True,0,REGULAR,"Copenhagen, Capital Region",2,3,3,3,2,3,3,Danske bank chapter lead,,Location is good for public transportation,"Large organisation, doesnt really move anywhere.",NEGATIVE,APPROVE,POSITIVE,0,0
E10384,Danske Bank,10000+ Employees,https://www.danskebank.com/careers,,87746130,2024-05-29T07:23:49.060,Communications Specialist,False,0,REGULAR,Vilnius,5,0,0,0,0,0,0,Enjoyed respectful company culture,,"Proper compensation, trusting leaders and colleagues","Lack of recognition, many meetings",,,,0,0
E10384,Danske Bank,10000+ Employees,https://www.danskebank.com/careers,,80351207,2023-09-23T17:31:31.703,FX Sales,False,0,REGULAR,"Copenhagen, Capital Region",3,3,2,2,2,3,1,Boring,,"Easy, cushy and leave you alone if you don’t make a fuss",Quite boring and seems like management is not really interested in any change,NEGATIVE,DISAPPROVE,NEGATIVE,0,0
E10384,Danske Bank,10000+ Employees,https://www.danskebank.com/careers,,46576564,2021-05-06T12:02:25.503,Senior Software Engineer,True,6,REGULAR,Bengaluru,5,5,5,5,5,5,5,Very nice place to work,Na,Very nice to work here,You will be in comfort jone,POSITIVE,APPROVE,POSITIVE,0,0
E10384,Danske Bank,10000+ Employees,https://www.danskebank.com/careers,,39999208,2021-01-02T01:29:09.363,Junior RPA Developer,True,0,REGULAR,Vilnius,3,2,2,3,4,2,1,-,,A lot of training possibilities,Very young and unexperienced management,POSITIVE,,NEGATIVE,0,0
E10384,Danske Bank,10000+ Employees,https://www.danskebank.com/careers,,86556096,2024-04-22T08:31:09.533,AML Officer,False,0,REGULAR,,5,0,0,0,0,0,0,Great employee,,The best place to start adventure with aml,Sometimes targets are too high,,,,0,0
E10384,Danske Bank,10000+ Employees,https://www.danskebank.com/careers,,41084878,2021-01-20T07:46:40.057,Software Engineer,False,4,REGULAR,Vilnius,4,4,4,5,3,4,2,Good company for juniors,,"Nice people, good salary, lots of benefits","Quite bad managment, hard to get promotion",POSITIVE,NO_OPINION,NEUTRAL,0,0
E10384,Danske Bank,10000+ Employees,https://www.danskebank.com/careers,,90840847,2024-09-09T08:01:22.873,AML Officer,True,2,REGULAR,Vilnius,4,5,4,5,1,1,4,"We are all equal here, but someone is more equal that others",,"Very comfortable working conditions, ability to receive new knowledge, work life balance","It is very difficult to raise the salary, receive bonus and etc.",NEGATIVE,NO_OPINION,NEUTRAL,0,0
E10384,Danske Bank,10000+ Employees,https://www.danskebank.com/careers,,83438080,2024-01-17T02:03:26.423,Operations Officer,False,4,REGULAR,Vilnius,5,5,5,5,4,5,5,great place to work,,"great community, new and modern offices, continuous learning opportunities with trainings, no hard pressure on your results.",salary growth is very low,POSITIVE,APPROVE,POSITIVE,0,0
E10384,Danske Bank,10000+ Employees,https://www.danskebank.com/careers,,18434677,2017-12-20T22:39:10.827,,True,4,REGULAR,,3,0,0,0,0,0,0,Lead Engineer,,New technologies during transformation of company,"Maturity level is low, poor management and lacking of leadership overall",,,,0,0
E10384,Danske Bank,10000+ Employees,https://www.danskebank.com/careers,,12144891,2016-10-01T08:41:36.357,Senior Service Adviser,False,0,REGULAR,"Belfast, Northern Ireland",3,4,3,0,2,1,2,Senior Service Adviser,Recognise the value in the staff that you have already. The place is full of bright graduates who could potentially wipe the floor with the old timers you have at grade 5 and up. If you continue to give arguably insulting wages then you will continue to lose staff to Citi/ Ulster /PWC and what you will have in the end is a whole bunch of blasé agency clones who don't really care about customer retention along with some anti-change long term employees.,"Friendly hours depending on the department you work in , great colleagues , transparent contract , decent pension",The wage is shocking - particularly for grade 2-4. Similar roles in other banks will get you at least 5k more p/a. They hold little value in any degrees or qualifications you may already have. The general quality of middle management is poor with little forward- thinking. There are some blatant and alarming cases of bullying and harassment with managers that no little of any hr process and shy away from confrontation.,NEGATIVE,,NEUTRAL,1,0
E10384,Danske Bank,10000+ Employees,https://www.danskebank.com/careers,,55160148,2021-11-10T04:22:38.807,Senior Risk Specialist,False,0,REGULAR,"Copenhagen, Capital Region",4,3,3,4,4,4,3,Solid bank,,"- stability due to a long history and tradition
- mostly highly competent and engaged colleagues 
- relatively competitive condition
- willingness to bring positive changes to the society","- high workload and performance culture in some parts of organization 
- frequent changes in senior management &amp; organization recently that shifted focus of employees and brought confusion",POSITIVE,NO_OPINION,POSITIVE,0,0
E10384,Danske Bank,10000+ Employees,https://www.danskebank.com/careers,,64257365,2022-05-17T07:38:02.050,,False,0,REGULAR,,2,0,0,0,0,0,0,"Good people, poor company",,People you worked with were best part of the job,Forever putting more work on fewer and fewer staff,,,,1,0
E10384,Danske Bank,10000+ Employees,https://www.danskebank.com/careers,,33695182,2020-06-14T13:23:27.523,IT Student Assistant,True,2,PART_TIME,"Copenhagen, Capital Region",4,3,3,0,3,3,3,Good,,"Good management, good pay, decent","boring people, bank, it, remote",,,,0,0
E10384,Danske Bank,10000+ Employees,https://www.danskebank.com/careers,,87614178,2024-05-24T10:57:54.670,Operational Risk Specialist,True,2,REGULAR,Vilnius,4,5,5,5,4,3,4,Great place to grow,,"Low stress levels, great teams and managers are really qualified, understanding and allows you a lot flexibility.","Slow progress with salary increase, constant “let’s save more” mentality (on things like toilet hand towels, canteen meals quality etc. , mandated days in the office for local employees.",POSITIVE,APPROVE,POSITIVE,0,0
E10384,Danske Bank,10000+ Employees,https://www.danskebank.com/careers,,71912999,2022-12-16T04:33:03.173,Senior Software Engineer,True,2,REGULAR,Kongens Lyngby,5,4,5,5,5,4,4,Flexible workplace,,"Very flexible, works in a distribueres set up, with highly complex IT solutions",High pressure on production issues,POSITIVE,APPROVE,POSITIVE,0,0
E10384,Danske Bank,10000+ Employees,https://www.danskebank.com/careers,,25660385,2019-04-13T06:58:09.107,Senior Dealer,False,2,REGULAR,"Copenhagen, Capital Region",4,1,3,0,4,3,3,Good but long hours after finish work hours,,Exposure to other countries and companies,For some reason long hours for a family raised,POSITIVE,APPROVE,NEUTRAL,0,0
E10384,Danske Bank,10000+ Employees,https://www.danskebank.com/careers,,68497218,2022-08-30T02:44:25.607,Analyst,True,4,REGULAR,"Copenhagen, Capital Region",3,5,3,3,3,5,3,Great job security,Focus on stability,"Benefits are great, family friendly",Organisation can feel very big,,,,0,0
E10384,Danske Bank,10000+ Employees,https://www.danskebank.com/careers,,1175281,2011-10-29T04:04:05.517,Business Manager,False,0,,"Dublin, Dublin",4,4.5,0,0,4,3,4,good,pay medium to higher base salaries,Look after employees well bar basic salary,base salary and everyone at the top is danish,POSITIVE,APPROVE,,1,0
E10384,Danske Bank,10000+ Employees,https://www.danskebank.com/careers,,58428480,2022-01-24T04:45:10.833,Manager,True,0,REGULAR,"Belfast, Northern Ireland",3,0,0,0,0,0,0,ok to work for,,Good training and coaching available but depends which area you work in.,Differentials in salary scales between grades,,,,0,0
E10384,Danske Bank,10000+ Employees,https://www.danskebank.com/careers,,68345907,2022-08-25T11:25:16.420,Senior Business Analyst,True,0,REGULAR,,4,4,3,3,3,2,3,Good point of departure,,"Good work-life balance
Great terms ( Healthcare and dental Insurance, 2 kid sick day, 6 weeks vacation)
Great colleagues","People Development
Career Advancement
Internal job transfer
Lack of bonus
No Company Paid Christmas party or xmas gift",POSITIVE,APPROVE,POSITIVE,0,0
E10384,Danske Bank,10000+ Employees,https://www.danskebank.com/careers,,62643234,2022-04-11T23:50:17.450,Program Manager,True,0,REGULAR,Vilnius,1,0,0,0,0,0,0,Huge salary difference Denmark vs Lithunia,,New offices - good locatios and equipment.,Lot of political games on management level.,,,,1,0
E10384,Danske Bank,10000+ Employees,https://www.danskebank.com/careers,,47959251,2021-06-06T08:26:00.367,,True,0,REGULAR,,5,5,5,5,3,4,4,Its perfect for someone looking for stability,,"Employee benefits, job safety, work culture","Low salary, slow progress, low flexibility",,,,0,0
E10384,Danske Bank,10000+ Employees,https://www.danskebank.com/careers,,61886367,2022-03-28T10:44:22.177,Consultant,True,4,REGULAR,"Copenhagen, Capital Region",5,5,5,5,5,5,5,Working with the best people and brains,,"Flexibel, Great tasks and responsibilities",Bad media and external reputation,POSITIVE,APPROVE,POSITIVE,0,0
E10384,Danske Bank,10000+ Employees,https://www.danskebank.com/careers,,42652973,2021-02-17T13:22:27.033,Student Assistant,False,4,PART_TIME,"Copenhagen, Capital Region",5,4,4,4,4,4,4,NIce place to work,,"Great benefits and opportunites for learning, but you need to fight for it.",Can be very conservative and hierachical,POSITIVE,APPROVE,POSITIVE,0,0
E10384,Danske Bank,10000+ Employees,https://www.danskebank.com/careers,,75888668,2023-04-27T01:07:08.623,AML Investigator,True,2,REGULAR,Vilnius,2,5,1,4,2,1,1,Not the best place,Get good,Laid back [if you're not being pushed to do additional tasks every week] ; good office and canteen and ability to work at home. Work itself is actually interesting and educational.,"Salary - not even close to being good, some employees having worked twice as long as others not being appreciated enough and earn less than newcomers ; management trying to avoid at all costs to discuss or raise salary ; a lot of corporate propaganda - it's on every corner - hard to avoid when it's being pushed in to your face ; management trying to 'adjust your priorities and character' when it does not even impact your work results ; toxic management to employee attitude ; extra work usually just being rewarded with a 'thanks' - no appreciation regarding extra work done even if it's done really well ; constant changes every week in process etc. ; no way to increase your salary as 'it's being reviewed each year' - for a large amount of extra work I personally received an increase of 4% which is ridiculous [other people here think the same] ; people being afraid to voice their opinions ; A LOT of unnecessary meetings people don't care about ; requests regarding increase of salary or the like being downplayed and excuses are brought out like 'the budget has a limit' - makes no sense.",NEGATIVE,DISAPPROVE,NEGATIVE,0,0
E10384,Danske Bank,10000+ Employees,https://www.danskebank.com/careers,,41430724,2021-01-26T08:09:50.780,Analyst,True,0,REGULAR,"London, England",5,0,0,0,0,0,0,Very nice people,,caring and kind company to work for,could have a better bonus system,,,,0,0
E10384,Danske Bank,10000+ Employees,https://www.danskebank.com/careers,,81953099,2023-11-20T05:49:25.543,Group HR,False,0,REGULAR,Vilnius,5,5,5,5,4,5,4,Great workplace,,Very good working culture and nice managers.,Too much politics and sometimes processes are too slow.,POSITIVE,APPROVE,POSITIVE,0,0
E10384,Danske Bank,10000+ Employees,https://www.danskebank.com/careers,,66352512,2022-07-06T05:18:37.027,Associate Cloud Engineer,True,0,PART_TIME,,4,0,0,0,0,0,0,Developer,,- Good place to work for your first job.,"- Too corporate culture, a lot of paperwork needs to be done for something to be implemented.",,,,0,0
E10384,Danske Bank,10000+ Employees,https://www.danskebank.com/careers,,55388486,2021-11-15T13:32:39.263,Human Resources Partner,True,0,REGULAR,"Belfast, Northern Ireland",5,5,5,5,5,5,5,Danske is a Fantastic employer,,"Flexibility, personal and professional development, values","None, brilliant organisation to work for",POSITIVE,APPROVE,POSITIVE,0,0
E10384,Danske Bank,10000+ Employees,https://www.danskebank.com/careers,,6294731,2015-04-09T00:51:37.603,,True,2,REGULAR,,4,4,3,0,3,3,3,Senior Controller,,Nice plays work at. Good working hours.,"Conservative thinking, slow processes to develop things",POSITIVE,,,0,0
E10384,Danske Bank,10000+ Employees,https://www.danskebank.com/careers,,67074505,2022-07-23T22:17:28.650,,False,1,REGULAR,,3,0,0,0,0,0,0,Ok,,It was not so bad,The bureaucracy is out of control tho,,,,0,0
E10384,Danske Bank,10000+ Employees,https://www.danskebank.com/careers,,84789612,2024-02-27T08:24:47.317,Product Owner,False,6,REGULAR,"Copenhagen, Capital Region",4,4,4,1,3,4,4,Great if you are female ,Too big emphasis on female leaders without understanding D&amp;I ,"Decent place to work, decent salary. Very good career opportunities if you are female.",Too many compliance rules and little business focus,NEGATIVE,APPROVE,NEGATIVE,1,0
E10384,Danske Bank,10000+ Employees,https://www.danskebank.com/careers,,80796224,2023-10-09T14:48:20.520,Mortgage Consultant,False,9,REGULAR,,2,1,2,4,2,2,2,Rewarding work,,"Great people, constantly evolving products","Pay is terrible, unrealistic targets.",,,,0,0
E10384,Danske Bank,10000+ Employees,https://www.danskebank.com/careers,,45797336,2021-04-20T13:11:09.087,Cashier,False,2,REGULAR,"Reading, England",5,3,3,3,5,5,3,Cashier review,,Great managers easy to talk to,Rigid hours unable to negotiate,POSITIVE,APPROVE,POSITIVE,0,0
E10384,Danske Bank,10000+ Employees,https://www.danskebank.com/careers,,92923698,2024-11-17T12:47:02.387,Operations Analyst,False,0,REGULAR,Vilnius,3,0,0,0,0,0,0,Danske Bank,,Good place to start your career.,Very responsible job. Attached to your computer all day.,,,,0,0
E10384,Danske Bank,10000+ Employees,https://www.danskebank.com/careers,,61337636,2022-03-17T08:23:35.260,Talent Acquisition Specialist,False,1,REGULAR,Vilnius,5,5,4,5,5,4,4,Great Company to work,,"- strong team
- great approach to employees. You can trust your employer.
- a lot of opportunities to grow.",Sometimes you can face too much bureaucracy.,POSITIVE,NO_OPINION,POSITIVE,0,0
E10384,Danske Bank,10000+ Employees,https://www.danskebank.com/careers,,5521079,2014-12-11T07:31:13.613,Summer Internship,False,0,,,4,4,4,0,4,2,4,Summer Internship,,Events for interns (academic and social),"Other staff is not very friendly, not too many responsibilities given",POSITIVE,APPROVE,POSITIVE,0,0
E10384,Danske Bank,10000+ Employees,https://www.danskebank.com/careers,,69593186,2022-09-29T07:15:13.257,,True,1,REGULAR,Vilnius,5,5,5,5,5,3,5,Amazing,,Benefits in general for the employee,Salary increase is not as good,POSITIVE,APPROVE,POSITIVE,0,0
E10384,Danske Bank,10000+ Employees,https://www.danskebank.com/careers,,24128663,2019-01-09T09:56:22.123,Junior Specialist,False,1,REGULAR,Vilnius,5,5,5,0,5,3,5,Junior Specialist,,Great Job right out of college,"Low Pay, but good enough for starters",POSITIVE,,,0,0
E10384,Danske Bank,10000+ Employees,https://www.danskebank.com/careers,,67929758,2022-08-15T11:11:40.387,Chief Risk Officer,False,2,REGULAR,"Copenhagen, Capital Region",1,3,1,1,1,1,1,Unsupervised managers run amok,"Own what happens in your department. 
If there are evident errors in your departments is your responsibility to fix them
It is not ok that people have side business at the bank
Just hiring new people is not a solution 
Mind the individuals -","Great locations- amazing people working at the bank
Many People say hi at the lift. 
Many new hopefull people","Many new people get false sense of comfort 
Fyring and rotations are around the corner
Re-structuring happen once a year and all the work done gets lots. 
There are harassment cases, hr is wrongly used
Sending and calling people when first time ill",NEGATIVE,DISAPPROVE,NEGATIVE,3,0
E10384,Danske Bank,10000+ Employees,https://www.danskebank.com/careers,,25449626,2019-04-01T09:06:13.347,Department Head,True,2,REGULAR,"Copenhagen, Capital Region",3,5,1,0,4,3,3,Old school,Fewer deliveries and more focus,Big company and lots of possibility for growth,There is simply too much bureaucracy,NEGATIVE,APPROVE,NEUTRAL,0,0
E10384,Danske Bank,10000+ Employees,https://www.danskebank.com/careers,,88450677,2024-06-20T21:23:17.503,IT Analyst,True,2,REGULAR,Bengaluru,5,5,3,4,5,5,5,Good,,all good pay transport cab,nothing except some frequent organizational changes,POSITIVE,APPROVE,POSITIVE,0,0
E10384,Danske Bank,10000+ Employees,https://www.danskebank.com/careers,,86173625,2024-04-10T02:07:23.083,Chief UX Designer,True,0,REGULAR,,2,3,3,4,2,3,2,remote work flexibility getting worse by the day,,"interesting and challenging project, ok employee benefits, good pension","no salary raises, always cost cutting, no budget in teams, assigned specific days to come to the office, ideally 3-4 days in office requested",,,,0,0
E10384,Danske Bank,10000+ Employees,https://www.danskebank.com/careers,,86099517,2024-04-08T03:10:24.163,Complience Officer,True,0,REGULAR,,4,4,3,4,3,4,4,Good workplace,,"-Nice colleagues.
-Good benefits.
- Good location",- you get stuck easily in your position,POSITIVE,APPROVE,POSITIVE,0,0
E10384,Danske Bank,10000+ Employees,https://www.danskebank.com/careers,,34390750,2020-07-23T04:33:22.047,IT Specialist,True,0,REGULAR,,4,0,0,0,0,0,0,Good financial institution,,"Ability to grow 
Moving towards agile","Bureaucracy overhead 
Recent cutting costs strategy",,,,0,0
E10384,Danske Bank,10000+ Employees,https://www.danskebank.com/careers,,29616854,2019-10-04T06:18:14.593,IT Applications Specialist,True,2,REGULAR,Vilnius,4,4,4,0,5,4,3,Great Career opportunities,,Lots of tools and flexible environment,"Many Legacy platforms, but they are being rebuilt.",POSITIVE,NO_OPINION,POSITIVE,0,0
E10384,Danske Bank,10000+ Employees,https://www.danskebank.com/careers,,82277311,2023-12-03T05:06:00.930,Compliance Officer,True,0,REGULAR,,4,0,0,0,0,0,0,Great colleagues and opportunities for growth,,Leaders are generally good in supporting personal development.,"As with all large organisations, it can take some time to get settled.",,,,0,0
E10384,Danske Bank,10000+ Employees,https://www.danskebank.com/careers,,63124134,2022-04-22T01:50:01.447,Data Scientist,True,2,REGULAR,"Copenhagen, Capital Region",3,4,4,5,4,3,3,Interesting work but HR's decisions are misaligned with skillsets needed by organization,,"Dynamic workload with plenty of ""data challenges"" to address/solve","HR is not always aligned with the skillsets that the organization actually needs. Therefore, they either hire people with wrong skills or do not give appropriate incentives to those who do have them.",,,NEGATIVE,1,0
E10384,Danske Bank,10000+ Employees,https://www.danskebank.com/careers,,60085461,2022-02-22T01:31:27.410,,False,6,REGULAR,,4,5,4,5,3,4,4,Evaluation,,"- good working hours
- Paygrade acceptable (especially in regards to hours)
- Good Vibe","- Very political
- Can be challenging to",POSITIVE,APPROVE,POSITIVE,0,0
E10384,Danske Bank,10000+ Employees,https://www.danskebank.com/careers,,36026514,2020-09-16T09:18:02.010,Data Scientist,False,0,REGULAR,,4,0,0,0,0,5,0,good salary and benefits / old tech stack,,"good salary and benefits, flexible working hours","out-dated tech stack, many legacy systems and processes",,,,0,0
E10384,Danske Bank,10000+ Employees,https://www.danskebank.com/careers,,52761206,2021-09-19T03:04:38.223,Software Engineer,False,1,REGULAR,,1,3,1,1,1,2,1,Bullying in Vilnius office,,"Good, well equipped offices, possibility to work remotely",Bullying is a norm and a significant part of the office culture here.,NEGATIVE,,,0,0
E10384,Danske Bank,10000+ Employees,https://www.danskebank.com/careers,,94605893,2025-01-26T03:34:48.197,Communication and Development,False,1,REGULAR,Vilnius,4,5,5,5,4,4,4,Good place to work,,"Nice office, flexible hours. Management and colleagues try to do the best to help you out. Overall a good environment to work.","Systems and ways of working are old-fashioned (in some areas of the bank). The feeling of bureaucracy is strong. A lot of employees are working in the bank for decades, change positions, and are not necessarily qualified or have experience from other companies.",POSITIVE,APPROVE,,0,0
E10384,Danske Bank,10000+ Employees,https://www.danskebank.com/careers,,13031187,2016-12-17T05:53:07.853,,True,0,REGULAR,,4,0,0,0,0,0,0,Nice and friendly environment,,"Leader in particular area, striving to be best in the market",Some legacy systems hard to support integrate with,,,,0,0
E10384,Danske Bank,10000+ Employees,https://www.danskebank.com/careers,,31915578,2020-02-17T13:38:02.973,Loan Administrator,True,0,PART_TIME,,4,0,0,0,0,0,0,Relaxed and helpful atmosphere with staff committed to doing good work,,"Open communication, Committed staff, Relaxed","Limited opportunity, downsizing due to outsourcing",,,,0,0
E10384,Danske Bank,10000+ Employees,https://www.danskebank.com/careers,,49077768,2021-06-29T11:54:16.227,,True,4,REGULAR,,5,5,5,5,5,5,5,Great employer,,"Good company and colleagues, open to changes",Have some cons of big company,POSITIVE,APPROVE,NEUTRAL,0,0
E10384,Danske Bank,10000+ Employees,https://www.danskebank.com/careers,,64015480,2022-05-11T22:41:50.607,Customer Service,False,0,PART_TIME,,2,0,0,0,0,0,0,Danske,,Ok benefits and nice people,"Stressful, boring and poor career opportunities",,,,0,0
E10384,Danske Bank,10000+ Employees,https://www.danskebank.com/careers,,16093313,2017-07-27T02:08:19.270,Communications Consultant,True,4,REGULAR,"Copenhagen, Capital Region",5,5,5,0,5,5,5,Digital frontrunner,,"Digital frontrunner of the financial industry in the Nordics - a lot of exciting new ideas and initiatives, especially in the more innovative corners of the organisation.",Less international opportunities than other similar-sized Danish companies,POSITIVE,APPROVE,POSITIVE,0,0
E10384,Danske Bank,10000+ Employees,https://www.danskebank.com/careers,,68325816,2022-08-25T02:48:21.347,,True,4,REGULAR,,4,4,4,4,4,3,3,Good place to work,,"Flexible work hours, flexibility to decide when and how frequently you go to office (in agreement with your manager), good salary, open work culture","Very rare performance bonuses, lot of organizational changes past 2-3 years,",POSITIVE,,,0,0
E10384,Danske Bank,10000+ Employees,https://www.danskebank.com/careers,,34484023,2020-07-28T10:42:47.600,Junior Data Analyst,False,0,REGULAR,Vilnius,3,0,0,0,0,0,0,Mediocre salary,,"Life insurance, Extra days of leave","Slow carreer, not too much of opportunities",,,,0,0
E10384,Danske Bank,10000+ Employees,https://www.danskebank.com/careers,,93962971,2024-12-30T03:23:04.263,Program Manager,True,2,REGULAR,"Copenhagen, Capital Region",3,4,3,4,4,2,4,Great opportunities,,"Great opportunities
Autonomy
Flexible
Great environment 
Fantastic office","Non transparent bonus scheme
Leaders lead up wards
Yearly Re org 
Co worker protect own area
X",POSITIVE,APPROVE,POSITIVE,0,0
E10384,Danske Bank,10000+ Employees,https://www.danskebank.com/careers,,88742810,2024-07-01T09:33:47.873,Analyst,False,2,REGULAR,"Stockholm, Stockholm",4,4,4,4,4,4,4,Working,,Nice people and interesting deals to work on as a generalist,"Deal flow could be stronger, and more strategic deals rather than just PE",,,,0,0
E10384,Danske Bank,10000+ Employees,https://www.danskebank.com/careers,,2140458,2012-11-16T10:33:54.597,,True,1,PART_TIME,Linköping,4,5,5,0,3,3,3,communicator,,Everybody is very respectful and outgoing. Its never hard to ask for help and everybode is leading very balanced worklife.,Starting of at the bottom its hard to see clear future development for one self. If you want to adance you need to make that clear from start and really network.,POSITIVE,NO_OPINION,POSITIVE,0,0
E10384,Danske Bank,10000+ Employees,https://www.danskebank.com/careers,,41965870,2021-02-04T11:50:09.563,,True,4,REGULAR,,3,4,4,3,3,4,2,Great colleagues,Focus,"Atmosphere, Work-Life-Balance, team-based approach, good colleagues","Intransparency on top-down decision-making, too many changes in the board / top management positions",NEGATIVE,NO_OPINION,NEUTRAL,0,0
E10384,Danske Bank,10000+ Employees,https://www.danskebank.com/careers,,84229668,2024-02-09T09:05:44.240,Senior Officer,False,1,REGULAR,Vilnius,4,4,4,4,4,3,4,Good experiance,No advice,"Company culture and activities, structure","Pay level, too much meetings",POSITIVE,APPROVE,POSITIVE,0,0
E10384,Danske Bank,10000+ Employees,https://www.danskebank.com/careers,,79992404,2023-09-12T10:23:20.797,Customer Service,False,4,REGULAR,"Portadown, Craigavon, Northern Ireland",1,1,1,1,1,1,1,Never again,Change pay scales. Reward effort.,Very little. Work was handy enough,Micro managed. Under paid. Under appreciated. Managers expect elite performances but pay substandard wages,NEGATIVE,NO_OPINION,NEGATIVE,1,0
E10384,Danske Bank,10000+ Employees,https://www.danskebank.com/careers,,85374698,2024-03-15T12:08:38.317,Product Owner,True,6,REGULAR,"Copenhagen, Capital Region",4,4,4,4,4,4,4,Place to work,,Great place to work for full time,High workload and sometimes stressful,POSITIVE,APPROVE,POSITIVE,0,0
E10384,Danske Bank,10000+ Employees,https://www.danskebank.com/careers,,48510766,2021-06-18T00:29:57.547,AML KYC Compliance Analyst,True,0,REGULAR,"Warsaw, Masovia",5,5,5,5,4,4,5,Great place to work,Chris Vogelzang is not a CEO anymore.,"great corporate culture and as a result relaxed and cheerful and nice to each other people, lack of burocracy and as a result fast decision-making. No over -hours (in AML during Q4 there is a possibility to work on Saturdays but only if you want to). As a bank is a relatively small comparing to other FIs present in Warsaw, often times there is a possibility to participate/support other teams and learn different processes, so there is a room for professional development and net-working with people in another countries (only if you stay pro-active and not just sitting and waiting for a miracle to happen).
Family-like atmosphere, egalitarianism etc. all the good staff :) 
Co-workers based in Denmark are professionals and very nice people.","salary - not above avarage on the market, some might say that package of benefits is a little bit worse than in another banks (but difference is not significant). In Warsaw there is a difference between the teams (some teams are just much better in terms of people, management and process). My team was amazing, as well as my manager, but i know teams where atmosphere was extremely odd. So it differs but as in any company. 
Another fact: In FCC AML/KYC hub work mostly Polish citizens, so this environment is hard to call international if someone is looking for this kind of experience.
It's a banks' back-office anyway and at some point you might get bored.",POSITIVE,APPROVE,POSITIVE,0,0
E10384,Danske Bank,10000+ Employees,https://www.danskebank.com/careers,,91334223,2024-09-25T04:44:31.480,Compliance Officer,True,2,REGULAR,"Copenhagen, Capital Region",4,5,4,5,2,3,4,Slow but Nice Perks,Create a clear and structured career path for employees.,"Good benefits, office and close collaboration with senior management as well as great work/life balance","Slow organization and quite difficult to make a career (seldom promotion, needs to apply internally rather than having a promotion).",POSITIVE,APPROVE,POSITIVE,0,0
E10384,Danske Bank,10000+ Employees,https://www.danskebank.com/careers,,80028982,2023-09-13T08:59:14.720,Customer Service Advisor,True,2,REGULAR,"Belfast, Northern Ireland",4,4,4,4,4,4,4,Good,,"Lovely staff, training is extensive","Pay is poor for responsibilty, staffing lefels",POSITIVE,APPROVE,,0,0
E10384,Danske Bank,10000+ Employees,https://www.danskebank.com/careers,,79381223,2023-08-22T13:55:45.160,Senior Software Engineer,True,0,REGULAR,,5,5,5,5,5,4,4,Great Place to work,,Flexible and remote work. Danish Culture. Good salary. Latest tech stack. Paid trainings and insurance.,Not possible to work fully remotely or from other countries.,POSITIVE,APPROVE,POSITIVE,0,0
E10384,Danske Bank,10000+ Employees,https://www.danskebank.com/careers,,34985082,2020-08-17T07:29:36.817,Head of Department,False,0,REGULAR,,5,2,3,0,5,3,1,Good people,To be more transparent with your employees.,"There are plenty of very good and talented employees.
Good structure, Agile company with an ambitious to be ""startup fintech company""",Management sometimes doesn't understand what they are doing.,NEGATIVE,NO_OPINION,NEGATIVE,0,0
E10384,Danske Bank,10000+ Employees,https://www.danskebank.com/careers,,34163607,2020-07-10T16:35:16.843,Software Engineer,True,1,REGULAR,"Stockholm, Stockholm",2,2,2,0,2,2,1,Not Recommended,,"A large company, Great employer that always challenge you",Narrow mind people. Sometimes messy as the company is growing.,NEGATIVE,DISAPPROVE,NEUTRAL,0,0
E10384,Danske Bank,10000+ Employees,https://www.danskebank.com/careers,,90325235,2024-08-22T09:32:33.023,Business Analyst,True,4,REGULAR,"Copenhagen, Capital Region",4,4,4,4,3,4,4,danske,,WL balance &amp; pay. ok opportunities to live corporate life,rigid system and set progression. low opps.,POSITIVE,APPROVE,POSITIVE,0,0
E10384,Danske Bank,10000+ Employees,https://www.danskebank.com/careers,,34342827,2020-07-21T02:56:58.970,Head of Payments,False,0,REGULAR,"Saint Petersburg, Sankt-Peterburg",4,5,4,0,3,4,3,"Great team, easy to get the decision making persons",,"Great team, easy to get in touch with the decision making persons",But bad communicatoon with parent company,NEGATIVE,NO_OPINION,NEUTRAL,0,0
E10384,Danske Bank,10000+ Employees,https://www.danskebank.com/careers,,23762005,2018-12-09T01:56:24.837,,True,0,REGULAR,,5,3,5,0,5,5,5,Excellent corporate finance team,,"Very driven people, friendly working atmosphere, great place to learn",Quite long hours normally (in corporate finance),POSITIVE,,,0,0
E10384,Danske Bank,10000+ Employees,https://www.danskebank.com/careers,,79022492,2023-08-10T02:20:58.290,Leader of Team,True,4,REGULAR,"Copenhagen, Capital Region",4,5,5,3,4,4,4,Good company with flexibility,Be transparent,"Flexible work time, good colleagues, lots of benefits","Politics in a large corporate, decisions take a long time",POSITIVE,APPROVE,POSITIVE,0,0
E10384,Danske Bank,10000+ Employees,https://www.danskebank.com/careers,,73336221,2023-02-05T14:21:23.130,AML Specialist,False,2,REGULAR,,1,3,1,1,2,3,1,"Toxic culture, racist and misogynist",,Terms of contract thanks to collective agreement,"Toxic culture (favouritism, misogyny, bro-culture, racism, discrimination, lack of diversity, unethical authoritarian management). If you are a person of colour or a person who has self respect, do not apply for jobs at Group Compliance.",NEGATIVE,DISAPPROVE,NEGATIVE,1,0
E10384,Danske Bank,10000+ Employees,https://www.danskebank.com/careers,,63043422,2022-04-20T12:27:49.250,,True,0,REGULAR,,4,0,0,0,0,0,0,Fine,,Good benefits and competetive salary. Great people.,Same as any other major bank,,,,0,0
E10384,Danske Bank,10000+ Employees,https://www.danskebank.com/careers,,16739236,2017-09-09T07:48:57.817,,False,0,,,5,3,5,0,5,5,5,Good company to work,,Very focused and great place to work,"Company is great, but there are long working hours",POSITIVE,APPROVE,POSITIVE,0,0
E10384,Danske Bank,10000+ Employees,https://www.danskebank.com/careers,,31427259,2020-01-22T01:44:47.420,Consulting Software IT Specialist,True,0,PART_TIME,,5,0,0,0,0,0,0,Very good work environment,,All my colleagues are nice people,We have to work long hours,,,,0,0
E10384,Danske Bank,10000+ Employees,https://www.danskebank.com/careers,,73799182,2023-02-20T10:14:57.413,Consultant,False,0,REGULAR,,3,0,0,0,0,0,0,fine place,,good colleagues and good envrionment,boring work tasks and projects,,,,0,0
E10384,Danske Bank,10000+ Employees,https://www.danskebank.com/careers,,91011896,2024-09-14T09:10:44.833,Software Engineer,True,4,REGULAR,Vilnius,4,3,3,5,4,5,3,Pretty good place to work,"If you want for key people to stop leaving, stop false promises and telling people to wait for yearly reviews.","Good benefits: days off, health insurance, seniority days, volunteering days
Good opportunity to grow/learn.
Very friendly collegues.
Always open parking.","Large beraucracy,
No matter how good you become, salary increases are hard to get.
HRs are considered supreme overlords.
Salary is low in grand scheme of things.",POSITIVE,DISAPPROVE,POSITIVE,0,0
E10384,Danske Bank,10000+ Employees,https://www.danskebank.com/careers,,40822617,2021-01-16T04:31:54.197,Working Student,False,1,PART_TIME,"Copenhagen, Capital Region",4,5,4,4,4,5,4,Nice working atmosphere,,"Team was great, work-life-balance was amazing, good salary","assigned tasks were not too exciting, which is probably quite normal for working student positions",,,,0,0
E10384,Danske Bank,10000+ Employees,https://www.danskebank.com/careers,,70839397,2022-11-06T23:23:36.097,KYC Analyst,False,0,PART_TIME,,5,0,0,0,0,0,0,good,,good experience working in this company,"not many to mention, it's pretty good",,,,0,0
E10384,Danske Bank,10000+ Employees,https://www.danskebank.com/careers,,77900610,2023-07-02T14:49:23.520,Bank Teller,False,0,PART_TIME,"Helsinki, Southern Finland",3,0,0,0,0,0,0,Ok,,It was a very nice experience,"Not much to say, okay!",,,,0,0
E10384,Danske Bank,10000+ Employees,https://www.danskebank.com/careers,,17923327,2017-11-15T16:37:47.547,Software Developer,True,2,REGULAR,Aarhus,5,5,4,0,5,5,5,Best place to work,,Takes care of employees,I can't find cons in danske bank :),POSITIVE,APPROVE,POSITIVE,0,0
E10384,Danske Bank,10000+ Employees,https://www.danskebank.com/careers,,2992051,2013-08-29T13:00:06.423,Servcie Advisor,False,2,REGULAR,"Belfast, Northern Ireland",1,3,2,0,1,1,2,Slave Labour,pay your employees more. have a graduate scheme in the UK.,Good banter with workmates etc.,"AWFUL compensation.no career progress whatsoever, stay in this job and your career will stagnate.",NEGATIVE,DISAPPROVE,NEGATIVE,0,0
E10384,Danske Bank,10000+ Employees,https://www.danskebank.com/careers,,57913381,2022-01-14T02:05:49.580,Senior Software Engineer,False,4,REGULAR,"Copenhagen, Capital Region",4,4,2,2,3,3,2,Decent place to work for some time,"Start listening for a feedback, and adjust to market.","Opportunities to move within organization and learn something useful for your future. If you are in the beginning of your career, it can be a good place to work for 1-2 years, to get good understanding of the business of your interest. Then it will be much easier to make a next step for a better salary and position elsewhere.

Good work-life balance and flexibility.

My collogues were really good and nice people, and in general I was happy to work there. My direct manager was also a really nice guy, and I liked his people-centric approach.","Low salary comparing to competitors. 
There are 2 important aspects here:
1) - Salary raise is regulated by collective agreement and there is a hard cap of 1-3% per year in a best case scenario, unless you are in a managerial position where you can negotiate. So when you are getting in, you need to make sure that you have pushed them to the edge and squeeze as much as possible, because you will not get any raise.
2) You can still get a raise, but IF and only IF, you got a lot of responsibilities and you became a dependency which is hard to replace. In this situation you will still have to get a better offer from other company, and ask them to beat it. 

Bad upper management.
When a top manager starts a townhall meeting with words : ”I could have been relaxing on Maldivian resort now, but instead I am standing here spending my time to teach you to work properly ” – you just think “WTF??? Is it a joke??”. Extreme arrogance, “look how awesome I am” attitude from the top management, contributes to a working culture where good and sincere people don’t stay for too long. All decisions on the top are taken without considering any feedback from “peasants” at the bottom, who are supposed to blindly follow any orders from kings and dukes on the top. All the low-tier managers only care about ranking up and getting to the top. Nobody want to solve a problem at hand unless it’s a major life-threating issue. Do a nice facade, sweep garbage under the rug and make some nice power points – get promoted, repeat – that’s the success formula if you get there. No one cares about your feedback. This culture results in a low quality software with errors and major public scandals related to this.",NEGATIVE,NO_OPINION,NEUTRAL,1,0
E10384,Danske Bank,10000+ Employees,https://www.danskebank.com/careers,,73080145,2023-01-28T06:32:46.840,Customer Service Representative (CSR),False,0,REGULAR,,3,0,0,0,0,0,0,Good,,"Colleagues, team, benefits, advancement to other roles","Salary, customers, politics, cost cutting",,,,0,0
E10384,Danske Bank,10000+ Employees,https://www.danskebank.com/careers,,94333698,2025-01-14T11:23:25.060,DB Administrator,False,0,REGULAR,"Copenhagen, Capital Region",4,4,3,4,4,4,3,Best employer,Invest in your people more than before,Good culture and team support,Non innovative higher management and c level,,,,0,0
E10384,Danske Bank,10000+ Employees,https://www.danskebank.com/careers,,28780410,2019-08-22T05:01:09.223,Lead Software Engineer,False,1,REGULAR,"Copenhagen, Capital Region",2,5,2,0,3,4,2,Uninspiring maintenance work,"* Think about long term sustainability of products - maintaining, upgrading, refactoring, and paying off technical debt is important, as is spending time evaluating design and architecture decisions
* Don't oversell or misrepresent a position during the interviews - developers will move on with little delay anyway
* Create an environment in which talented developers would thrive","* Good work/life balance
* Decent compensation package
* Good hardware

Note: Definitely not all teams suffer from all the cons mentioned below, but unfortunately some do.","* Job didn't align with the role that was presented during the interview
* Slow and cumbersome internal processes - it took weeks to get relevant software and access rights set up, and little relevant work could be done in the meanwhile
* Generally built around stale technologies with little motivation to innovate or move forward
* Bad ad hoc architecture and a rotting codebase with a lot of debt accumulated over the years - and no incentive to improve things (partly due to a justified fear of breaking things)
* A lot of churn by developers in the team
* Minimal and stale documentation and little motivation to improve it - combined with the above, there were many odd edge cases in the system that no one understood
* Very noisy and old office
* Minimal communication between different teams
* Unnecessary bureaucracy when deploying code
* A lot of coworkers with little motivation to do anything but what was minimally expected of them
* Lack of well defined development processes
* Minimal unit test coverage, no code reviews, etc.
* Micromanagement 
* Less than optimal facilities for remote work (via a noticeably slow Citrix connection)
* Overly strict network policies and firewall/proxy",NEGATIVE,NO_OPINION,NEUTRAL,10,0
E10384,Danske Bank,10000+ Employees,https://www.danskebank.com/careers,,85981732,2024-04-03T20:06:24.607,Software Engineer,False,0,REGULAR,,5,0,0,0,0,0,0,na,,good work life balance at the company,stagnant growth at the company,,,,0,0
E10384,Danske Bank,10000+ Employees,https://www.danskebank.com/careers,,93839973,2024-12-22T02:11:38.307,,True,0,REGULAR,,5,5,4,4,5,4,4,Good firm,,"Work from home and work life balance guarantee 
Pension scheme
Good work environment","Big firm, sometimes difficult to navigate the complexity",POSITIVE,,,0,0
E10384,Danske Bank,10000+ Employees,https://www.danskebank.com/careers,,84036349,2024-02-04T05:19:45.803,Risk Manager,True,6,REGULAR,"Copenhagen, Capital Region",3,3,1,2,2,4,1,Poor senior management,Read the wistle blower cases you have on your management,Good benefits and work life balance is ok,Poor management - Too many managers should never have been promoted.,NEGATIVE,DISAPPROVE,NEGATIVE,0,0
E10384,Danske Bank,10000+ Employees,https://www.danskebank.com/careers,,91928978,2024-10-15T00:28:01.977,Risk Specialist,True,2,REGULAR,"Helsinki, Southern Finland",4,5,3,3,4,3,4,A good balance of everything,,"Good work-life balance, flexibility and growth opportunities.",culture at the bank is mediocre and diversity lacking. Management is largely white Danish (speaking) men.,POSITIVE,APPROVE,POSITIVE,0,0
E10384,Danske Bank,10000+ Employees,https://www.danskebank.com/careers,,25911111,2019-04-30T04:56:29.810,Customer Advisor,True,9,REGULAR,"Belfast, Northern Ireland",3,3,1,0,3,3,1,Bank moving at pace with new technological advances,,"Technology driven, opportunities to develop your career in Belfast",Little interest in upskilling or developing long term staff members.,NEGATIVE,NO_OPINION,NEUTRAL,0,0
E10384,Danske Bank,10000+ Employees,https://www.danskebank.com/careers,,37229810,2020-10-16T07:57:24.857,Officer,False,0,REGULAR,Vilnius,5,0,0,0,0,0,0,Amazing,,"Only positive team, good salary, good conditions",There are no cons at this work place.,,,,0,0
E10384,Danske Bank,10000+ Employees,https://www.danskebank.com/careers,,56564501,2021-12-12T04:15:46.367,,True,0,REGULAR,Vilnius,4,4,5,5,5,4,4,Good,,"Flexible working conditions, huge amount of various employee benefits.","Large organisation, very formal processes.",POSITIVE,APPROVE,POSITIVE,0,0
E10384,Danske Bank,10000+ Employees,https://www.danskebank.com/careers,,1270779,2012-01-08T04:29:27.363,Analyst,True,0,,"Copenhagen, Capital Region",3,4,0,0,4,2,3.5,Great,,Great Investmet bank in the Nordic arena,"Still only focus on mid cap, and only Nordic",,APPROVE,,0,0
E10384,Danske Bank,10000+ Employees,https://www.danskebank.com/careers,,73830087,2023-02-21T07:55:25.857,Analyst,False,4,REGULAR,"Copenhagen, Capital Region",4,0,0,0,0,0,0,Decent work place for entry level position,,"Decent work place for entry level position, good coworkers","Long work hours, limited benefits",,,,0,0
E10384,Danske Bank,10000+ Employees,https://www.danskebank.com/careers,,77323500,2023-06-13T05:09:36.933,Recruitment Support Specialist,False,0,REGULAR,Vilnius,4,2,3,4,3,5,2,Recruitment Support Specialist,,"Great benefits, nice new office",Management culture is not nice,NEGATIVE,NO_OPINION,NEUTRAL,0,0
E10384,Danske Bank,10000+ Employees,https://www.danskebank.com/careers,,70093563,2022-10-13T00:55:08.473,Analyst,True,6,REGULAR,"Helsinki, Western Finland",5,2,4,3,5,3,3,Dynamic,,A lot of freedom to pursue initiatives,Long hours and somewhat intense at the peak of the stock market cycle,POSITIVE,APPROVE,NEGATIVE,0,0
E10384,Danske Bank,10000+ Employees,https://www.danskebank.com/careers,,35942176,2020-09-14T12:26:30.293,Data Governance Manager,True,2,REGULAR,"Copenhagen, Capital Region",5,5,5,0,4,5,5,"Good bank,",,"Good staff, willing to learn",Very immature in terms if data practices,POSITIVE,APPROVE,POSITIVE,0,0
E10384,Danske Bank,10000+ Employees,https://www.danskebank.com/careers,,53258228,2021-09-29T04:15:43.067,,True,0,REGULAR,"Helsinki, Southern Finland",4,0,0,0,0,0,0,Graduate programme Danske,,Great benefits and salaries for graduate students,slow environment and vertical hierarchy,,,,0,0
E10384,Danske Bank,10000+ Employees,https://www.danskebank.com/careers,,78650781,2023-07-28T03:01:23.137,Business Customer Support,False,0,REGULAR,,2,0,0,0,0,0,0,Bullying culture,,"L&amp;D opportunities, hybrid, free breakfast, majority of people are really nice and the managers work hard while under pressure, work nights out, casual environment.","Hierarchal culture especially to young, new or agency staff, made worse by senior management, understaffing, no time for training, high turnover and employees being left to manage each other. Intimidation tactics are used like shouting at coworkers or talking about them in front of them so they hear. When I spoke to my manager about a coworker there was very little support, she only said ""it comes from a good place, he's blunt with people but that's just the way he is."" No action was taken except to take me off any tasks which he was also on, meaning less development and it felt like a punishment for speaking up. Others had similar experiences. Older staff are favoured, e.g. young agency staff commute while older agency staff get to work hybrid. Salary was average for a bank but again older staff are paid more for the same role even with the same experience / length of employment.",,,,0,0
E10384,Danske Bank,10000+ Employees,https://www.danskebank.com/careers,,84858442,2024-02-28T23:38:40.433,Senior Internal Auditor,True,0,REGULAR,Høje Tåstrup,4,0,0,0,0,0,0,A good place to work,,Benefits and knowledge obtained during the time working there.,A large company which is constantly going through organisational changes,,,,0,0
E10384,Danske Bank,10000+ Employees,https://www.danskebank.com/careers,,60328424,2022-02-26T08:10:08.720,AML Officer,True,1,REGULAR,Vilnius,2,4,4,0,3,1,4,Working at Danske Bank for 6 months,"No, coming back to office is not a good idea right now.","Strong newcomer onboarding process, various trainings, modern office.","Very low salary, first salary review is after 6 months at the earliest, monotonous tasks, no flexibility due to high bureaucracy.",NEGATIVE,NO_OPINION,NEUTRAL,0,0
E10384,Danske Bank,10000+ Employees,https://www.danskebank.com/careers,,60055823,2022-02-21T13:02:59.410,Senior Operations Specialist,False,2,REGULAR,Vilnius,5,5,5,5,3,5,5,Excellent vibe,,"Respect, caring people, minimum subordination","Salary, career perspectives, monotony, thats all",POSITIVE,APPROVE,POSITIVE,0,0
E10384,Danske Bank,10000+ Employees,https://www.danskebank.com/careers,,59751591,2022-02-16T01:41:47.873,Junior Consultant,True,0,PART_TIME,"Copenhagen, Capital Region",3,0,0,0,0,0,0,Traditional workplace trying to transforms,,good employee benefits like discounts at restaurants,some sites are very conventional and some IT systems can be very old school,,,,0,0
E10384,Danske Bank,10000+ Employees,https://www.danskebank.com/careers,,41612013,2021-01-29T02:51:51.717,Employer Branding Specialist,False,6,REGULAR,Vilnius,5,5,5,5,5,5,5,Great place to work,,Good Leaders and opportunities to grow.,Approvals for projects can take a long time.,POSITIVE,APPROVE,POSITIVE,0,0
E10384,Danske Bank,10000+ Employees,https://www.danskebank.com/careers,,79768842,2023-09-05T01:20:15.440,Business Analyst,False,0,REGULAR,Vilnius,4,5,4,5,4,4,3,Good Place to work,,Scandinavian work ethics is the best,Usually meaningless job. Could do the project for a year and then they would change direction and the project would be not relevant anymore,,,,1,0
E10384,Danske Bank,10000+ Employees,https://www.danskebank.com/careers,,41374484,2021-01-25T09:35:08.187,Student Worker,True,2,PART_TIME,,5,0,0,0,0,0,0,Very nice work place,,Awesome people and relatively new technologies,You need access rights for everything and that can be very annoying,,,,0,0
E10384,Danske Bank,10000+ Employees,https://www.danskebank.com/careers,,11084064,2016-06-29T13:23:23.663,Controller,True,0,,"Copenhagen, Capital Region",4,5,4,0,3,5,4,Controller,,Great flexible work environment with good benefits,Sometimes a bit bereautic as with most big companies,POSITIVE,,,1,0
E10384,Danske Bank,10000+ Employees,https://www.danskebank.com/careers,,87030386,2024-05-07T02:32:43.413,,False,6,REGULAR,"Belfast, Northern Ireland",2,2,1,1,1,1,1,culture,"Focus on your own teams and supporting the individuals within those, rather than saying 'the right things' to look good as an employer.",Some nice people who are supportive,"Overall culture felt toxic and archaic
A lot of talk about supporting people, but my experience was very different in reality.",NEGATIVE,,,0,0
E10384,Danske Bank,10000+ Employees,https://www.danskebank.com/careers,,67332627,2022-07-30T01:17:42.087,Senior Analyst,False,0,REGULAR,"Copenhagen, Capital Region",4,4,3,2,3,4,1,Good salary,,"Big Company with opportunities, however, not good at retaining talents",Very old fashioned Company to work at. IT sucks,,,,1,0
E10384,Danske Bank,10000+ Employees,https://www.danskebank.com/careers,,52756905,2021-09-18T22:02:39.230,Software Engineer,False,6,REGULAR,,4,5,5,5,5,5,3,company review,,nice place to work !!,nothing as of now !!,,,,0,0
E10384,Danske Bank,10000+ Employees,https://www.danskebank.com/careers,,94143518,2025-01-07T12:01:40.163,Project Manager,True,9,REGULAR,"Copenhagen, Capital Region",4,5,4,5,4,4,3,Decent,,"Decent working conditions. Good parental leave etc.,",Difficult to rise in pay once you are in. You have to leave the organisation for a solid increase,POSITIVE,APPROVE,NEUTRAL,0,0
E10384,Danske Bank,10000+ Employees,https://www.danskebank.com/careers,,91505225,2024-10-01T01:44:21.730,Data Engineer,True,2,REGULAR,Vilnius,5,5,5,5,5,5,5,Very good company,,Very friendly work env and team. Always ready to help. Learning opportunity is also good,Nothing that i feel here,POSITIVE,APPROVE,POSITIVE,0,0
E10384,Danske Bank,10000+ Employees,https://www.danskebank.com/careers,,54595836,2021-10-27T20:37:31.247,,True,9,REGULAR,"Stockholm, Stockholm",3,0,0,0,0,0,0,Lots of opportunities,,A big bank with lots of opportunities to grow and advance.,"The cost focus is intense, and it is likely that your entry salary and exit salary will remain quite similar.",,,,0,0
E10384,Danske Bank,10000+ Employees,https://www.danskebank.com/careers,,8727588,2015-11-23T10:20:05.117,,False,0,,,5,0,0,0,0,0,0,Very good work place,,"Very good work place, good salary and collegues",No cons. Very skilled managers,,,,0,0
E10384,Danske Bank,10000+ Employees,https://www.danskebank.com/careers,,78856641,2023-08-04T06:12:40.280,Associate Software Engineer,False,2,REGULAR,Bengaluru,3,5,2,2,3,2,2,Overall Average Company,Be Transparent and help employees financially.,- Found Good Friends (The young crowd is pretty chill) - Lots of upskilling opportunities - I was lucky had a great manager,- Work on legacy softwares - Bureaucracy - Random Shifts and Policy changes,NEGATIVE,DISAPPROVE,POSITIVE,0,0
E10384,Danske Bank,10000+ Employees,https://www.danskebank.com/careers,,42689528,2021-02-18T05:05:53.427,Data Scientist,False,6,REGULAR,Bengaluru,5,5,4,3,5,4,5,Great work - life balance !,,You can upskill and change your career path easily here.. All peers are very supportive in mentoring for career growth aspects. Pay on par with similar companies,Org Changes happen once in a while and it further impacts the roles and responsibilities of a department and in some times all the departments,POSITIVE,NO_OPINION,NEUTRAL,0,0
E10384,Danske Bank,10000+ Employees,https://www.danskebank.com/careers,,7654771,2015-08-20T03:02:41.980,,True,0,REGULAR,,1,5,1,0,3,1,1,Don't stay too long,Replace incumbent managers who have been assigned positions simply due to seniority.,High job security. Low risk of being fired.,Bonus scheme is non-transparent and favors brown nosing. High fixed salaries encourages deadwood to hang around while top performers keep leaving. Total lack of performance culture - most senior managers spend no time on generating business.,NEGATIVE,DISAPPROVE,NEGATIVE,0,0
E10384,Danske Bank,10000+ Employees,https://www.danskebank.com/careers,,81173092,2023-10-22T23:18:57.400,,False,2,REGULAR,,2,5,5,5,1,2,1,"Good for Social, Bad for Career",,Good at hiring people who are easy-going and successful. Friendly environment. Team events,Bad at utilizing this people's skills Not using the new tech-stack Slow pace,,,,0,0
E10384,Danske Bank,10000+ Employees,https://www.danskebank.com/careers,,81658941,2023-11-08T12:37:59.820,Compliance Officer,False,2,REGULAR,Vilnius,4,0,0,0,0,0,0,Good company,,Good company to work for.,Limited growth opportunities and low salaries.,,,,0,0
E10384,Danske Bank,10000+ Employees,https://www.danskebank.com/careers,,72514703,2023-01-11T04:08:42.110,Business Analyst,False,0,REGULAR,,5,0,0,0,0,0,0,Great company to work for,,Employees are encouraged to seek opportunities for development,A lot is expected of employees,,,,0,0
E10384,Danske Bank,10000+ Employees,https://www.danskebank.com/careers,,77509070,2023-06-19T08:08:42.907,Senior Data Analyst,True,4,REGULAR,Vilnius,4,5,5,5,3,3,3,Danske bank,,"Good benefits package and flexible hours, hybrid or remote working",Too much (too often) of organisational restructuring in the company,POSITIVE,NO_OPINION,NEUTRAL,0,0
E10384,Danske Bank,10000+ Employees,https://www.danskebank.com/careers,,54604697,2021-10-28T02:01:23.787,AML Analyst,False,4,REGULAR,"Warsaw, Masovia",1,5,3,4,2,4,1,"Good place for non-ambitious, low-qualified people willing to stay in the same place for years. [Warsaw office]","- Wake up and compete the banking market as for XXI century!
- Realise it is now employee-driven job market, not employer-driven.","- flexible work environment
- social benefits (cakes, integration events)","- poor management without hard-skills;
- promotions for those who are 'nodding' to TLs and are 'docile sheep'
- selling exaggerated lies during the interviews about how high and fast you can grow in the bank, and soon later denying all what was promised :D
- you can work years and not be promoted but being constantly told promotion is 'just, just around the corner'
- Top-mngt is saving on anything and cutting even silly costs (e.g. English classes)
- stupid 'team-building' activities (drawing etc.)
- Pressure on sharing your private life with the job mates, also on spending your free time with colleagues too...
Come on! It is a job, not a social club!",NEGATIVE,DISAPPROVE,,2,0
E10384,Danske Bank,10000+ Employees,https://www.danskebank.com/careers,,78328561,2023-07-17T12:03:48.887,Customer Service Advisor,True,0,REGULAR,"Portadown, Craigavon, Northern Ireland",2,0,0,0,0,0,0,Not great,,Decent money Variety of tasks Good management,Not enough money for what’s expected of you,,,,0,0
E10384,Danske Bank,10000+ Employees,https://www.danskebank.com/careers,,69696819,2022-10-03T02:18:21.363,Software Engineer,True,0,REGULAR,,3,0,0,0,0,0,0,Software Engineer,,great place to work at,a lot of legal things,,,,0,0
E10384,Danske Bank,10000+ Employees,https://www.danskebank.com/careers,,59193197,2022-02-06T12:09:21.063,Senior Software Engineer,True,6,REGULAR,Vilnius,3,4,4,4,4,4,4,Good place to work,,Work life balance and lot of benifits,"Nothing to mention, it's really a great place to work",POSITIVE,APPROVE,POSITIVE,1,0
E10384,Danske Bank,10000+ Employees,https://www.danskebank.com/careers,,80694278,2023-10-05T10:35:41.180,AML Specialist,False,2,REGULAR,Vilnius,3,4,4,4,4,4,4,AML officer,Be simple.,"It used to be nice place to work, friendly people.","Micromanaging became annoying, benefits were removed.",POSITIVE,,NEUTRAL,0,0
E10384,Danske Bank,10000+ Employees,https://www.danskebank.com/careers,,55760740,2021-11-23T11:13:31.767,,True,2,REGULAR,,5,5,5,5,2,4,5,Great family feel,,"Friendly, salary, approachable, small bank",Progression limited and under resourced.,POSITIVE,APPROVE,POSITIVE,0,0
E10384,Danske Bank,10000+ Employees,https://www.danskebank.com/careers,,65551320,2022-06-14T22:33:26.190,Chief Operating Officer,True,0,REGULAR,,5,5,4,5,5,3,2,Well run company,,Many opportunities within the company group,Not good at retaining and developing talent,,APPROVE,POSITIVE,0,0
E10384,Danske Bank,10000+ Employees,https://www.danskebank.com/careers,,27851693,2019-07-08T02:13:28.243,Customer Service,False,0,PART_TIME,,4,0,0,0,0,0,0,Good student team environment,,As a student worker your collegues are all a similar age and life-situation so it is easy to get a long with your collegues.,As it is a big organisation it is hard to have an influence on it's strategy,,,,0,0
E10384,Danske Bank,10000+ Employees,https://www.danskebank.com/careers,,39312982,2020-12-10T01:18:26.143,,True,0,PART_TIME,,5,0,0,0,0,0,0,Very nice workplace,,super benefits and working conditions,still not that many international employees,,,,0,0
E10384,Danske Bank,10000+ Employees,https://www.danskebank.com/careers,,56655131,2021-12-14T05:04:38.897,AML Officer,False,0,REGULAR,Vilnius,3,0,0,0,0,0,0,sold my soul to the company store,,"Good career opportunities, worker-focused work approach","Boring, demeaning job;
Low salary indeed.",,,,0,0
E10384,Danske Bank,10000+ Employees,https://www.danskebank.com/careers,,43596164,2021-03-07T00:06:27.037,Tax Associate,True,1,REGULAR,Vilnius,5,4,4,5,4,4,4,"Good corporate culture, working conditions, benefits, and reasonable salary",,The working conditions are very good and the bank offers additional benefits and holidays which add value on top of your salary,Sometimes the management can be tough and pressures on getting some things done.,POSITIVE,APPROVE,POSITIVE,0,0
E10384,Danske Bank,10000+ Employees,https://www.danskebank.com/careers,,74362795,2023-03-09T13:11:41.670,Analyst,True,20,REGULAR,"Belfast, Northern Ireland",3,1,3,5,3,4,4,Good employer overall,,"Good benefits and rewards package, advancing in technological capabilities, hybrid working","Silos remain in some areas, management heavy in some departments",POSITIVE,APPROVE,POSITIVE,0,0
E10384,Danske Bank,10000+ Employees,https://www.danskebank.com/careers,,23136381,2018-10-26T09:00:30.210,,False,0,REGULAR,,3,3,3,0,3,3,3,Data Analyst,,working is in good company,language is the problem to work here,,,,0,0
E10384,Danske Bank,10000+ Employees,https://www.danskebank.com/careers,,94532241,2025-01-22T11:27:47.467,Compliance Officer,False,4,REGULAR,"Copenhagen, Capital Region",4,5,4,4,4,3,3,Review,,"Decent salary, flexibility, affordable canteen and nice office.",Constant transformation and plenty of unpaid work if you’re unlucky,POSITIVE,APPROVE,POSITIVE,0,0
E10384,Danske Bank,10000+ Employees,https://www.danskebank.com/careers,,42471656,2021-02-14T08:44:13.630,Junior Operations Officer,False,2,REGULAR,Vilnius,3,5,5,5,5,5,5,"Not great, not terrible",,"Plenty of benefits, great if you want to understand corporate environment.","Low salary, high employee turnover.",POSITIVE,NO_OPINION,POSITIVE,0,0
E10384,Danske Bank,10000+ Employees,https://www.danskebank.com/careers,,45133565,2021-04-07T01:27:03.557,Senior Analyst,True,0,REGULAR,"Copenhagen, Capital Region",4,0,0,0,0,0,0,Danske Bank,,Large local player in the Nordic market,Rarely leading the largest transactions,,,,0,0
E10384,Danske Bank,10000+ Employees,https://www.danskebank.com/careers,,85415673,2024-03-17T13:11:24.973,Student Assistant,False,2,PART_TIME,"Copenhagen, Capital Region",4,4,4,5,4,3,5,Good place to start,,No boring assignments and good possibility to learn a lot,Hard to gain new responsibility or new tasks,POSITIVE,APPROVE,POSITIVE,0,0
E10384,Danske Bank,10000+ Employees,https://www.danskebank.com/careers,,38139850,2020-11-09T04:31:05.647,,True,0,REGULAR,Luxembourg,5,5,5,4,4,5,5,Simply a great place to work,,"Team / community
Salary
International work
Working hours
In-house canteen",In tough competition with bigger players,POSITIVE,,POSITIVE,0,0
E10384,Danske Bank,10000+ Employees,https://www.danskebank.com/careers,,64769076,2022-05-27T09:27:37.813,Analyst,True,1,REGULAR,"Stockholm, Stockholm",4,4,4,4,4,4,4,Analyst,,"Good benefits, nice culture and co-workers",Some systems can be outdated,,,,0,0
E10384,Danske Bank,10000+ Employees,https://www.danskebank.com/careers,,92301565,2024-10-26T11:52:13.137,Customer Advisor,True,4,PART_TIME,"Dunmurry, Northern Ireland",4,0,0,0,3,0,0,Customer Advisor,Better pay conditions,Can work fixed days per week,Saturday work involved and evening,,,,0,0
E10384,Danske Bank,10000+ Employees,https://www.danskebank.com/careers,,47941181,2021-06-05T14:13:51.810,Finance Analyst,True,2,REGULAR,Vilnius,3,0,0,0,0,0,0,Nice place to start your career,,"Super nice office area, relaxation area available, lunch facility on site. Young, ambitious people",Organisation might feel a bit too big to properly male a difference. And steep learning curve if u want to understand at least part of the big picture,POSITIVE,,POSITIVE,0,0
E10384,Danske Bank,10000+ Employees,https://www.danskebank.com/careers,,85801122,2024-03-28T13:05:20.273,Java Cloud Developer,True,1,REGULAR,Bengaluru,5,5,5,5,5,5,5,Good Company to work for if you got Banking Project,,"First of all the working environment of this company is really good, next I will talk the squad that I got is really helpful and as a less experience people never feel that I worked on more experience peoples,each and everyone is more than a friend like a colleague. and finally the projects where you will learn everyday new new things.","No cons from my end , out only cons is canteen is a problem.",POSITIVE,NO_OPINION,NEUTRAL,0,0
E10384,Danske Bank,10000+ Employees,https://www.danskebank.com/careers,,66180501,2022-07-01T04:06:33.367,Software Engineer,True,0,REGULAR,,5,5,5,5,5,4,5,Nice place to work at,"Stop focusing on cost so much, changes require investments. Investigate which products to let go. Compare apples to apples when comparing us to competitors (do they actually offer same products)","Flexible working hours
Flexible location
Nice benefit package
Lots of ways to advance in career horizontally and vertically
Lots of interesting and meaningful projects
Sustainability is an important agenda here",Cost oriented so might need to explicitly ask for a raise or get an offer elsewhere to get a raise,POSITIVE,APPROVE,POSITIVE,1,0
E10384,Danske Bank,10000+ Employees,https://www.danskebank.com/careers,,41549784,2021-01-28T03:57:02.777,Junior Operations Officer,True,2,REGULAR,Vilnius,2,5,3,5,2,4,3,Low salary,,"Friendly coleagues, 
Enviroment, 
Canteen, 
Nice workspace, 
Beautiful office.","Low salary, 
Incompetence, 
No growth oportunities, 
Boring job, 
Cult like atmosphere.",NEGATIVE,NO_OPINION,NEGATIVE,0,0
E10384,Danske Bank,10000+ Employees,https://www.danskebank.com/careers,,57832066,2022-01-12T16:38:48.057,Personal Banker,True,0,REGULAR,"Belfast, Northern Ireland",1,1,2,2,1,1,1,AVOID AT ALL COSTS,"Train your staff, increase wages and don't allow abusive customers to get away with being abusive",Private health insurance but only after 6 months,"No training provided
Customers are awful
Managers put you in dangerous situations
No help for mental heath, it's swept under the carpet despite partnering with a mental health charity
Wages are rubbish for the amount you are expected to do and abuse you deal with
You are expected to do at least 2 people's jobs if not more
No opportunity for promotion and no pay rise, people have been there 5+ years and still on £17000
Managers care more about getting people to take out a mortgage than looking after their staff
Managers allow abusive customers to get away with shouting at staff and treating them like dirt
IF YOU VALUE YOUR MENTAL HEALTH AND SELF WORTH DO NOT JOIN DANSKE",NEGATIVE,NO_OPINION,NEGATIVE,2,0
E10384,Danske Bank,10000+ Employees,https://www.danskebank.com/careers,,62486021,2022-04-08T07:04:03.733,Customer Advisor,True,4,PART_TIME,,5,5,5,5,5,3,5,Great place to work,Re above on salary,"Supportive managers, fun atmosphere, interesting &amp; varied","Salary - even though you're meant to get incremental rises as you progress within Customer Direct, this doesn't apply if you're already past the mid point on salary scale. Really annoying.",POSITIVE,APPROVE,POSITIVE,1,0
E10384,Danske Bank,10000+ Employees,https://www.danskebank.com/careers,,24326899,2019-01-22T09:34:44.313,,True,1,REGULAR,"Copenhagen, Capital Region",3,4,2,0,2,4,2,Lack of teamwork,teach management to provide support,"benefits, office location, salary, willing to take a chance on people","lack of support, coworkers not willing to share knowledge",NEGATIVE,NO_OPINION,NEUTRAL,1,0
E10384,Danske Bank,10000+ Employees,https://www.danskebank.com/careers,,70650412,2022-10-31T10:47:37.357,Senior Consultant,False,4,REGULAR,"Copenhagen, Capital Region",2,2,1,1,2,4,1,meh,,Vacation Health Insurance Employee Benefits,Big Ego's Hierarchy Empty visions,NEGATIVE,NO_OPINION,,1,0
E10384,Danske Bank,10000+ Employees,https://www.danskebank.com/careers,,87894586,2024-06-03T11:24:58.580,Associate,True,4,REGULAR,"Copenhagen, Capital Region",3,3,3,3,3,3,3,Advisory,,Nothing much to share right now,Not really anything at the momemnt,POSITIVE,NO_OPINION,NEUTRAL,0,0
E10384,Danske Bank,10000+ Employees,https://www.danskebank.com/careers,,8606552,2015-11-10T22:46:50.230,Software Applications Engineer,True,6,REGULAR,Bengaluru,1,1,1,0,1,2,1,Not Known to many in the Market still dont know how to behave with their own employees,STOP Bribing with local people. Change your mindsets. Getting good trainings.,Work life balance was EXCELLENT till they were in ITC campus.,"Heavy issue with the location they choose, worst place with surroundings. They may give opinion as many IT companies are there in same campus. But when these guys are setting up new IT company, they should have chosen better place which could be convenient for ALL. 
They even dont care of giving work from home option to their own employees.
Now work life balance sucks.
I dont recommend people to join this company.",NEGATIVE,,NEGATIVE,10,0
E10384,Danske Bank,10000+ Employees,https://www.danskebank.com/careers,,61598451,2022-03-22T15:41:12.717,Senior Software Developer,True,6,REGULAR,"Copenhagen, Capital Region",4,0,0,0,0,0,0,Nice working environment,,"Vacation days, continues development, competitive environment",Fragile environment the last 3 years after the Estonian case,POSITIVE,,POSITIVE,0,0
E10384,Danske Bank,10000+ Employees,https://www.danskebank.com/careers,,10215263,2016-04-10T00:18:34.340,Senior Manager,True,0,,"Dublin, Dublin",3,0,0,0,0,0,0,Manager,,"Location, work hours, access to management",Very loose management structure. No formal career development plan,,,,0,0
E10384,Danske Bank,10000+ Employees,https://www.danskebank.com/careers,,56239656,2021-12-05T00:13:04.157,Analyst,True,2,REGULAR,"Copenhagen, Capital Region",5,4,5,5,4,2,5,X,N/A,"Culture, career opportunities, work life balance","Low bonuses, cost management focus",POSITIVE,APPROVE,POSITIVE,0,0
E10384,Danske Bank,10000+ Employees,https://www.danskebank.com/careers,,87594310,2024-05-23T21:27:39.270,Risk Specialist,False,2,REGULAR,Vilnius,4,5,5,5,3,3,4,Nice with an improvement margin,,"1- Culture
2- Good immediate management
3- Work life balance","1- Low pay raise (3% for everyone Dec 2023)
2- questionable leadership in LT
3- extremely hard to move internally, lack of opportunities 
4- company is not growing
5- loss of benefits (worst insurance than previously, can't no more worke from abroad)",,APPROVE,NEGATIVE,1,0
E10384,Danske Bank,10000+ Employees,https://www.danskebank.com/careers,,60709405,2022-03-06T11:45:48.737,Operations Officer,False,0,REGULAR,,5,3,5,5,4,5,4,Everything was super nice.,,"Good atmosphere, supportive team, company looks at worker super respectfully.","The work is not consistent, people in the team rotates a lot.",,,,0,0
E10384,Danske Bank,10000+ Employees,https://www.danskebank.com/careers,,72063895,2022-12-22T05:07:47.337,Specialist,False,2,REGULAR,,1,0,0,0,0,0,0,No room to grow,,Some amount of job safety for people who just like to show up and not tale responsibility.,No room to grow for ambitious people. Organisational changes all the time.,,,,2,0
E10384,Danske Bank,10000+ Employees,https://www.danskebank.com/careers,,78037519,2023-07-07T02:18:01.093,Senior Software Engineer,False,4,REGULAR,Vilnius,4,5,5,5,4,4,4,Nice and comfortable place to be in,,Comfortable place to be at Flexible working hours Nice culture and values,At some point it's too comfortable. No challenges Salary reviews. New hire can get more than someone who is for a while with the company. It's due to corporate policies limiting the amount that can be added to the salary with yearly reviews,,NO_OPINION,,0,0
E10384,Danske Bank,10000+ Employees,https://www.danskebank.com/careers,,69626927,2022-09-30T03:27:21.667,Front-Line Branch Staff,True,20,REGULAR,"Antrim, Northern Ireland",2,2,4,4,2,1,2,Poor pay,"Antiquated views of pay for expectation from staff, not in line with opportunities available elsewhere. Hence the high staff turnover.","Some roles local to home
Some roles hybrid
Job security","Pay
Understaffed
Undervalued 
Mandatory branch Saturday working",NEGATIVE,NO_OPINION,NEGATIVE,0,0
E10384,Danske Bank,10000+ Employees,https://www.danskebank.com/careers,,91932673,2024-10-15T03:18:00.060,Senior Portfolio Manager,True,0,REGULAR,"Copenhagen, Capital Region",5,0,0,0,0,0,0,Salary,,Content of work very good,Nothing really at the moment,,,,0,0
E10384,Danske Bank,10000+ Employees,https://www.danskebank.com/careers,,67853566,2022-08-12T12:27:58.813,Product Owner (PO),True,0,REGULAR,"Copenhagen, Capital Region",1,1,1,1,1,1,1,Stop,,"No pro, only want salary","Stop asking for all details, already gave my salary as required",NEGATIVE,APPROVE,NEGATIVE,0,0
E10384,Danske Bank,10000+ Employees,https://www.danskebank.com/careers,,59256355,2022-02-07T13:48:48.223,Compliance Officer,True,0,REGULAR,"Copenhagen, Capital Region",4,4,4,4,5,4,5,Good place to grow,,Good benefits and work life balance,A lot of change constantly,POSITIVE,APPROVE,POSITIVE,0,0
E10384,Danske Bank,10000+ Employees,https://www.danskebank.com/careers,,77556020,2023-06-20T13:02:27.287,Software Engineer,False,2,REGULAR,Vilnius,4,4,4,5,3,4,3,Not for everyone,,Corporate atmosphere with overwhelming processes. Top-down management limits creativity and innovation.,Nice office environment. Comprehensive benefits package. Good work-life balance.,POSITIVE,NO_OPINION,NEUTRAL,0,0
E10384,Danske Bank,10000+ Employees,https://www.danskebank.com/careers,,55492283,2021-11-17T10:36:34.113,Data Scientist,True,0,REGULAR,"Copenhagen, Capital Region",5,0,0,0,0,0,0,Good place,,Flexible and friendly environment with competent people.,Large organization with what this implies.,,,,0,0
E10384,Danske Bank,10000+ Employees,https://www.danskebank.com/careers,,75605191,2023-04-18T08:52:21.603,Service Officer,False,2,REGULAR,"Dunmurry, Northern Ireland",1,4,1,3,1,1,3,Salary is extremely low &amp; staff overworked,,None - bullying culture in offices and it’s about “who you know” for progression.,"Contracted staff are treated poorly, extreme work load, bullying culture amongst employees that nothing is done about.",NEGATIVE,DISAPPROVE,NEGATIVE,1,0
E10384,Danske Bank,10000+ Employees,https://www.danskebank.com/careers,,70222293,2022-10-17T09:35:41.960,Compliance Officer,True,4,REGULAR,,4,0,0,0,0,0,0,Good but could be better,,There is overall good benefits and compensation schemes,A lot of re-organizations can often leave you in a worse position,POSITIVE,NO_OPINION,NEUTRAL,0,0
E10384,Danske Bank,10000+ Employees,https://www.danskebank.com/careers,,56797929,2021-12-16T23:49:37.190,Senior Risk Specialist,True,0,REGULAR,"Copenhagen, Capital Region",4,5,4,4,4,4,3,just Danske Bank,,"pragmatism
work life balance
work flexibility
friendly colleagues","excessive internal governance processes
different teams often don't talk to each other/coordinate
excessive politics
not always optimal if you like working from the office in a dynamic environment",POSITIVE,APPROVE,NEUTRAL,0,0
E10384,Danske Bank,10000+ Employees,https://www.danskebank.com/careers,,60981741,2022-03-11T08:00:55.757,AML Officer,True,0,REGULAR,Vilnius,3,3,5,4,3,2,4,22,,"Good office, culture, system, schedule, equipment",Low salary and so on,POSITIVE,NO_OPINION,NEUTRAL,1,0
E10384,Danske Bank,10000+ Employees,https://www.danskebank.com/careers,,50179521,2021-07-23T07:00:34.787,Chief Project Manager,True,4,REGULAR,Vilnius,5,5,5,5,5,5,5,Danske Bank Lithuania,,"Great culture, career opportunities, and benefits package.","Many reorganizations, lots of legacy and hence inefficient ways of working. Lack of ownership in the organization.",POSITIVE,APPROVE,POSITIVE,0,0
E10384,Danske Bank,10000+ Employees,https://www.danskebank.com/careers,,36741583,2020-10-05T13:55:58.143,Chief Platform Engineer,False,1,REGULAR,Bengaluru,1,4,2,4,1,3,1,Horrible! experience,Get the parasites fired if you want to grow,None none none none none,They do not know how to match the work with the JD. It is a hopeless situation with PMO on the top having zero logical understanding,NEGATIVE,DISAPPROVE,NEGATIVE,0,0
E10384,Danske Bank,10000+ Employees,https://www.danskebank.com/careers,,54612572,2021-10-28T05:56:27.683,,True,0,REGULAR,,4,5,4,4,4,4,4,Moving forward!,,Great ambition to change with the demands of society,Some things move really slow,POSITIVE,DISAPPROVE,POSITIVE,0,0
E10384,Danske Bank,10000+ Employees,https://www.danskebank.com/careers,,32265147,2020-03-08T04:12:49.040,Customer Adviser,False,2,REGULAR,"Belfast, Northern Ireland",4,5,5,0,2,5,5,Excellent company,,"great benefits and people, as well as flexibility",no career progression available after being promised it,POSITIVE,APPROVE,POSITIVE,0,0
E10384,Danske Bank,10000+ Employees,https://www.danskebank.com/careers,,41076586,2021-01-20T05:45:01.957,Developer,False,0,REGULAR,Vilnius,2,2,2,2,2,2,1,good,,good environement to start as developer,too much burocracy and low focus on delivery,NEGATIVE,DISAPPROVE,NEGATIVE,0,0
E10384,Danske Bank,10000+ Employees,https://www.danskebank.com/careers,,78925991,2023-08-07T09:46:12.043,Learning Consultant,True,4,REGULAR,Vilnius,4,5,4,5,5,3,4,"Good people, pay could be way better",,A lot of interesting projects and people. Can learn a lot from all the projects.,Pay does not correspond with the work that is put in.,POSITIVE,APPROVE,POSITIVE,0,0
E10384,Danske Bank,10000+ Employees,https://www.danskebank.com/careers,,48434194,2021-06-16T10:13:06.210,Team Leader,False,0,REGULAR,"Copenhagen, Capital Region",3,3,1,1,3,3,2,Old School,,"Great collegues, benefits and training",Old School Leadership and governance,POSITIVE,DISAPPROVE,NEUTRAL,0,0
E10384,Danske Bank,10000+ Employees,https://www.danskebank.com/careers,,56984747,2021-12-22T05:01:22.377,QA Engineer,False,2,REGULAR,Vilnius,4,4,2,3,4,3,3,"Good perks, no future",,"Good perks
Not so much work to do
Slow pace","Nobody cares about anything
Nordic countries looks to other countries from above
You won't make any impact ever on anything bigger",NEGATIVE,NO_OPINION,NEUTRAL,0,0
E10384,Danske Bank,10000+ Employees,https://www.danskebank.com/careers,,83769298,2024-01-26T13:24:36.720,Team Manager,False,4,REGULAR,Vilnius,4,4,5,4,4,3,3,"Good atmosphere, nice culture",,"Positive atmosphere, good culture, senior leadership presence in vilnius.","Making an impact is hard, but this might be expected due to the size of the company and position one holds.",POSITIVE,,POSITIVE,0,0
E10384,Danske Bank,10000+ Employees,https://www.danskebank.com/careers,,24620009,2019-02-09T10:45:24.203,IT Student Worker,False,1,PART_TIME,Brabrand,4,5,4,0,4,5,4,Very interesting experience,Attract new ideas with new talent,"Good salaries, Resources for employees, benefits,  long holidays, good training","Complex organization, Ancient systems, static,  bad reputation, old image",POSITIVE,NO_OPINION,NEUTRAL,0,0
E10384,Danske Bank,10000+ Employees,https://www.danskebank.com/careers,,86156503,2024-04-09T13:16:56.490,Business Analyst,True,2,REGULAR,Vilnius,3,5,3,1,1,3,3,Nice organization,They need to work on the internal promotion process,Good benefits and Nice office,Internal promotion is very hard,,,,0,0
E10384,Danske Bank,10000+ Employees,https://www.danskebank.com/careers,,25859969,2019-04-26T07:18:52.310,Business Analyst,True,1,REGULAR,Bengaluru,4,5,5,0,4,5,3,Business Analyst,,"Excellent company
Friendly environment
Very gud ambiance to work
More to learn
International exposure
Flexible timings",Not much its gud company,POSITIVE,APPROVE,POSITIVE,0,0
E10384,Danske Bank,10000+ Employees,https://www.danskebank.com/careers,,88364294,2024-06-18T11:37:43.047,Senior DevOps Engineer,False,4,REGULAR,Vilnius,5,5,5,5,5,4,4,Great company to work in,,Awesome place to work for IT employees. Great culture.,Not flexible and slow processes like in most banks.,,,,0,0
E10384,Danske Bank,10000+ Employees,https://www.danskebank.com/careers,,80916018,2023-10-13T08:19:34.533,Risk Operations,True,6,REGULAR,"Belfast, Northern Ireland",4,4,5,4,3,3,4,Great place to work but could be even better,- Improve consistency among the team managers in terms of how well they support their staff. - Increase the pay difference between grades 2-4 so there is more incentive to progress. - Staff wellbeing can be better promoted through meaningful daily actions rather than just repeated mental health seminars,"- Friendly collaborative culture with great colleagues - Flexibility with a mix of office and home working - Visibility of UK CEO who communicates updates regularly and visits all teams personally &amp; makes a point of attending lots of internal events. - Employee assistance programme which provides healthcare benefits - Range of additional benefits you can purchase e.g. additional leave, dental insurance, car scheme","- Team managers can be hit or miss - some are super supportive while others micro manage and neglect their staff's wellbeing - Upward progression is limited unless you ""know the right people"" - Pay difference between the lower salary grades is minimal and disproportionate to the increased level of work meaning there is little incentive to move up. - Lower grade positions underpaid compared to other institutions and instead of paying those staff more, the organization encourages them to 'squiggle' and take sideways career moves",POSITIVE,APPROVE,POSITIVE,1,0
E10384,Danske Bank,10000+ Employees,https://www.danskebank.com/careers,,91705074,2024-10-07T14:26:15.257,Senior Consultant,True,0,REGULAR,"Copenhagen, Capital Region",5,5,5,5,5,4,4,Great place to work,,Competent people. flexible workstyles allowed and interesting topics.,Can be fairly rigid hierarchy structure,POSITIVE,APPROVE,POSITIVE,0,0
E10384,Danske Bank,10000+ Employees,https://www.danskebank.com/careers,,76708789,2023-05-23T11:38:47.567,Customer Adviser,True,4,PART_TIME,"Dunmurry, Northern Ireland",5,4,5,5,5,3,5,Great place to work,,"I have worked in Customer Direct for 2 years. Great company ro work for, very supportive with a great career pathway. Excellent coaches &amp; managers.",Pressure to progress through the ranks which may not always be wanted.,POSITIVE,APPROVE,POSITIVE,0,0
E10384,Danske Bank,10000+ Employees,https://www.danskebank.com/careers,,89911034,2024-08-08T09:04:11.657,Business Analyst,True,1,REGULAR,Vilnius,4,5,5,5,5,4,4,Good place for family person,,"- Great office
- Cheap canteen
- Friendly colleagues
- Well established system","- Lower than market salary
- Management does not want to increase salary",POSITIVE,APPROVE,POSITIVE,0,0
E10384,Danske Bank,10000+ Employees,https://www.danskebank.com/careers,,86338879,2024-04-15T14:30:05.343,GenAI engineer,False,0,REGULAR,"Copenhagen, Capital Region",3,0,0,0,0,0,0,no thing ,,no thing to say hahaha,slowly process and people don't have passion,,,,0,0
E10384,Danske Bank,10000+ Employees,https://www.danskebank.com/careers,,94895499,2025-02-08T15:59:54.997,Robotic Process Automation (RPA) Developer,False,2,REGULAR,Vilnius,4,4,3,2,3,4,1,Decent place to work,,"Great benefits
Great office
Decent pay","Lots of office politics 
Old fashioned office culture
Jobs moving out of country",POSITIVE,NO_OPINION,NEUTRAL,0,0
E10384,Danske Bank,10000+ Employees,https://www.danskebank.com/careers,,68966363,2022-09-12T11:00:38.747,Procurement Category Specialist,True,0,REGULAR,,5,0,0,0,0,0,0,*,,Great company to work in banking sector,Nothing that i can think of now,,,,1,0
E10384,Danske Bank,10000+ Employees,https://www.danskebank.com/careers,,56807120,2021-12-17T05:37:38.223,,True,1,REGULAR,Bengaluru,5,5,5,5,5,5,5,Excellent,,Glad to be part of the organization.,No Cons as of now .,POSITIVE,APPROVE,POSITIVE,0,0
E10384,Danske Bank,10000+ Employees,https://www.danskebank.com/careers,,56813513,2021-12-17T08:24:26.237,Senior Officer,False,0,REGULAR,,2,2,2,1,1,3,1,Danske Bank Compliance,,"pension, health care insurance, holidays","culture, bureaucracy, discrepancy in goals",,,,1,0
E10384,Danske Bank,10000+ Employees,https://www.danskebank.com/careers,,77329070,2023-06-13T07:48:05.887,Business Development,False,4,REGULAR,"Belfast, Northern Ireland",5,5,5,5,4,5,4,Great culture!,Keep doing what you’re doing,Great place to work! Brilliant culture and work life balance.,No parking for staff apart from senior management,POSITIVE,APPROVE,POSITIVE,0,0
E10384,Danske Bank,10000+ Employees,https://www.danskebank.com/careers,,71683957,2022-12-07T06:03:15.417,Senior Officer,True,4,REGULAR,"Copenhagen, Capital Region",4,4,4,4,4,4,2,It can be a great place to work,,"A place where you can learn and grow, many opportunities within the company, good salary and working conditions, amazing colleagues for the most part","Slow to implement any change, Legacy systems, Management is not always great",POSITIVE,,,0,0
E10384,Danske Bank,10000+ Employees,https://www.danskebank.com/careers,,55280279,2021-11-12T09:43:02.673,Front End Developer,False,4,REGULAR,,4,0,0,0,0,0,0,Fine,,Good team. Salary was good.,Big organization. Long way from bottom to top.,,,,0,0
E10384,Danske Bank,10000+ Employees,https://www.danskebank.com/careers,,70603888,2022-10-29T03:37:08.953,Administrative Assistant,False,0,REGULAR,,5,5,5,5,4,3,5,great,,great employer to be honEst,nothing to add to be honest,POSITIVE,APPROVE,POSITIVE,0,0
E10384,Danske Bank,10000+ Employees,https://www.danskebank.com/careers,,76585081,2023-05-19T03:43:43.507,Data Engineer,True,0,REGULAR,Bengaluru,3,0,0,0,0,0,0,Company review,,flexibity in work good environment good insurance,less pay no hike old legacy systems,,,,0,0
E10384,Danske Bank,10000+ Employees,https://www.danskebank.com/careers,,89567576,2024-07-28T15:40:14.843,Bereavement Support Officer,True,6,REGULAR,"Belfast, Northern Ireland",4,5,3,5,4,3,3,Good place to work,Raise the wage!,"Hybrid working model 
Parking 
Yearly bonus
Generous maternity leave
Very flexible with hours","The salary is just above minimum wage
Training is poor",POSITIVE,APPROVE,POSITIVE,0,0
E10384,Danske Bank,10000+ Employees,https://www.danskebank.com/careers,,92811304,2024-11-13T07:47:23.433,Intern,False,0,REGULAR,"Belfast, Northern Ireland",3,0,0,0,0,0,0,Ok,,"Laid back, flexible, stable, food","red tape, not used to software",,,,0,0
E10384,Danske Bank,10000+ Employees,https://www.danskebank.com/careers,,89858104,2024-08-07T00:29:45.113,Full Stack Developer,True,1,REGULAR,,1,1,1,1,1,1,1,narcissistic teamleads,,"popular technologies, nice office in Vilnius","no work life balance, self centered team ""acting competitive"" and ""complainy"" culture",NEGATIVE,NO_OPINION,NEUTRAL,0,0
E10384,Danske Bank,10000+ Employees,https://www.danskebank.com/careers,,2872992,2013-07-29T17:59:44.077,Senior Analyst,True,6,REGULAR,"Copenhagen, Capital Region",2,2,3,0,1,1,3,Conservative and bureaucratic,Show some appreciation for employees and eliminate the BS communication.,"- Good job security.
 - Good flexibility in working hours.
 - New strategy could provide some opportunity for improvements.","- Lack of transparent career progression and opportunities.
 - Relatively poor salary/compensation package.
 - Lack of reward for hard work and results.
 - Too much office politics and opaque communication with inconsistencies.
 - Corporate culture is very conservative and bureaucratic.",NEGATIVE,APPROVE,NEUTRAL,2,0
E10384,Danske Bank,10000+ Employees,https://www.danskebank.com/careers,,89325058,2024-07-20T05:39:00.040,Chief Dealer,False,4,REGULAR,"Copenhagen, Capital Region",1,3,1,1,1,1,1,Job as chief dealer in bonds in danske bank,,"Suitable for individuals with strong analytical skills and a comprehensive understanding of financial markets. This role is central to the bank’s trading operations, involving the execution of bond trades, management of trading strategies, and ensuring compliance with regulatory requirements.

Responsibilities include overseeing bond trading activities, developing and implementing trading strategies, and maintaining relationships with clients and counterparties. The Chief Dealer must stay abreast of market trends, economic indicators, and geopolitical events that could impact bond prices and trading volumes. Additionally, risk management is a critical component, requiring the identification, assessment, and mitigation of potential trading risks.","The role demands a high level of expertise in fixed-income securities, proficiency in financial software, and strong decision-making capabilities. Effective communication skills are essential for liaising with internal teams and external stakeholders.

While the position offers opportunities for professional growth and significant responsibility, it also involves high stress levels due to the fast-paced and volatile nature of financial markets. The need for quick, accurate decisions can be intense, and the performance is often closely monitored and evaluated based on trading outcomes.

Overall, the role of Chief Dealer in Bonds at a Danske is suited for individuals who thrive in high-pressure environments, possess deep market knowledge, and have a keen ability to manage strategy and risk effectively.",NEGATIVE,DISAPPROVE,NEUTRAL,0,0
E10384,Danske Bank,10000+ Employees,https://www.danskebank.com/careers,,79409137,2023-08-23T09:05:24.223,PMO Analyst,False,1,REGULAR,"Copenhagen, Capital Region",4,5,4,5,4,4,4,Good work life balance,Formalise standards and ensure they are adhered to,Good work life balance Friendly people,"Disorganised Senior people overloaded and difficult to get their time Processes are immature, with poor controls in some areas",POSITIVE,APPROVE,NEGATIVE,0,0
E10384,Danske Bank,10000+ Employees,https://www.danskebank.com/careers,,67500467,2022-08-03T13:11:34.387,Retail Banker,True,2,REGULAR,"Helsinki, Southern Finland",4,0,0,0,0,0,0,-,,"Benefits, co-workers, location, idea and manager",Job description and what the job really is.,,,,0,0
E10384,Danske Bank,10000+ Employees,https://www.danskebank.com/careers,,73479900,2023-02-09T10:57:41.200,Analyst,True,20,REGULAR,"Belfast, Northern Ireland",3,0,0,0,0,0,0,Review,,Small team and local management,Poor annual review process and uncompetitive salary,,,,0,0
E10384,Danske Bank,10000+ Employees,https://www.danskebank.com/careers,,52766464,2021-09-19T07:42:52.887,Analyst,True,6,REGULAR,"Copenhagen, Capital Region",3,3,3,3,3,3,3,Little compensation for performance,"Compensate for performance, not showing up.",Low baseline expectations for start.,Low compensation for hood work.,POSITIVE,NO_OPINION,NEUTRAL,0,0
E10384,Danske Bank,10000+ Employees,https://www.danskebank.com/careers,,35955427,2020-09-14T19:35:03.817,Project Manager,False,0,REGULAR,,4,0,0,0,0,0,0,Great supportive environment,,Supportive Enganged Understanding Teamwork Highly skilled team,Legacy environments tend to dominate progress,,,,0,0
E10384,Danske Bank,10000+ Employees,https://www.danskebank.com/careers,,93542895,2024-12-10T02:32:07.273,Project Manager,True,0,REGULAR,"Belfast, Northern Ireland",5,0,0,0,0,0,0,Good place to work,,"Annual leave, culture, good pension","None, can't think of any",,,,0,0
E10384,Danske Bank,10000+ Employees,https://www.danskebank.com/careers,,18927412,2018-01-26T05:35:53.853,Operations Officer,False,2,REGULAR,Vilnius,2,5,4,0,2,2,3,Great culture to start,,"-Good Scandinavian  culture
- great people","- Limited potential for growth later in a career
- very slow changes",NEGATIVE,NO_OPINION,,0,0
E10384,Danske Bank,10000+ Employees,https://www.danskebank.com/careers,,86337001,2024-04-15T13:29:41.020,,True,0,REGULAR,,4,0,0,0,0,0,0,Good to work there,,Good benefit and the way of working,No bonus for all employees,,,,0,0
E10384,Danske Bank,10000+ Employees,https://www.danskebank.com/careers,,5833552,2015-02-02T13:15:59.253,,False,2,PART_TIME,"Belfast, Northern Ireland",4,0,0,0,0,0,0,Service Advisor for Dankse Bank,Nothing to add,"It is good salary for a part-time job. About £8p/h. What is also good, particularly if student working part-time is that you learn a lot about common financial matters such as savings, bank accounts, mortgages etc.","Sometimes work can get a bit boring if on cash, but this depends on where you are placed etc.",,,,0,0
E10384,Danske Bank,10000+ Employees,https://www.danskebank.com/careers,,19180088,2018-02-10T10:25:31.120,Product Owner,True,2,REGULAR,"Copenhagen, Capital Region",4,5,3,0,5,4,5,Hired as a Senior Consultant and promoted to a Product Owner,Make people accountable for their work. Reduce work in progress throughout the organization to reduce dependencies and help become more agile. Invest heavily to information management and harmonization of tools and processes.,"Benefits, compensation, well managed, positive atmosphere, low pressure, low stress","Complicated organization,  unclear responsibilities, silos, lack of ownership/responsibility often leads to sub-par outcomes",POSITIVE,APPROVE,POSITIVE,0,0
E10384,Danske Bank,10000+ Employees,https://www.danskebank.com/careers,,29515176,2019-09-29T11:04:53.037,,False,2,REGULAR,,3,3,4,0,3,3,2,Danske bank,,"Big international company, there are some benefits like private health care..","Too much corporate nonsense, small salary, a lot of overtime",POSITIVE,NO_OPINION,NEUTRAL,0,0
E10384,Danske Bank,10000+ Employees,https://www.danskebank.com/careers,,42518044,2021-02-15T10:42:57.817,Customer Service Advisor,True,0,REGULAR,"Belfast, Northern Ireland",4,0,0,0,0,0,0,Great company,,Friendly staff and great team spirit,Long hours and poor pay,,,,0,0
E10384,Danske Bank,10000+ Employees,https://www.danskebank.com/careers,,90708531,2024-09-04T09:52:05.213,Senior Specialist Advisor,True,0,REGULAR,,3,2,3,4,5,3,2,range of opportunities,,Mainly team spirit is awesome,big company comes with down sides,POSITIVE,,POSITIVE,0,0
E10384,Danske Bank,10000+ Employees,https://www.danskebank.com/careers,,29284390,2019-09-17T13:20:03.610,Project Manager,True,4,REGULAR,"Copenhagen, Capital Region",4,5,3,0,3,5,3,Project manager,,Agile IT Moon Shot Startup,Bureaucracy Corporate Slow Big Conservative,POSITIVE,APPROVE,POSITIVE,0,0
E10384,Danske Bank,10000+ Employees,https://www.danskebank.com/careers,,93155518,2024-11-25T10:40:12.970,Customer Service Representative,True,6,REGULAR,"Belfast, Northern Ireland",5,5,5,5,5,3,5,Great opportunity for progression,Keep doing what your doing,"Flexible Working, challenging work, feel like you are making a difference",Salaries could be a lot higher,,,,0,0
E10384,Danske Bank,10000+ Employees,https://www.danskebank.com/careers,,91943910,2024-10-15T08:58:09.857,AML Specialist,False,2,REGULAR,"Helsinki, Southern Finland",3,4,4,5,5,3,5,AML Specialist advisor,,"Great workmates, ok salary, push for new technology. Lunch benefit is good, the main office has a gym.","A lot of the decisions are made in Denmark which sucks, as they don't understand how some decisions affect Finland.",POSITIVE,APPROVE,POSITIVE,0,0
E10384,Danske Bank,10000+ Employees,https://www.danskebank.com/careers,,75971112,2023-04-30T00:14:22.730,Business Analyst,False,20,REGULAR,"Belfast, Northern Ireland",3,4,1,4,2,4,1,Decent place to work,Listen to your staff instead of select senior managers. Value your experienced staff members.,Facilities were ok Good for picking up skills to a point Pension and additional benefits were good Enjoyed most of my time there,Culture isn’t as management would have you believe Salary is below market value - need to move past rigid pay structures Top heavy with management roles in certain areas with a lot of favouritism Questionable actions from senior managers that are meant to be role models,NEGATIVE,NO_OPINION,NEUTRAL,0,0
E10384,Danske Bank,10000+ Employees,https://www.danskebank.com/careers,,23930883,2018-12-21T18:19:52.033,Senior Relationship Manager,True,9,REGULAR,Oslo,5,5,5,0,5,5,5,SENIOR RELATIOSHIP MANAGER,Working on the strategies and direction that I have seen so far. Keep up the communication and open Keep lines of feedback.,am I newer to the team and so far things have been going well. I have found the team to be welcoming and engaging and that everyone here wants to contribute to the success of the business. The office culture is friendly and people enjoy working hard and having fun. I have been able to make an impact and provide input and suggestions even while still being new to the team. And my boss and the office culture in general support a positive work life balance.,"It isn't so much of a con, but you should be prepared to work closely with your peers in an open setting. If you can't thrive in that kind of situation then it could be more difficult for you.",POSITIVE,APPROVE,POSITIVE,0,0
E10384,Danske Bank,10000+ Employees,https://www.danskebank.com/careers,,67148659,2022-07-25T23:26:14.727,HR Specialist,False,2,REGULAR,Vilnius,4,5,5,5,4,5,4,HR,,"international business environment, good benefits, young colleques","a lot of bureaucracy, salary rise each year is not high",POSITIVE,APPROVE,POSITIVE,0,0
E10384,Danske Bank,10000+ Employees,https://www.danskebank.com/careers,,89471519,2024-07-24T22:11:57.650,Customer Support Associate,False,2,PART_TIME,Linköping,5,0,0,0,0,0,0,Early career,,"- Vetted onboarding process for new hires. 
- Community among fellow customer support associates.
- Good mix of individual ownership and cooperative support system.","- Salary could be higher.
- Lack of manager feedback and one-on-ones.",POSITIVE,NO_OPINION,NEUTRAL,0,0
E10384,Danske Bank,10000+ Employees,https://www.danskebank.com/careers,,21075179,2018-06-17T02:41:43.313,,True,2,REGULAR,Bengaluru,3,4,3,0,3,3,3,"""Not a bad place to Work""",Employee satisfaction is something which management has to look into it very seriously.,"I have been working for Danske Bank for almost 2 years now. Work life balance is pretty good over here. There will be only 2 shifts based on the business requirement you will be asked to come in any one. 

It easy to get the approval for required training's and certification on time, provided those training's are relevant to the Job that you do in Danske Bank.",Transport policies are really vague. It impossible to get the preferred pick up/drop point.,POSITIVE,NO_OPINION,NEUTRAL,4,0
E10384,Danske Bank,10000+ Employees,https://www.danskebank.com/careers,,30034831,2019-10-26T12:42:11.557,,True,4,REGULAR,Vilnius,2,3,1,0,1,1,1,Project manager,"Senior managers should have sufficient experience and skills to be true leaders and role models, unfortunately, there is a lack managers having right skillet and  lots of employees feel demotivated and left behind their managers ego.","Nice office, good brand name.",No area for PM to apply best practices ; immature senior managers; too much bureaucracy ; limited development opportunities,NEGATIVE,APPROVE,NEGATIVE,1,0
E10384,Danske Bank,10000+ Employees,https://www.danskebank.com/careers,,81160650,2023-10-22T08:02:02.377,Financial Crime Analyst,True,0,REGULAR,"Derry, Northern Ireland",4,4,3,4,3,3,1,Good place to work,,"team split between Derry &amp; Belfast, range of age and background of colleagues and all get on very well. Flexible working is biggest benefit",Hybrid working model changing from mandatory 2 to 3 days a week in office with no proper reasoning behind this.,,,,0,0
E10384,Danske Bank,10000+ Employees,https://www.danskebank.com/careers,,36705733,2020-10-04T23:07:47.940,Investment Specialist,True,0,REGULAR,"Copenhagen, Capital Region",4,5,4,5,4,3,3,Great place to work,,Problably the only bank in Denmark with an advisory engine that can service institutional clients / family offices etc.,"the scandals (money laundering, issues in debt-collecting etc) is thking its toll. The Bank is very unpopular.",POSITIVE,NO_OPINION,POSITIVE,0,0
E10384,Danske Bank,10000+ Employees,https://www.danskebank.com/careers,,36135807,2020-09-19T05:03:49.370,Validator,True,0,REGULAR,,4,0,0,0,0,0,0,Danske,,Independence in working is there.,Burocracy Is quite bad however,,,,0,0
E10384,Danske Bank,10000+ Employees,https://www.danskebank.com/careers,,81729176,2023-11-11T00:02:25.917,Analyst,True,0,REGULAR,"Helsinki, Southern Finland",2,0,0,0,0,0,0,Blah,,Not toi much to write,Decreased flexibility Low quality management,,,,1,0
E10384,Danske Bank,10000+ Employees,https://www.danskebank.com/careers,,20144996,2018-04-13T10:51:56.257,,False,0,REGULAR,,4,5,4,0,5,5,4,Company review,,"Good salary, benefits, holidays, location, cantine","Old-fashioned institution, some of the systems old-fashioned",POSITIVE,APPROVE,POSITIVE,0,0
E10384,Danske Bank,10000+ Employees,https://www.danskebank.com/careers,,21503405,2018-07-16T12:56:13.637,,True,0,REGULAR,,2,0,0,0,3,0,0,bad,,"arent any pros, sorry he","no progression, rubbish pay, out for themslevs",,,,1,0
E10384,Danske Bank,10000+ Employees,https://www.danskebank.com/careers,,70479278,2022-10-25T10:17:02.183,Product Owner,False,0,REGULAR,,2,5,2,5,3,5,1,Frequent and sudden changes,Try to keep stuff stable for a while. Let people meet the colleagues they work with on a daily basis for years in the same team. Travel might have a cost but also a valuable investment.,"Great people to work with, exciting tasks and great renumeration",During my 2 years at Danske Bank I’ve been through 3 reorganisations. Vacant positions are not filled since the bank has a hard time finding candidates. But you will still be expected to deliver the same results.,NEGATIVE,DISAPPROVE,NEUTRAL,0,0
E10384,Danske Bank,10000+ Employees,https://www.danskebank.com/careers,,88813653,2024-07-03T07:58:08.603,Analyst,False,2,REGULAR,"Stockholm, Stockholm",4,4,4,5,4,5,3,Recommend the workplace,,"Decent compensation.
Office environment.
Colleagues.
IT equipment.","It likely depends on what departement you work on, but in general, Denmark comes first.
Employee interest rate benefits have deteriorated.
Volatile bonuses (roof, but no floor)",POSITIVE,NO_OPINION,NEUTRAL,0,0
E10384,Danske Bank,10000+ Employees,https://www.danskebank.com/careers,,83261592,2024-01-11T05:04:40.273,Human Resources,False,4,REGULAR,,3,4,1,3,3,4,3,political,,"Basic conditions 
Benefits
Opportunities
International
Transformational","Political
Ego driven
Not innovative
Self absorbed
lack customer focus",NEGATIVE,APPROVE,POSITIVE,0,0
E10384,Danske Bank,10000+ Employees,https://www.danskebank.com/careers,,50818335,2021-08-07T11:44:55.357,Business Analyst,True,2,REGULAR,"Copenhagen, Capital Region",5,5,5,5,5,5,4,Great place to work,"Focus on solving current mismanagement issues, and keep personnel morale up. Ensure continued high transparency with identified issues, and learn from past mistakes.","Great colleagues, interesting and challenging work tasks. Superb work-life balance. High support for the personal and professional growth of employees.","Big organisation, so all processes take time as many parties want to share their own opinion. Lots of (justified) negative publicity due to historical mismanagement with different processes in the bank.",POSITIVE,NO_OPINION,POSITIVE,0,0
E10384,Danske Bank,10000+ Employees,https://www.danskebank.com/careers,,80759899,2023-10-08T08:49:32.727,Tax Manager,True,0,REGULAR,,5,5,5,5,5,5,5,Great Company,,Great company with good people and benefits,Not that much to say,,,,0,0
E10384,Danske Bank,10000+ Employees,https://www.danskebank.com/careers,,64997126,2022-06-02T04:22:11.447,Operations Officer,False,0,REGULAR,Vilnius,4,4,4,4,3,4,4,OK,,"Health insurance, employment benefits, as a first office job, it was a great opportunity to learn many things",Not many cons that I can think about,,,,0,0
E10384,Danske Bank,10000+ Employees,https://www.danskebank.com/careers,,22157454,2018-08-25T11:18:00.433,Student Assistant,True,2,PART_TIME,,3,5,2,0,5,5,4,recommended for a specific type of employee,,A company that impowers  employees of any level,not suited for young employees looking for a social work place or internationals looking to hear English around,,,NEGATIVE,1,0
E10384,Danske Bank,10000+ Employees,https://www.danskebank.com/careers,,47449848,2021-05-25T13:58:39.243,Customer Service Advisor,True,1,REGULAR,"Belfast, Northern Ireland",3,5,4,4,3,4,5,Decent,Keep up the good work,Nice office space with good facilities. Nice people to work with. Good management.,Low wage and draining work.,POSITIVE,NO_OPINION,NEUTRAL,0,0
E10384,Danske Bank,10000+ Employees,https://www.danskebank.com/careers,,28144444,2019-07-21T00:34:04.390,Sourcing and Senior TA Specialist,True,0,REGULAR,,4,0,0,0,0,0,0,In-house Sourcing and Talent Acquisition,,Culture and large international organisation,Huge organisation - takes time to change direction and improve TA,POSITIVE,APPROVE,,0,0
E10384,Danske Bank,10000+ Employees,https://www.danskebank.com/careers,,32665214,2020-04-09T07:08:34.200,,True,0,REGULAR,,3,5,4,0,3,2,5,Software Engineer,,"Good team chemistry, opportunities to learn.","Slow processes, unclear promotion procedures.",NEGATIVE,NO_OPINION,NEUTRAL,0,0
E10384,Danske Bank,10000+ Employees,https://www.danskebank.com/careers,,81224605,2023-10-24T11:45:24.033,Student Analyst,True,2,PART_TIME,"Copenhagen, Capital Region",4,2,2,5,3,2,2,It's okay.,,Good salary and nice cantina,"Company culture, there is not much community at work",NEGATIVE,NO_OPINION,NEUTRAL,0,0
E10384,Danske Bank,10000+ Employees,https://www.danskebank.com/careers,,18760820,2018-01-16T13:24:42.010,Junior Business Developer,True,1,REGULAR,Vilnius,4,5,5,0,3,2,3,Review,More action in order to set up structure,"Great environment, great people,  good experience","Poor Communication, lots of promises.",POSITIVE,NO_OPINION,NEUTRAL,0,0
E10384,Danske Bank,10000+ Employees,https://www.danskebank.com/careers,,87950182,2024-06-04T22:40:11.093,Teller,False,0,PART_TIME,"Likely, CA",5,0,0,0,0,0,0,Great,,Benefits are good and environment is good,Work like balance not good,,,,0,0
E10384,Danske Bank,10000+ Employees,https://www.danskebank.com/careers,,75065613,2023-03-31T04:42:55.443,Customer Support,False,0,PART_TIME,"Helsinki, Southern Finland",5,0,0,0,0,0,0,Would recommend,,Very good company liked it,"No cons, best place ever",,,,0,0
E10384,Danske Bank,10000+ Employees,https://www.danskebank.com/careers,,76795599,2023-05-25T18:08:27.733,Software Engineer,True,0,REGULAR,,3,4,3,3,3,3,3,Good,,Work life balance and good office,Frequet changes in the management,POSITIVE,NO_OPINION,NEUTRAL,0,0
E10384,Danske Bank,10000+ Employees,https://www.danskebank.com/careers,,80160876,2023-09-18T03:04:01.627,,False,2,REGULAR,,5,0,0,0,0,0,0,Great culture,,Great company culture and great colleagues. + Meaningful work.,There are no cons I could say about DB.,,,,0,0
E10384,Danske Bank,10000+ Employees,https://www.danskebank.com/careers,,70854226,2022-11-07T09:13:07.653,Senior Software Engineer,True,0,REGULAR,,4,0,0,0,0,0,0,Good,,"Benefits, Location, Parking, Office, Culture","Bureaucracy, reputation, lack of long term vision",,,,0,0
E10384,Danske Bank,10000+ Employees,https://www.danskebank.com/careers,,76602427,2023-05-19T13:54:27.917,FVP - Technology,True,4,REGULAR,"Copenhagen, Capital Region",3,5,3,4,4,2,3,"Stable, but not exciting","Stop maling everything a “manager repsonsibility”. Set up a solid support for employees who are hiring managers, or do a lot of different administrative work. That way we spend our time adding value and not managing admin, HR, expenses, communication etc","Very flexible working conditions, nice colleagues.","Terrible reputation, lack of internal support for almost everything from HR to IT. Salary is mediocre and bonus etc almost nothing.",POSITIVE,APPROVE,POSITIVE,0,0
E10384,Danske Bank,10000+ Employees,https://www.danskebank.com/careers,,81360423,2023-10-29T05:45:57.527,Chief Creative Strategist,True,0,REGULAR,,3,4,2,3,4,4,3,Decent,,Decent pay High retention Not too heavy work load,Conservative Risk-averse Silo splitted No real purpose Very maculine,POSITIVE,NO_OPINION,POSITIVE,0,0
E10384,Danske Bank,10000+ Employees,https://www.danskebank.com/careers,,34561924,2020-08-01T14:48:57.440,Operations,False,0,REGULAR,,5,0,0,0,0,0,0,"Good bank, tough time",,Nice and pleasant bunch of people,Not much I can think of,,APPROVE,,0,0
E10384,Danske Bank,10000+ Employees,https://www.danskebank.com/careers,,79937854,2023-09-11T01:02:10.653,Software Architect,False,0,REGULAR,Aarhus,5,0,0,0,0,0,0,Good,,Very Good company to work with,I have not experienced any cons,POSITIVE,,,0,0
E10384,Danske Bank,10000+ Employees,https://www.danskebank.com/careers,,50765540,2021-08-06T01:10:15.507,Customer Service,True,0,REGULAR,"Dunmurry, Northern Ireland",2,0,0,0,0,0,0,Tough going,,9-5 monday to friday shifts. Friendly staff,Work life balance is not great. Pay could be more for the work involved,,,,0,0
E10384,Danske Bank,10000+ Employees,https://www.danskebank.com/careers,,63175915,2022-04-23T10:53:19.980,Tax Operations Specialist,False,2,REGULAR,"Copenhagen, Capital Region",5,5,5,5,5,5,5,Positive experience,Keep up with the current work,Great values leaders really trying to be present,Unfortunately the bad reputation which only includes one branch in the Baltic,POSITIVE,APPROVE,POSITIVE,0,0
E10384,Danske Bank,10000+ Employees,https://www.danskebank.com/careers,,77829644,2023-06-29T09:58:15.120,Underwriter,True,1,REGULAR,"Belfast, Northern Ireland",4,4,4,3,4,4,4,Work from home flexibility,,Great when it comes to hybrid working,Can’t think of anything at the moment,,,,0,0
E10384,Danske Bank,10000+ Employees,https://www.danskebank.com/careers,,39528209,2020-12-16T14:08:25.947,Senior Compliance Officer,True,0,REGULAR,,1,2,2,2,2,5,1,Poor culture,,Pension and benefits such as insurance,"Chaotic structure
Poor management
Cultural misfit among employees",NEGATIVE,DISAPPROVE,NEGATIVE,0,0
E10384,Danske Bank,10000+ Employees,https://www.danskebank.com/careers,,69306391,2022-09-21T13:59:07.843,AML Compliance Analyst,True,0,REGULAR,"Belfast, Northern Ireland",3,3,4,2,3,2,3,Below par,,The working weekly hours was favourable.,Better basic salary found elsewhere.,,,,1,0
E10384,Danske Bank,10000+ Employees,https://www.danskebank.com/careers,,11060782,2016-06-27T19:57:15.287,,True,2,,Bengaluru,3,3,2,0,4,3,1,Business analyst,"Get management from different company, remove ITC management which is not good for overall health of the company. Avoid- people from Infosys, TCS etc","Work life balance is good, no over time needed","Management should gear up to accept people from different company background, as currently they still think of ITC policies and all the time they compare ITC as a bench mark.",POSITIVE,NO_OPINION,NEUTRAL,4,0
E10384,Danske Bank,10000+ Employees,https://www.danskebank.com/careers,,59106622,2022-02-04T08:04:11.653,Senior Software Engineer,False,0,REGULAR,"Copenhagen, Capital Region",5,0,0,0,0,0,0,great company to work for,,"great work-life balance 
good colleagues","I can't think of any, recommended",,,,0,0
E10384,Danske Bank,10000+ Employees,https://www.danskebank.com/careers,,21741078,2018-07-31T09:35:25.010,Administrative Assistant,False,2,REGULAR,"Belfast, Northern Ireland",2,3,1,0,1,1,1,Avoid admin jobs at Danske,,"Decent canteen
Flexible hours to suit yourself more","Monotonous admin work
Toxic working environment
Salary quite low compared to other banks",,,,2,0
E10384,Danske Bank,10000+ Employees,https://www.danskebank.com/careers,,82496539,2023-12-11T07:26:38.947,Sanction Screening Analyst,False,0,REGULAR,Vilnius,3,5,3,4,3,3,1,Work hours,,"Not a lot of work, not stressful","Doesn't pay well, focuses on diversity instead of professionalism",NEGATIVE,NO_OPINION,POSITIVE,0,0
E10384,Danske Bank,10000+ Employees,https://www.danskebank.com/careers,,22038272,2018-08-18T16:58:17.260,Customer Service Advisor,False,1,REGULAR,"Dunmurry, Northern Ireland",2,1,1,0,3,2,1,Potential as a company however harassment by middle management overshadows this,"Hiring and training the right staff is only the first step. Retention should be more of a priority,  give employees reason to dedicate themselves to your bank over other companies, don't just tick the boxes on paper","There are advantages such being able to change within the bank, a good pension scheme, paid for  qualifications and excellent training (perfected due to a high turnover).","The open culture of bullying and harassment within CD from management, which would shock in most other financial institutions or any workplace, not only seems to be an excepted here as the norm but also condoned by the bank and upper management. Despite being againest company policy fake disciplinary meetings have been held to deter from sick days as a result of this harassment. The wage while above nmw is below the living wage and overtime is relied on to increase this. A lot of potential as a company to work for however this is overshadowed by an inability to adapt to a more with the times workforce.",NEGATIVE,NO_OPINION,NEUTRAL,4,0
E10384,Danske Bank,10000+ Employees,https://www.danskebank.com/careers,,91545462,2024-10-02T04:17:04.727,AML Analyst,False,2,REGULAR,"Copenhagen, Capital Region",4,5,3,5,3,4,3,Selective growth opportunities,"More flat structure within teams, clear career grow path, clear opportunities. ","- salary
- working env. 
- learning opportunities","- projects stagnations 
- internal politics
- selective growth opportunities - not available to everyone or needed to be ""liked"" to be able to grow in the role",POSITIVE,APPROVE,POSITIVE,0,0
E10384,Danske Bank,10000+ Employees,https://www.danskebank.com/careers,,34708508,2020-08-07T21:12:36.427,Human Resources Partner,False,20,REGULAR,Vilnius,5,0,0,0,0,0,0,Great people work here,,I enjoyed dynamics and team atmosphere.,Things could move faster there.,,,,0,0
E10384,Danske Bank,10000+ Employees,https://www.danskebank.com/careers,,86953843,2024-05-04T02:18:27.847,Senior Project Manager,True,2,REGULAR,Vilnius,4,5,4,5,3,3,3,Good place,,"Great office, a lot to learn",Leadership changes in one day area happening frequently,POSITIVE,,,0,0
E10384,Danske Bank,10000+ Employees,https://www.danskebank.com/careers,,28575561,2019-08-12T04:50:43.577,Analyst,False,4,REGULAR,"Copenhagen, Capital Region",4,2,3,0,4,4,4,"Dedicated employees and management - however, old IT and large bureaucracy.","Empower the heads of the different divisions / Business units - don't put in roadblocks for their initiatives but instead help them achieve their goals. 
for example, HR killed all of our initiatives to hire more female employees instead of assisting these, resulting in all female employees in the business unit changing job...",A lot of dedicated and skillful coworkers working to deliver the best services to customers. Strong culture and in general support from both mid and upper management.,"Old IT backbone and large organisation with much bureaucracy which can kill innovation and initiatives.  Despite this, I believe many of the business units are great to work in, but new employees should be aware that they will have to spend significant time in fighting HR/administration in addition to delivering service to customers.",POSITIVE,APPROVE,NEGATIVE,0,0
E10384,Danske Bank,10000+ Employees,https://www.danskebank.com/careers,,89028655,2024-07-10T13:39:58.573,Technical Manager,True,6,REGULAR,"Copenhagen, Capital Region",5,5,5,5,5,5,5,Great Company,,"Flexibility 
Good salary
Room to grow
Future oriented 
Job security",Vertical growth might be considered slow,POSITIVE,APPROVE,POSITIVE,0,0
E10384,Danske Bank,10000+ Employees,https://www.danskebank.com/careers,,58108985,2022-01-18T07:07:38.027,Software Engineer,True,1,PART_TIME,,5,5,3,3,5,4,5,Pretty nice,,"Flexible workplace with a good salary and nice people. The work-life balance is quite good too, not what I expected from a bank!",The bank has a lot of controversies,POSITIVE,NO_OPINION,POSITIVE,0,0
E10384,Danske Bank,10000+ Employees,https://www.danskebank.com/careers,,62447924,2022-04-07T13:21:15.230,Business Analyst,True,4,REGULAR,"Copenhagen, Capital Region",3,4,2,3,3,3,1,"Bureaucratic, conservative and risk-averse",,Great benefits - many holiday weeks and good pension,Bureaucracy at it's worst. The organization changes all the time with little vision and insight in the actual employees daily way of working. Little to no transparency and creating innovative products/processes is halted by the banks conservative attitude to taking any form of risk despite not being competetive with new modern banks.,NEGATIVE,NO_OPINION,,1,0
E10384,Danske Bank,10000+ Employees,https://www.danskebank.com/careers,,28274131,2019-07-26T23:46:27.967,Analyst,True,0,REGULAR,,4,5,3,0,3,5,4,Review,,"Good benefits package
work and life balance",Not the perfect place for creative minds,,,,0,0
E10384,Danske Bank,10000+ Employees,https://www.danskebank.com/careers,,90986485,2024-09-13T07:36:17.507,Bussines Analysis,True,6,REGULAR,Vilnius,5,5,5,5,4,4,5,Good,,"Good infrastructure, established work system",Hard to get higher salary,POSITIVE,APPROVE,POSITIVE,0,0
E10384,Danske Bank,10000+ Employees,https://www.danskebank.com/careers,,25279347,2019-03-21T11:10:12.123,,False,0,REGULAR,,2,0,0,0,0,0,0,Software engineer review,Have clear thoughts and stop making Changes all the time and if you call yourself a product company behave like one.,Free medical insurance for the famy and timing is good,Loads. Management is just worst. No clear views no clear thoughts. They are driving company into a blackhole.,,,,0,0
E10384,Danske Bank,10000+ Employees,https://www.danskebank.com/careers,,81745741,2023-11-12T04:50:20.163,Junior IT Security Engineer,True,4,REGULAR,"Copenhagen, Capital Region",3,3,2,2,3,5,1,Has its ups and downs,,"Decent work-life balance, good benefits, easy to move across departments, invests in employee development, fairly flexible and nice colleagues","Poor leadership skills, senior leadership disregards employee preferences and needs when making decisions, not so flexible (requirement of work from office 3-4 days a week), little incentive and opportunities to move up the career ladder, lack of team-building and lack of community, not so much diversity in IT security",NEGATIVE,NO_OPINION,NEUTRAL,0,0
E10384,Danske Bank,10000+ Employees,https://www.danskebank.com/careers,,12701519,2016-11-17T01:56:14.113,Customer Direct,True,1,REGULAR,"Belfast, Northern Ireland",1,2,2,0,2,3,1,Customer Direct,Listen to feedback given from the employees.  The management is shocking. I have worked for many big companies and have never came across worse.  It is run like a military camp.,"Good holidays and time off around Christmas. Working hours are 9 to 5 which is also good. If you can get through the call centre and management, there is opportunities at the end of the tunnel.....easier said than done.",The whole job in general.  CD is basically a glorified call centre in which you are under serious pressure every call to make sure it is 100%.,NEGATIVE,APPROVE,NEGATIVE,7,0
E10384,Danske Bank,10000+ Employees,https://www.danskebank.com/careers,,63033474,2022-04-20T09:22:43.447,Senior Risk Analyst,True,0,REGULAR,"Copenhagen, Capital Region",3,4,2,1,2,4,2,Risk Analyst,,Interesting and variety of work,No focus on personal development,NEGATIVE,APPROVE,NEUTRAL,0,0
E10384,Danske Bank,10000+ Employees,https://www.danskebank.com/careers,,40644172,2021-01-13T13:56:33.273,Client Services,False,2,REGULAR,"London, England",4,5,4,3,3,4,4,Nice relaxed and good life balance,,"Good life balance, small office with nice colleagues, good location","Not for ambitious people, quite political",POSITIVE,,NEUTRAL,0,0
E10384,Danske Bank,10000+ Employees,https://www.danskebank.com/careers,,82776245,2023-12-21T08:00:36.580,Student Assistant,False,2,PART_TIME,"Copenhagen, Capital Region",3,4,2,1,3,4,2,Nice place to work - but a lot of bureaucracy,,Nice student benefits and exciting tasks - nice student community and learning opportunities,"Too many dramatic restructuring and it is very difficult to make a difference, you are just a brick in the wall and there is A LOT OF HIRARCY! Nobody sees you as anything important if you are a student.",POSITIVE,NO_OPINION,NEUTRAL,0,0
E10384,Danske Bank,10000+ Employees,https://www.danskebank.com/careers,,83927400,2024-01-31T13:43:52.303,Change Manager,True,1,REGULAR,"Copenhagen, Capital Region",4,5,5,5,3,4,5,Great but corporate,Take more risk,"Competent colleagues
Good pension scheme
Good amount of holiday","Low pay raise
Slow promotions",POSITIVE,APPROVE,POSITIVE,0,0
E10384,Danske Bank,10000+ Employees,https://www.danskebank.com/careers,,68993157,2022-09-13T03:33:08.823,Analyst,True,0,REGULAR,,4,0,0,0,0,0,0,Analyst,,Everything is very nice and good working atmosphere,"Salary is low, but benefits are really good",,,,0,0
E10384,Danske Bank,10000+ Employees,https://www.danskebank.com/careers,,80110802,2023-09-15T13:39:09.123,Senior Business Analyst,False,0,REGULAR,Vilnius,5,5,5,5,4,5,4,Great start,,Great environment for a new specialist,Not many interaction with other departments,,,,0,0
E10384,Danske Bank,10000+ Employees,https://www.danskebank.com/careers,,33748222,2020-06-17T06:47:43.563,Administrative Assistant,False,1,REGULAR,Vilnius,5,4,5,0,4,4,5,Working at Danske,,"There are many benefits, such as health insurance, various events, well-developed extracurriculars, good salary, etc.","As Lithuania's branch is closing down, a lot of employees are laid off.",POSITIVE,,POSITIVE,1,0
E10384,Danske Bank,10000+ Employees,https://www.danskebank.com/careers,,51727363,2021-08-27T07:28:23.273,Senior Business Analyst,True,2,REGULAR,,2,4,2,1,1,3,1,Meh....,"Understand that if you want to be a modern organisation and workplace, you need to invest in your people. We are not just numbers in your HR system. Why should I, as an employee, re-invest in an employer who doesn't care enough about me to give me any sort of personal development in the form of trainings and there is no way up in my career ladder.",Decent benefits and salary. Quite a lot of potential to change into something better.,"What an absolute waste of talent this place is. Younger people get stepped over by more ""senior"" employees, purely based on how long they've been here. Younger employees won't get the positions they apply for even though the feedback is ""You are great for the position"", because they will be passed over because of employees who've been here longer. So qualifications are not something looked at internally for changing positions. 

Scandal after scandal.

Haven't received any trainings for 1,5 years even though I've voiced the issue many many times.

Basically, this place is great for working at the position you applied for to get into the organisation but don't expect more. If you are ambitious and want to do something with your career, go elsewhere.",NEGATIVE,NO_OPINION,NEUTRAL,0,0
E10384,Danske Bank,10000+ Employees,https://www.danskebank.com/careers,,53549054,2021-10-05T08:37:08.957,Compliance Officer,True,0,REGULAR,"Copenhagen, Capital Region",4,0,0,0,0,0,0,AML,,"nice colleagues and good learning environment, good direct management","slow, tech tools lacking, approval processes",,,,0,0
E10384,Danske Bank,10000+ Employees,https://www.danskebank.com/careers,,61656003,2022-03-23T12:31:19.980,Project Manager,True,0,REGULAR,,5,4,4,4,5,4,3,Great employer,,"Salary packages, employee benefits, oportunities, nordic/global","Large organisation, centrally lead, cost focus",POSITIVE,NO_OPINION,POSITIVE,0,0
E10384,Danske Bank,10000+ Employees,https://www.danskebank.com/careers,,63922062,2022-05-10T10:23:20.740,Team Leader,True,2,REGULAR,Vilnius,4,5,4,5,5,4,3,Good company to work at with a nice Nordic culture,,"Very good office conditions
Good services in the office, 
flexible work (home-office-abroad)","Some structural leadership issues that can be fixed
Pays according to market, thus reluctant to pay any one above the market in LT",POSITIVE,APPROVE,POSITIVE,0,0
E10384,Danske Bank,10000+ Employees,https://www.danskebank.com/careers,,85656126,2024-03-24T14:18:58.503,Client Manager,True,2,REGULAR,"Copenhagen, Capital Region",3,4,3,2,3,3,2,Mixed feelings,,Work life balance - appreciate,Bad managers ( micro management),NEGATIVE,APPROVE,POSITIVE,0,0
E10384,Danske Bank,10000+ Employees,https://www.danskebank.com/careers,,84947934,2024-03-03T04:25:59.520,Analyst,True,0,REGULAR,"Copenhagen, Capital Region",4,0,0,0,0,0,0,Good,,Good work life balance experience,The pay could be higher,,,,0,0
E10384,Danske Bank,10000+ Employees,https://www.danskebank.com/careers,,9920717,2016-03-15T06:37:18.190,,True,2,REGULAR,Bengaluru,4,4,4,0,1,3,3,Business analyst,,Good work life balance ...,Looking for functional roles and challenging task,POSITIVE,,,2,0
E10384,Danske Bank,10000+ Employees,https://www.danskebank.com/careers,,54302575,2021-10-21T08:46:33.257,Software Engineer,True,2,REGULAR,Vilnius,5,5,5,5,5,5,5,Good employer,,"Good employer, good benefits. Work was interesting",Too much corporate nonsense and slow computers.,,,,0,0
E10384,Danske Bank,10000+ Employees,https://www.danskebank.com/careers,,64733645,2022-05-26T14:46:49.823,Senior Software Engineer,True,0,REGULAR,,4,4,3,3,4,4,4,good,,"good conditions, health insurance, stable","not team working, not social events",,,,0,0
E10384,Danske Bank,10000+ Employees,https://www.danskebank.com/careers,,92508612,2024-11-03T12:49:27.107,Customer Service Advisor,False,1,REGULAR,"Portadown, Craigavon, Northern Ireland",1,1,1,5,4,3,1,How much can you put up with?,They need to  be more patient and be there for their employees. They need to bump the pay.,The team that you work with are great and you meet some amazing people in your workplace.,The pay for the job you do is terrible. You have to put up with so much and managers do not care. Every day is stressful.,NEGATIVE,DISAPPROVE,NEGATIVE,1,0
E10384,Danske Bank,10000+ Employees,https://www.danskebank.com/careers,,55550966,2021-11-18T11:14:09.127,Student Assistant,True,0,PART_TIME,"Copenhagen, Capital Region",5,4,3,2,4,4,4,Great student position,,"Flexible, Insightfull, High responsibilty, Varying assignment, Good pay","Less young people/students
Can be hard to understand the very large organization",POSITIVE,APPROVE,POSITIVE,0,0
E10384,Danske Bank,10000+ Employees,https://www.danskebank.com/careers,,61830077,2022-03-27T04:18:12.667,,True,1,PART_TIME,"Copenhagen, Capital Region",4,0,5,4,4,0,5,Review,,Good employer and working conditions.,"No cons, management is great.",POSITIVE,,POSITIVE,0,0
E10384,Danske Bank,10000+ Employees,https://www.danskebank.com/careers,,61487155,2022-03-21T02:08:08.450,Auditor,True,4,REGULAR,"Copenhagen, Capital Region",4,4,4,5,4,4,4,good work place,Simplify and describe the processes,work-life balance is good in a challenging environment,Complex organisation due to legacy setup,POSITIVE,APPROVE,POSITIVE,0,0
E10384,Danske Bank,10000+ Employees,https://www.danskebank.com/careers,,76075189,2023-05-03T09:27:42.977,Application Specialist,False,0,REGULAR,,5,5,5,5,4,5,5,Job,Nothing yet,"Work life balance, Good environment",Not applicable as I didnt find any,POSITIVE,APPROVE,POSITIVE,0,0
E10384,Danske Bank,10000+ Employees,https://www.danskebank.com/careers,,31872612,2020-02-14T11:42:23.303,Business Process Consultant,True,2,REGULAR,Vilnius,5,5,5,0,4,4,4,Great place to work at,,"Great opportunities, fast learning curve and of course work and life balance. Work facilities are great as well, gym, canteen and work from home. Great social involvement.","A bit slow in work dynamics. However, might be good for some.",POSITIVE,APPROVE,NEUTRAL,0,0
E10384,Danske Bank,10000+ Employees,https://www.danskebank.com/careers,,90655432,2024-09-03T01:14:15.157,Software Engineer,False,2,REGULAR,,5,5,3,0,5,4,5,Nice,,"Benefits, offices, good canteen and food",Cons of working in a corporate environment,POSITIVE,APPROVE,NEUTRAL,0,0
E10384,Danske Bank,10000+ Employees,https://www.danskebank.com/careers,,72114485,2022-12-25T16:25:43.067,Senior Systems Designer,True,6,REGULAR,"Copenhagen, Capital Region",3,4,4,5,1,3,2,"Good for as long as it lasts, but be prepared to leave at any time","Honestly, stop laying off people. It is destroying the Bank. You are long past cutting off the fat and directly sawing into the bones.","Very flexible work/life balance, generally up to you yourself (after coordinating with your team) whether and when you want to work from home or on-site, very strong ethics and worker rights, one of the best Union agreements on the Danish market with seven weeks of vacation time/year (8 for seniors), and just generally a good and positive atmosphere at work.","But... the Bank is going through some very rough times presently due to past mishandling of customer confidence, the illegal whitewashing of money in the Baltics, etc. all of which have resulted in extremely heavy fines. The result is that they have been cost-cutting very aggressively for the last five years and seem likely to continue to do so. So, no real money for anything except core activities, and employees are routinely laid off left and right with no rehirings in sight.",NEGATIVE,NO_OPINION,NEUTRAL,1,0
E10384,Danske Bank,10000+ Employees,https://www.danskebank.com/careers,,15958226,2017-07-18T14:12:25.413,Senior Operations Officer,True,4,REGULAR,Vilnius,4,2,3,0,4,3,4,General review,"To put more trust onto the employees and help them implement their ideas, that are going to improve the daily routine process.",Skilled and smart team; variety of internal and external trainings; great possibilities to achieve personal and teams' goals.,Sometimes the decisions are being made too slowly and too late.,POSITIVE,APPROVE,POSITIVE,2,0
E10384,Danske Bank,10000+ Employees,https://www.danskebank.com/careers,,28526651,2019-08-08T17:50:48.200,Junior Operations Analyst,True,1,REGULAR,Vilnius,4,4,5,0,5,3,4,Great for career start,,"Plenty of training and professional developement programmes, as well as programmes rewarding dedicated employees.",Turbulent period due to scandals.,POSITIVE,NO_OPINION,POSITIVE,1,0
E10384,Danske Bank,10000+ Employees,https://www.danskebank.com/careers,,86098241,2024-04-08T02:14:50.277,AML Analyst,False,2,REGULAR,,5,5,4,4,5,5,4,Great place to work,,"Fast paced, lots of responsibility",A lot of organisation changes to navigate,,,,0,0
E10384,Danske Bank,10000+ Employees,https://www.danskebank.com/careers,,58967460,2022-02-02T07:13:59.803,Senior Portfolio Manager,True,4,REGULAR,"Stockholm, Stockholm",4,0,0,0,0,0,0,Variable experienses,,You will be involved in many different perspectives of you role.,"It is a big organisation, sometimes little hard to overview.",,,,0,0
E10384,Danske Bank,10000+ Employees,https://www.danskebank.com/careers,,38646718,2020-11-23T08:45:22.737,Analyst,True,0,REGULAR,"Copenhagen, Capital Region",4,0,0,0,0,0,0,Danske Bank,,Danish bank where salaries are competitive,Danish centered bank which needs to gain market share in other countries as well,,,,0,0
E10384,Danske Bank,10000+ Employees,https://www.danskebank.com/careers,,43848681,2021-03-11T09:06:52.810,Project Manager,False,9,REGULAR,,5,5,5,5,5,4,3,Danke Bank NI,,Excellent team and benefits getting better,Some senior managers stuck in the past,,,,0,0
E10384,Danske Bank,10000+ Employees,https://www.danskebank.com/careers,,35304886,2020-08-26T07:35:36.037,Consultant,True,1,REGULAR,Vilnius,4,5,2,0,4,4,3,Great!,,"Strong employee focus, great benefits","Unorganized processes, a lot of area of opportunity for efficiency",POSITIVE,NO_OPINION,,0,0
E10384,Danske Bank,10000+ Employees,https://www.danskebank.com/careers,,39319154,2020-12-10T05:00:58.637,Business Analyst,True,0,REGULAR,Vilnius,4,0,0,0,0,0,0,Business Analyst,,"stable workplace, good health care","Bureaucratic, too large to feel making a difference,",,,,0,0
E10384,Danske Bank,10000+ Employees,https://www.danskebank.com/careers,,24684677,2019-02-13T10:56:10.133,Senior Manager,True,4,REGULAR,"Copenhagen, Capital Region",4,4,4,0,4,3,3,Deliver,,Good opportunities for those who deliver!,Bad reputation in society currently.,POSITIVE,NO_OPINION,,0,0
E10384,Danske Bank,10000+ Employees,https://www.danskebank.com/careers,,70431921,2022-10-24T03:41:52.803,Small Business Advisor,True,20,REGULAR,"Belfast, Northern Ireland",3,3,4,4,4,2,4,Danske bank,,"Good company to work for, hybrid model good",Salary not great but plenty of development opportunities,NEGATIVE,,POSITIVE,0,0
E10384,Danske Bank,10000+ Employees,https://www.danskebank.com/careers,,92399086,2024-10-29T23:53:02.513,Anti-Money Laundering Analyst,False,0,REGULAR,Vilnius,4,2,2,2,2,2,2,AML,Do not micromanage.,Different approaches possible to change to other positions.,Monotonous with different approaches and perspectives.,POSITIVE,,,0,0
E10384,Danske Bank,10000+ Employees,https://www.danskebank.com/careers,,83046513,2024-01-04T09:58:48.947,Senior Software Engineer,True,6,REGULAR,Vilnius,4,5,5,4,4,4,3,Great place to grow,,"Great balance between time to think and “let’s get it done”.
Less corporate overhead than one would expect feom company of this size and industry.
Great colleagues and local management","It’s still a bank.
Sometimes internal communication could be clearer and more transparent",POSITIVE,NO_OPINION,POSITIVE,0,0
E10384,Danske Bank,10000+ Employees,https://www.danskebank.com/careers,,81028913,2023-10-17T15:29:59.363,Student Analyst,False,0,REGULAR,"Copenhagen, Capital Region",4,0,0,0,0,0,0,OK,,"good working hours, good team spirit, challenging job",a lot of bureaucracy much internal politics.,,,,0,0
E10384,Danske Bank,10000+ Employees,https://www.danskebank.com/careers,,61249574,2022-03-15T20:44:54.783,,False,2,REGULAR,Brussels,4,0,0,0,0,0,0,Good,,Good for all employees to enjoy,I will go back if given the chance,POSITIVE,,,0,0
E10384,Danske Bank,10000+ Employees,https://www.danskebank.com/careers,,53886974,2021-10-12T12:19:02.467,Senior Business Analyst,True,4,REGULAR,"Copenhagen, Capital Region",4,5,4,5,5,4,4,Working at Danske Bank,Don’t waste money on management consultants to tell us thing we already know,Good personal development. Great career options.,Large organizations struggle with innovation.,POSITIVE,APPROVE,POSITIVE,0,0
E10384,Danske Bank,10000+ Employees,https://www.danskebank.com/careers,,66650240,2022-07-13T10:51:34.687,Treasury Analyst,True,0,REGULAR,"Belfast, Northern Ireland",5,0,0,0,0,0,0,Treasury analyst danske,,Work life balance is good,Nothing I can think of at present,,,,0,0
E10384,Danske Bank,10000+ Employees,https://www.danskebank.com/careers,,84702030,2024-02-24T07:54:55.477,Risk Analyst,True,6,REGULAR,"Copenhagen, Capital Region",5,5,5,5,5,4,5,Financial statement analyst,,Steep learning curves and profesional culture,There’s no down sides of working in DB,POSITIVE,APPROVE,POSITIVE,0,0
E10384,Danske Bank,10000+ Employees,https://www.danskebank.com/careers,,81410669,2023-10-31T00:59:15.053,Software Engineer Associate,True,2,REGULAR,Vilnius,3,3,3,3,3,3,2,Good enough for starting career,,Good office to work in,Office politics and finger pointing,POSITIVE,DISAPPROVE,NEGATIVE,0,0
E10384,Danske Bank,10000+ Employees,https://www.danskebank.com/careers,,80726477,2023-10-06T10:42:10.723,Software Engineer,False,0,REGULAR,Bengaluru,5,0,0,0,0,0,0,Nice to work,,Work life balance good environment,Old technology no upgrades to new,,,,0,0
E10384,Danske Bank,10000+ Employees,https://www.danskebank.com/careers,,82313027,2023-12-04T12:41:39.633,IT Chapter Lead,True,4,REGULAR,Vilnius,4,4,5,5,4,4,3,Fair salaries for specialists. Salaries for leadership should be 15-20% higher,,"Stability, good benefits, desirable employer, scandinavian work culture, growth mindset","Bureaucracy, best leaders are leaving company, some managers are narrow minded, huge limitation for IT development, bottom-up communication is not working",POSITIVE,NO_OPINION,POSITIVE,1,0
E10384,Danske Bank,10000+ Employees,https://www.danskebank.com/careers,,82259502,2023-12-02T00:17:08.607,,True,6,REGULAR,"Copenhagen, Capital Region",4,4,4,5,4,3,3,Great firm,Communicate better and cascade down to all your teams the priorities,"Flexibility 
Nice colleagues
Generous package",Low salary vs same level colleagues being recruited from abroad who get tax benefit scheme and therefore higher gross ( and net!) salary to perform at same job level complexity.,POSITIVE,APPROVE,POSITIVE,0,0
E10384,Danske Bank,10000+ Employees,https://www.danskebank.com/careers,,57665880,2022-01-10T03:31:05.103,Compliance Officer,False,0,REGULAR,"Copenhagen, Capital Region",1,1,1,1,1,2,1,toxic work environment,,There is nothing good to say about Danske Bank.,"Toxic work environment that do not care for workers well-being, nor their rights, especially those having a disability.",NEGATIVE,,,2,0
E10384,Danske Bank,10000+ Employees,https://www.danskebank.com/careers,,85226349,2024-03-11T18:09:11.143,Associate Software Engineer,False,2,REGULAR,Bengaluru,5,5,5,3,5,3,4,Great start in terms of a freshers career,,"Perfect work life balance.
Agile work methodology.
Great learning exposure",I Don't have any cons :),,,,0,0
E10384,Danske Bank,10000+ Employees,https://www.danskebank.com/careers,,24740880,2019-02-17T10:46:43.703,Financial Specialist,False,2,REGULAR,Vilnius,3,3,4,0,3,3,3,"Liked my colleagues, didn't like the management",Management should not forget about well-being of their employees.,"Met some nice people working there, also gained valuable experience","Management cared about saving money too much rather than paying attention to stress levels of their employees. 
Big work load and not enough money for that.",POSITIVE,NO_OPINION,POSITIVE,1,0
E10384,Danske Bank,10000+ Employees,https://www.danskebank.com/careers,,36010404,2020-09-16T01:47:42.123,Senior Project Manager,False,2,REGULAR,Vilnius,5,5,4,0,3,4,3,Working  for Danske Bank in Lithuania,,"Good work environment, cross border team, possible to achieve work live balance.",Slow management decisions or the decisions are changed to often.,POSITIVE,NO_OPINION,POSITIVE,0,0
E10384,Danske Bank,10000+ Employees,https://www.danskebank.com/careers,,6450109,2015-04-27T10:15:58.613,,False,0,REGULAR,,5,3,3,0,3,1,3,Personal Banking Manager,None,Really great to work for,None that I can think of,POSITIVE,,POSITIVE,0,0
E10384,Danske Bank,10000+ Employees,https://www.danskebank.com/careers,,92562675,2024-11-05T06:21:23.067,Junior Backend Software Engineer,False,0,REGULAR,Vilnius,2,0,0,0,0,0,0,Junior Backend Software Engineer monthly salary,,Good enough to start your work there.,"Depends on the team, some a great and some are toxic.",,,,0,0
E10384,Danske Bank,10000+ Employees,https://www.danskebank.com/careers,,55073830,2021-11-08T13:14:38.140,Analyst,True,4,REGULAR,,4,0,0,0,0,0,0,Good place to work,,"Smart and approachable people, interesting work.",Bureaucracy and outdated IT systems,POSITIVE,,,0,0
E10384,Danske Bank,10000+ Employees,https://www.danskebank.com/careers,,41071673,2021-01-20T04:25:14.303,Associate AML Analyst,True,0,REGULAR,Vilnius,4,5,5,5,3,4,3,Great place to kick off,More feedback to your own employees and wider perspectives in one area.,"Stability, welfare, communication outside organization, strong values.",Way to improve in vertical career opportunities.,NEGATIVE,NO_OPINION,POSITIVE,0,0
E10384,Danske Bank,10000+ Employees,https://www.danskebank.com/careers,,45705683,2021-04-19T01:21:14.217,Business Analyst,True,2,REGULAR,"Copenhagen, Capital Region",4,5,4,4,5,4,4,Good company with improving directions,,On the right strategic track and transition to agile,"Big company with much legacy systems that can be chaotic, especially in times of transitions",,,,0,0
E10384,Danske Bank,10000+ Employees,https://www.danskebank.com/careers,,66246062,2022-07-03T15:18:35.407,Financial Analyst,True,0,REGULAR,"Belfast, Northern Ireland",3,4,5,5,2,3,4,Not paid enough,,Good team morale and great flexibility,Not paid anywhere near enough,NEGATIVE,NO_OPINION,POSITIVE,1,0
E10384,Danske Bank,10000+ Employees,https://www.danskebank.com/careers,,92833509,2024-11-13T20:42:48,AML Analyst,False,0,REGULAR,,3,5,5,5,1,5,3,Working at Danske,,"Good Benefits
Liked Colleagues
Lots of Learning",Office was far from city centre,,,,0,0
E10384,Danske Bank,10000+ Employees,https://www.danskebank.com/careers,,71952893,2022-12-18T04:46:08.820,Senior Operations Officer,True,0,REGULAR,,5,5,5,5,4,5,4,Overall great experience,,"Good conditions and discounts for many things, like insurance.",The overall average age of employees is quite high.,POSITIVE,APPROVE,POSITIVE,0,0
E10384,Danske Bank,10000+ Employees,https://www.danskebank.com/careers,,66027391,2022-06-27T13:41:01.853,Portfolio Manager,True,9,REGULAR,"Copenhagen, Capital Region",4,4,3,4,4,2,4,Interesting job and opportunities,Pay up for talents and best people,"Job content brilliant, meet a lot of interesting people and challenged very day","At best paying industry standard,",POSITIVE,APPROVE,POSITIVE,0,0
E10384,Danske Bank,10000+ Employees,https://www.danskebank.com/careers,,43416593,2021-03-03T11:34:28.813,Senior Platform Engineer,False,2,REGULAR,"Copenhagen, Capital Region",2,4,1,1,3,3,2,No collaboration within teams,"don't change your management structure every often, stick to a plan and treat all teams equally across the globe","Good Work Life balance
Fast pace culture","No collaboration within teams
Non competent management",NEGATIVE,NO_OPINION,NEUTRAL,0,0
E10384,Danske Bank,10000+ Employees,https://www.danskebank.com/careers,,90592180,2024-08-31T03:20:21.083,Strategy Consultant,False,2,REGULAR,"Copenhagen, Capital Region",3,3,3,3,4,3,5,Great,,Good senior management and very nice office,Too many people working on same things without good results,POSITIVE,APPROVE,POSITIVE,0,0
E10384,Danske Bank,10000+ Employees,https://www.danskebank.com/careers,,11478935,2016-08-06T18:30:06.087,,False,0,PART_TIME,,4,4,2,0,3,3,3,Student Helper,Focus on attracting more talented people and grow future leaders,"*) Huge Danish organisation full of great opportunities
*) Talented people
*) Good treatment of employees",*) Lack of innovation in many areas - Too old school,,,,1,0
E10384,Danske Bank,10000+ Employees,https://www.danskebank.com/careers,,92743713,2024-11-11T12:41:43.440,Tribe Lead,False,20,REGULAR,"Copenhagen, Capital Region",4,1,3,5,5,2,4,Great opportunity ,,Worked in Danske Bank for 12 years and had many opportunities to learn and progress to better jobs,Very political and reduced deliveries,,,,0,0
E10384,Danske Bank,10000+ Employees,https://www.danskebank.com/careers,,66700991,2022-07-14T11:42:38.800,Product Owner,True,0,REGULAR,,3,3,3,2,3,2,2,Complex and political work environment,"Good CEO, but struggling with poor history and reputation from previous CEO('s) - 4 in 3 years.",Good pension and flexibility to work from home,"Low Salary
Poor opportunities for personal/professional trainings
Cost focused - Constant hiring freeze and only hiring consultants out of India. Stopped Christmas presents or access to online news papers.",NEGATIVE,APPROVE,NEGATIVE,0,0
E10384,Danske Bank,10000+ Employees,https://www.danskebank.com/careers,,63123471,2022-04-22T01:31:16.367,Business Analyst,False,4,REGULAR,"Stockholm, Stockholm",4,4,4,4,4,4,4,Great experience,no advice,"Good learning, great colleagues and work-life balance. Possible to grow.",can't think of any specific at the moment.,POSITIVE,,POSITIVE,0,0
E10384,Danske Bank,10000+ Employees,https://www.danskebank.com/careers,,73607191,2023-02-14T04:41:15.670,Manager,False,9,REGULAR,"Copenhagen, Capital Region",2,5,2,2,2,3,1,Cost saving? Multiple teams doing the same tasks…,"Stop spending money on consultant agencies that come with old strategy concepts and invest into your employees and their executive education in the top executive management schools. And should we mention, how small is the number of women in key strategic positions? Not HR, but front line.",Relaxed in most of the places.,"Lack of expertise and basic knowledge on banking in Financial Crime, Compliance, Regulatory projects (ESG…) Not “hungry” enough to get more business in. Too heavy bureaucracy, no clear internal or structured/ efficient governance processes.",NEGATIVE,,NEGATIVE,0,0
E10384,Danske Bank,10000+ Employees,https://www.danskebank.com/careers,,59569304,2022-02-12T13:36:54.063,Personal Banker,False,0,REGULAR,,3,0,0,0,0,0,0,Good company  but not great pay,,Good holidays and staff rates,Not great pay for existing employees,,,,0,0
E10384,Danske Bank,10000+ Employees,https://www.danskebank.com/careers,,59790413,2022-02-16T12:25:05.180,Mortgage Underwriter,False,6,REGULAR,"Belfast, Northern Ireland",3,5,1,1,2,3,2,OK,Pay your staff what they desrve,Good sick pay and holidays. teams were supportive,"Not much progression, not interested in employee opinion. Salary is under par.",NEGATIVE,,,1,0
E10384,Danske Bank,10000+ Employees,https://www.danskebank.com/careers,,88970307,2024-07-09T03:40:12.830,Operation Specialist,False,1,REGULAR,Vilnius,5,5,5,5,3,5,5,ok,,"ok company, enjoyed my colleagues","very corporate, hard to swap carriers",,,,0,0
E10384,Danske Bank,10000+ Employees,https://www.danskebank.com/careers,,82695423,2023-12-18T13:53:42.183,Business Analyst,True,4,REGULAR,Vilnius,4,4,5,5,4,3,4,Good,,"Good atmosphere, stability and great office","Low salary, increasing very slowly",,,,0,0
E10384,Danske Bank,10000+ Employees,https://www.danskebank.com/careers,,15067057,2017-05-15T12:29:23.340,,False,0,REGULAR,,4,5,3,0,3,5,2,Chief Consultant,decentralize decisions,Great colleagues and work life balance,long decisions by management is an issue,POSITIVE,APPROVE,POSITIVE,0,0
E10384,Danske Bank,10000+ Employees,https://www.danskebank.com/careers,,6553085,2015-05-09T00:30:37.837,Hadoop Developer,True,9,REGULAR,"Copenhagen, Capital Region",4,4,4,0,0,3,2,Employees company,Overall Its nice management and provided good opportunities.,Great learning opportunities. Opportunities to learn new technologies.,Limited Hirarchi. Limited scope to cutting edge technologies like Bigdata hadoop,,,,0,0
E10384,Danske Bank,10000+ Employees,https://www.danskebank.com/careers,,34194200,2020-07-13T05:57:59.103,Analyst Intern,False,0,PART_TIME,"Stockholm, Stockholm",5,0,0,0,0,0,0,Internship Review,,Interesting work and nice collegues,Nothing really bad to say,,,,0,0
E10384,Danske Bank,10000+ Employees,https://www.danskebank.com/careers,,54096119,2021-10-17T07:10:31.063,Chief Software Architect,True,9,REGULAR,"Copenhagen, Capital Region",2,2,2,5,2,3,1,Workplace,,"Good colleagues, trustful teams, good pension","Inefficient management, lack of good engineering leadership, poor organisational visibility and structure",NEGATIVE,NO_OPINION,NEGATIVE,2,0
E10384,Danske Bank,10000+ Employees,https://www.danskebank.com/careers,,31004702,2019-12-24T21:45:16.810,Senior Software Engineer,True,2,REGULAR,Bengaluru,4,4,4,0,3,4,3,Get sufficient work in new tech,,"Work life balance
Good learning calendar
Transport
Good work if you are in right team","Lot of maintainance work.
There are very few teams where good work is there.",POSITIVE,APPROVE,NEUTRAL,1,0
E10384,Danske Bank,10000+ Employees,https://www.danskebank.com/careers,,63076439,2022-04-21T04:46:28.050,Business Analyst,False,0,REGULAR,,1,0,1,1,0,3,0,Not a good experience,,"Good pay, somewhat good job security","Rigid structure, very boring work culture, very bad when it comes to diversity",NEGATIVE,,,0,0
E10384,Danske Bank,10000+ Employees,https://www.danskebank.com/careers,,91502157,2024-09-30T22:49:51.477,Technology Lead,True,20,REGULAR,Bengaluru,5,5,5,5,5,5,5,work culture,,"Great work life balance, great teams",No cons until the merger happened,,,,0,0
E10384,Danske Bank,10000+ Employees,https://www.danskebank.com/careers,,38659883,2020-11-23T15:02:24.617,Head of Credit,True,0,REGULAR,Luxembourg,4,4,4,4,2,4,5,Flat hierarchy,,Small company with lot of interaction between teams,Small company with limited career possibilities,POSITIVE,NO_OPINION,NEUTRAL,0,0
E10384,Danske Bank,10000+ Employees,https://www.danskebank.com/careers,,55117664,2021-11-09T09:26:35.910,Software Developer,True,0,REGULAR,Vilnius,4,0,0,0,0,0,0,Good place for working,,"great people, moving to agile mindset",Lots of biorocracy if you want new tools,,,,0,0
E10384,Danske Bank,10000+ Employees,https://www.danskebank.com/careers,,38576533,2020-11-20T13:19:26.643,Associate Software Engineer,False,2,REGULAR,Vilnius,5,4,4,5,2,4,5,Great place to start,,"High possibility to combine work and study.
Comfortable work environment.","If you want to grow fast inside company, it could be disappointment at this place.",POSITIVE,,POSITIVE,0,0
E10384,Danske Bank,10000+ Employees,https://www.danskebank.com/careers,,53425516,2021-10-02T09:27:15.757,Senior Analyst,False,2,REGULAR,"Copenhagen, Capital Region",3,5,3,4,4,2,4,Ok work place,,"Work life balance, Nice atmosphere",The salaries could be better,,APPROVE,,0,0
E10384,Danske Bank,10000+ Employees,https://www.danskebank.com/careers,,55414368,2021-11-16T03:22:08.377,Business Analyst,False,1,REGULAR,Vilnius,5,4,4,5,4,4,4,Great job environment,,"- Colleagues
- Work benefits
- Insurance",- Lithuania overall salary level,POSITIVE,APPROVE,NEUTRAL,0,0
E10384,Danske Bank,10000+ Employees,https://www.danskebank.com/careers,,85652514,2024-03-24T10:19:14.767,Senior Software Engineer,True,0,REGULAR,Vilnius,4,0,0,0,0,0,0,Good,,"Good benefits
Pay is higher than suggested in job interview",Forced working from office 3 days a week,,,,1,0
E10384,Danske Bank,10000+ Employees,https://www.danskebank.com/careers,,92075098,2024-10-19T06:20:57.153,Student Assistant,True,1,PART_TIME,"Copenhagen, Capital Region",5,5,5,3,5,5,5,Good environment and learning,,"Good learning, pretty steep learning curve (depending on the team probably)","Not too multicultural, but welcoming environment",POSITIVE,APPROVE,NEUTRAL,0,0
E10384,Danske Bank,10000+ Employees,https://www.danskebank.com/careers,,66323408,2022-07-05T13:02:45.663,,False,0,REGULAR,,4,0,0,0,0,0,0,Review,,"Great culture, which allows every individual to act",None found at that time,,,,0,0
E10384,Danske Bank,10000+ Employees,https://www.danskebank.com/careers,,39423392,2020-12-13T03:33:32.580,Analyst,True,0,REGULAR,"Copenhagen, Capital Region",4,5,5,5,5,3,5,Good place to work,,"Good career opportunities, good work environment, good people, good educational space","At times long time to market on decisions, but thats likely the story of big corporates, bad coffee",POSITIVE,NO_OPINION,POSITIVE,0,0
E10384,Danske Bank,10000+ Employees,https://www.danskebank.com/careers,,14398989,2017-03-29T09:13:47.510,,False,0,REGULAR,,4,3,4,0,3,4,3,Good Employer,,"Good benefits and working environment
Friendly staff
Strong values",Time taken to implement change can sometimes hamper progress of good ideas,POSITIVE,APPROVE,POSITIVE,0,0
E10384,Danske Bank,10000+ Employees,https://www.danskebank.com/careers,,11237079,2016-07-14T04:36:51.197,,False,0,,Oslo,5,5,5,0,5,4,5,Overall very satisfied with employer,,A professional institution with exciting work tasks and challenges. I am also very pleased with the cultural environment of the organization,"Outsourcing have made some work tasks less efficient to do. However, it has lessened the amount of homogeneous and repeating work tasks, and has had an overall positive effect",POSITIVE,APPROVE,POSITIVE,0,0
E10384,Danske Bank,10000+ Employees,https://www.danskebank.com/careers,,7833054,2015-09-03T14:02:30.550,,False,2,PART_TIME,"Stockholm, Stockholm",3,4,5,0,3,3,3,Sales,Keep the culture and keep employing good people as you have done so far. Make sure management is aligned and structured to motivate and help employees grow.,Danske Bank is filled with very nice and motivated people. You will come and leave work with a smile so the work environment is a big up.,"There were som processes that were time consuming and not planned for, which at some points complicated work. Otherwise it is hard to find cons.",POSITIVE,NO_OPINION,POSITIVE,0,0
E10384,Danske Bank,10000+ Employees,https://www.danskebank.com/careers,,85558748,2024-03-21T03:48:03.663,Head of Compliance,False,2,REGULAR,"Warsaw, Masovia",2,3,2,3,2,1,1,Danske Compliance,,Many days of holiday. Interesting projects.,"Corrosive Management Styles. Promoting people with very bad work ethic people based on ""being nice"" attitude rather than achievements, skills and competencies.",NEGATIVE,DISAPPROVE,NEGATIVE,1,0
E10384,Danske Bank,10000+ Employees,https://www.danskebank.com/careers,,22484236,2018-09-14T14:30:00.383,Senior Analyst,True,2,REGULAR,"Copenhagen, Capital Region",5,5,4,0,5,4,4,Senior Analyst in Asset Management,,Exciting tasks and growth opportunities,"Old, slow moving organization .",POSITIVE,NO_OPINION,POSITIVE,0,0
E10384,Danske Bank,10000+ Employees,https://www.danskebank.com/careers,,77890810,2023-07-02T01:38:02.963,Analyst,True,4,REGULAR,"Copenhagen, Capital Region",2,4,2,5,2,2,2,Quant,,Danske Bank has very good colleagues,Danske Bank has weak senior leadership,NEGATIVE,DISAPPROVE,NEGATIVE,0,0
E10384,Danske Bank,10000+ Employees,https://www.danskebank.com/careers,,26289975,2019-05-23T13:15:30.637,Project Worker,True,2,REGULAR,"Belfast, Northern Ireland",4,5,5,0,4,2,5,Nice place to work but crap pay,"Reward your high performing staff with decent pay
Promote people who are good at their job rather than good at interviews","Good culture.
The bank pay for further education if you want to do banking certificate/diplomas etc",Pay is rubbish and you need to be here several years before you can climb up to a decent wage,POSITIVE,NO_OPINION,POSITIVE,0,0
E10384,Danske Bank,10000+ Employees,https://www.danskebank.com/careers,,12422702,2016-10-23T19:20:39.083,Project Manager,True,20,REGULAR,"Copenhagen, Capital Region",3,3,5,0,4,4,3,I work in Group Operations.,Embrace staff who think different to you. Embrace staff which ask difficult questions. Less focus on the staff that are like your clones - there is usually no development in brownnosing imo.,The job is challenging and interesting most of the time and we get to work across borders which gives the job an interesting angle when sometimes many nationalities work on a project,Women get passed over with regards to salary increase and bonuses even when the excel and outperform their male peers,POSITIVE,APPROVE,NEUTRAL,1,0
E10384,Danske Bank,10000+ Employees,https://www.danskebank.com/careers,,34768643,2020-08-10T11:05:02.060,Operations Officer,True,1,REGULAR,Vilnius,4,5,5,0,5,5,5,Overall good organization,-,"Helpful colleagues and team lead, many bonuses, much space for initiatives and innovation",More attention should be paid to training,POSITIVE,NO_OPINION,POSITIVE,0,0
E10384,Danske Bank,10000+ Employees,https://www.danskebank.com/careers,,15753344,2017-07-05T05:35:47.813,Operations Officer,True,2,REGULAR,Vilnius,1,1,1,0,1,1,1,Would not recommend to anybody!,"Listen to what your employees are saying, their notices.",I have the best teammates in my carreer so far.,"Senior management, salary, team leader, procedures.",NEGATIVE,NO_OPINION,NEGATIVE,5,0
E10384,Danske Bank,10000+ Employees,https://www.danskebank.com/careers,,56998148,2021-12-22T11:01:59.657,Chief Consultant,True,0,REGULAR,"Copenhagen, Capital Region",4,2,4,5,3,3,2,"Lots of challenges, cost strategy",Walk the talk!,A lot to do!!! Quite innovative.,"Execute innovations poorly. The issues with legacy issues in some of the products, can be quite a lot!!!",POSITIVE,APPROVE,NEUTRAL,0,0
E10384,Danske Bank,10000+ Employees,https://www.danskebank.com/careers,,74267476,2023-03-07T05:47:39.740,Software Developer,True,2,REGULAR,,4,4,5,5,3,3,2,Good place ...,,Danske Bank is good place to develop good foundations.,"Too much bureaucracy happening, even on smallest things",,NO_OPINION,,0,0
E10384,Danske Bank,10000+ Employees,https://www.danskebank.com/careers,,32708263,2020-04-13T09:13:42.627,Lead Data Analyst,False,6,REGULAR,"Copenhagen, Capital Region",4,5,2,0,5,5,1,Great pay - company in crisis,,Great pay and a lot of different career possibilities,"Lack of specialist career paths, company in crisis leading to bad work atmosphere currently",NEGATIVE,DISAPPROVE,NEGATIVE,0,0
E10384,Danske Bank,10000+ Employees,https://www.danskebank.com/careers,,93853268,2024-12-23T00:09:21.033,AML Analyst,True,2,REGULAR,"Warsaw, Masovia",4,4,5,5,3,4,4,Quite good,,Good Leaders in Poland branch,Low salary in Poland branch compares to others countries,,APPROVE,,0,0
E10384,Danske Bank,10000+ Employees,https://www.danskebank.com/careers,,78442763,2023-07-20T15:40:12.077,Business Manager,True,0,REGULAR,"Lisburn, Northern Ireland",4,4,5,5,4,4,4,Supportive employer,,Locally run and managed Supportive employer who really value employee feedback and want to generate that family feeling,Some teams appear under-staffed relative to workload Processes and policies can be rigid and slow to adapt to changing needs,POSITIVE,APPROVE,POSITIVE,0,0
E10384,Danske Bank,10000+ Employees,https://www.danskebank.com/careers,,73563892,2023-02-12T22:18:48.060,,False,4,REGULAR,,3,4,4,4,3,4,0,Decent work place,,"- not bad benefits package - nice people, colleagues; - very nice offices; - very soon become ""comfort zone""; - can practise English - sometimes potential career","- Salary; - Attitude to employee; - Not really possible grow in career perspective, unless you are the lucky one :) - More want to share with market how great company is, while inside oposite",POSITIVE,NO_OPINION,,0,0
E10384,Danske Bank,10000+ Employees,https://www.danskebank.com/careers,,76528991,2023-05-17T13:07:53.113,Customer Service Advisor,False,2,REGULAR,"Belfast, Northern Ireland",4,0,0,0,0,0,0,"Friendly staff, low salary",,Friendly staff and senior management team,Below average salary and few perks,,,,0,0
E10384,Danske Bank,10000+ Employees,https://www.danskebank.com/careers,,64313265,2022-05-18T05:50:50.170,Software Engineer Student,False,4,PART_TIME,"Copenhagen, Capital Region",1,4,1,3,2,3,1,"The employees are great, the top management and investors are not","Giving managers advice would imply, that I have any hope they would do the right thing, given the opportunity.  It's like asking a  tiger not to kill the deer,  asking the sun not to rise, or in this case, asking the bourgeoisie to stop exploiting the working class.

They are aware what they are doing is immoral, yet they continue.

Every new CEO in Danske Bank breaks the law, gets fired, and a new CEO enters the picture. But who elects these people? The same group of board of investors. 

The top-level management is complicit and the board of directors is either incompetent, grossly negligent, or simply just doesn't care. I'm inclined to think it's a mix of both.

Fixing the management would require government intervention, stripping all major investors of their shares. Unfortunately, we know this is never gonna happen. Why would we prosecute the small group of powerful people that seem to elect one bad CEO after the other?","The people who work there are friendly, and I have nothing but great things to say about them
They are good mentors, they respect your work-life balance.
Good pay.","Top management, Chief _BLANK_ Officer, and the investors are out of touch, and very clearly heavily prioritize their industrial clients and ROI for investors. 

I witnessed meetings where they firstly present their investments, which didn't quite hit the projected return. And then right after, they present how they managed to fill that gap with various bs fees on regular people's loans.

Stealing from the middle class, but it's okay because they are indebted to you, so you own them.

Additionally, they closed a big location in Ejby and spread everyone across the remaining locations. 

Ejby had the following amenities.
- Table football (Several)
- Game room with consoles, VR, and weekly competitions in retro games.
- Gym
- In-house barista, who was super friendly and always up for a quick chat.
- Great friday bar in a dedicated room with games, pool, and beer on the tab... Very nice.

The new location has the following:
- Old wobbly table football (Only this one).
- Friday bar is now reduced to luke-warm beer cans ""enjoyed"" over the old wobbly table football table.
- EVERYTHING requires a key card because they share the location with other firms. Just to get to lunch I have to scan my card and enter my code 3 or 4 times.",NEGATIVE,DISAPPROVE,NEGATIVE,3,0
E10384,Danske Bank,10000+ Employees,https://www.danskebank.com/careers,,5184414,2014-10-16T14:15:20.837,IT Developer,True,0,REGULAR,,5,5,3,0,3,4,4,a good place to work if you want work-life balance,value employee who is performing well,"Very good work-life balance
a very flat organisation hierarchy - it means there is no junior nor senior staffs, your opinion is always heard","if you are an ambitious person, it may not be the best place to work.
The work pace is pretty slow. People around you may slow you down.",POSITIVE,,POSITIVE,2,0
E10384,Danske Bank,10000+ Employees,https://www.danskebank.com/careers,,94723019,2025-01-31T03:14:15.307,Senior Business Analyst,True,0,REGULAR,Vilnius,4,0,0,0,0,0,0,hmm,,"salary
office
people
culture
team buildings",corporate machine draining your soul,,,,0,0
E10384,Danske Bank,10000+ Employees,https://www.danskebank.com/careers,,82051941,2023-11-23T14:48:14.930,Software Engineer,True,4,REGULAR,Vilnius,3,3,3,3,4,3,1,Mediocre,,"Decent pay, medium workload, good colleagues, good office benefits","Out of touch senior management, long standing benefits are being reduced, lots of turnover recently",POSITIVE,DISAPPROVE,NEUTRAL,0,0
E10384,Danske Bank,10000+ Employees,https://www.danskebank.com/careers,,59016168,2022-02-02T22:00:07.330,Agile Coach,False,4,REGULAR,Vilnius,2,5,2,3,1,2,2,Not a place to grow.,More transparency and opportunities in Lithuania.   Development opportunities/trainings/certifications for employees.  Compensation is not competitive.   Benefits for leaders is not remotely competitive or equal to what is available with DK colleagues in the same roles.,"Great facilities in Vilnius. Hybrid workspace. Good environment. Work language is English. Many diversity and opportunities for women in junior positions and middle management. The bank has targets for female senior leaders going forward, but maybe those positions will be in only Copenhagen? If you just want a job, maybe will be okay.","Bank struggling financially. Leadership is concentrated in Denmark with limited opportunities in Lithuania. Very high number of colleagues leaving for other opportunities. Very poor senior leadership in some areas with a demonstrated inability to execute, prioritise or even take decision. VERY rigid HR policies that are very difficult on employees/hard to get answers. Depending on department there is no plan for personal development or support for certifications. Nieko. Senior leaders have old mindset of “if we train them or get them certified, they will leave”. If you want to develop and grow - stay away from this place. Feelings of DK employees being superior over LT workers. Maybe to become next Barclays of Vilnius soon.",NEGATIVE,NO_OPINION,NEGATIVE,4,0
E10384,Danske Bank,10000+ Employees,https://www.danskebank.com/careers,,77992213,2023-07-05T16:18:55.013,Compliance Officer,True,0,REGULAR,"Stockholm, Stockholm",4,0,0,0,0,0,0,Good,,Open culture Budget for development,Soft skills are more valued than technical skills,,,,0,0
E10384,Danske Bank,10000+ Employees,https://www.danskebank.com/careers,,44642609,2021-03-27T01:43:50.457,Software Architect,True,6,REGULAR,Vilnius,4,5,3,4,4,3,3,Pretty good workplace,,"Stable environment, pay is similar to market's. Great work-life balance","Lots of legacy, slow enterprise processes",POSITIVE,APPROVE,POSITIVE,0,0
E10384,Danske Bank,10000+ Employees,https://www.danskebank.com/careers,,45883025,2021-04-22T01:50:51.727,Senior Business Analyst,True,0,REGULAR,"Belfast, Northern Ireland",5,5,3,4,2,3,3,Brilliant Company,,Great work/life balance. Good salary,Very little opportunities for growth,POSITIVE,NO_OPINION,POSITIVE,0,0
E10384,Danske Bank,10000+ Employees,https://www.danskebank.com/careers,,94178874,2025-01-08T12:25:53.803,Data Scientist,True,2,REGULAR,"Copenhagen, Capital Region",4,4,3,3,4,4,3,Salary Danske Bank,,"Good benefits, reasonable pay, central office","Pay can be better, hard to get raises and promotions",POSITIVE,DISAPPROVE,POSITIVE,0,0
E10384,Danske Bank,10000+ Employees,https://www.danskebank.com/careers,,76671148,2023-05-22T12:25:13.973,Chief Consultant,True,9,REGULAR,"Helsinki, Southern Finland",4,4,4,3,4,3,3,Development opportunities,,Wide range of possibilities if you are ready to challenge and develop yourself. People development is a high priority.,Everything takes time and processes are sometimes old fashioned.,POSITIVE,APPROVE,POSITIVE,0,0
E10384,Danske Bank,10000+ Employees,https://www.danskebank.com/careers,,4726688,2014-08-06T08:04:42.160,,False,0,REGULAR,"London, England",3,4,3,0,2,4,2,"Friendly, conservative, little scope for career progression.",,"Pressure is not as high as other companies I have worked for, very good work/life balance. Friendly staff, decent benefits package.",Not much in the way of organised staff training or opportunity to perform a different role. Can feel isolated from Head Office decisions.,POSITIVE,NO_OPINION,POSITIVE,0,0
E10384,Danske Bank,10000+ Employees,https://www.danskebank.com/careers,,43339539,2021-03-02T09:09:26.950,Business Analyst,False,1,REGULAR,Vilnius,5,5,4,4,5,4,4,Great overall experience,,"Work-life balance, Onboarding, Benefits, HR is good",Reputational risks due to money laundering issues,POSITIVE,APPROVE,POSITIVE,0,0
E10384,Danske Bank,10000+ Employees,https://www.danskebank.com/careers,,75118275,2023-04-02T11:29:11.600,Analyst,True,0,REGULAR,,3,3,2,3,3,3,4,"Alright place to start Career, not the best place to stay.",,Good mood around workplace. Gives tons of space for developing and growing as an employee.,Limited pay raise as management is fighting hard to keep costs low. Bad working facilities. Above average manual tasks that take a lot of your time.,POSITIVE,NO_OPINION,NEUTRAL,0,0
E10384,Danske Bank,10000+ Employees,https://www.danskebank.com/careers,,77796720,2023-06-28T10:38:30.547,Senior Auditor,True,4,REGULAR,"Copenhagen, Capital Region",4,5,4,3,4,3,2,Senior Auditor,,Good work life balance Job security Easy going work environment,Lack of audit expertise Lack of project management knowledge Lack of risk analysis and control testing knowledge Old fashioned way of working Resistance to change and evolvement Limited career opportunities,POSITIVE,DISAPPROVE,POSITIVE,0,0
E10384,Danske Bank,10000+ Employees,https://www.danskebank.com/careers,,45613517,2021-04-16T08:24:23.187,UIUX Designer,True,2,REGULAR,Vilnius,4,5,4,1,2,5,1,A place for work and life balance but low professional growth,"I am hopeless for their problems, so nothing.",Danske is a great place if you seek to have work and life balance and a slow pace workplace,"As it's slow pace everything takes time to happen, included your professional growth",NEGATIVE,NO_OPINION,NEGATIVE,0,0
E10384,Danske Bank,10000+ Employees,https://www.danskebank.com/careers,,89360086,2024-07-22T02:58:35.150,Product Owner,True,4,REGULAR,"Copenhagen, Capital Region",4,4,4,4,3,3,3,Good employer,,"Good employer and renewed good leadership, not great middle management",Middle management is not great,POSITIVE,APPROVE,POSITIVE,0,0
E10384,Danske Bank,10000+ Employees,https://www.danskebank.com/careers,,76366973,2023-05-12T05:55:49.507,Senior AML Analyst,True,0,REGULAR,,2,4,3,4,3,2,2,Danske Bank,"I would say address at least one of the above mentioned cons, however it is absolutely hopeless.","- Good benefits: additional leave days, private health insurance, canteen with quite cheap lunch. - Modern offices. - Flexible hybrid working mode.","- Senior employees are not valued: pay rise is slow and insignificant, bonuses are harder and harder to get even though you contribute a lot. - Lots depend on an immediate manager: more than a few seem to be reluctant to say anything that conflicts the opinion of the top management, lacks knowledge and professionalism. - Lack of clear organisational structure - there is a high chance you will be going miles in order to find the right contact as most people are doing everything to push the work back. Also, lots of them lack competence. - Huge part of procedures that need to be followed is an absolute mess and, again, respective people are reluctant to allocate resources to solve the issues. Moreover, you need to be constantly adapting to the new procedures which are often released without testing them out properly first of all. Similarly with the projects: even if knowledgeable people evaluate something as not ready for the release, however, as per the set timelines, it is supposed to be out, it usually will be at the cost of complicating analysts' life even more. - Communication misses the real life, for e.g., business trips are said to be allowed only in crucial circumstances, however, certain employees are constantly travelling to participate in meetings that could have easily been online ones. - Favoritism: some teams, functions are valued and listened to much more than the others. - A lot of corporate nonsenses which are often used as a disguise for many flaws. All in all, you constantly hear about caring for employees, improving the process, however these are only talks since no real improvements are implemented, especially if you have an irresolute direct manager.",NEGATIVE,,NEGATIVE,0,0
E10384,Danske Bank,10000+ Employees,https://www.danskebank.com/careers,,13562102,2017-01-31T06:41:52.407,,True,4,REGULAR,,5,5,5,0,5,5,5,Great place to work,,"Great culture, benefits, people, flexibility",I cant think of any,POSITIVE,APPROVE,POSITIVE,0,0
E10384,Danske Bank,10000+ Employees,https://www.danskebank.com/careers,,45790123,2021-04-20T10:59:16.060,Consultant,True,2,PART_TIME,"Copenhagen, Capital Region",4,5,5,2,4,5,5,Would recommend,,"Good benefits, good work culture","Constant changes, some rude colleagues",POSITIVE,APPROVE,POSITIVE,0,0
E10384,Danske Bank,10000+ Employees,https://www.danskebank.com/careers,,93580130,2024-12-11T04:54:10.303,Software Engineer,True,2,REGULAR,Vilnius,5,5,5,4,5,3,4,Building a cloud solution for bank,,"Good conditions, great team, additional benefits.",Do not know at the moment.,POSITIVE,NO_OPINION,POSITIVE,0,0
E10384,Danske Bank,10000+ Employees,https://www.danskebank.com/careers,,68787554,2022-09-06T23:18:24.227,Security,True,9,REGULAR,,4,5,4,5,4,5,4,Review,,Skilled co-workers. Good benefits. Nice canteen,"As a financial institution, it is quite heavy on compliance and regulation",POSITIVE,,POSITIVE,0,0
E10384,Danske Bank,10000+ Employees,https://www.danskebank.com/careers,,36007157,2020-09-15T23:19:15.480,Applications Specialist,True,0,REGULAR,Vantaa,5,5,5,0,5,5,5,Danske,,"Stable, well paid and friendly.",Public media lately affects company,POSITIVE,APPROVE,POSITIVE,0,0
E10384,Danske Bank,10000+ Employees,https://www.danskebank.com/careers,,17439432,2017-10-19T07:15:37.583,Operations Officer,False,2,REGULAR,Vilnius,5,5,5,0,5,3,5,Operations Officer,"Continue doing 1-2-1 
Make an extra effort to keep the perspective employees.","Lots of entry positions to start carrier
Offers extra trainings
Flexible on working hours","Some offices needs improvement.
Employees changing too quickly",POSITIVE,APPROVE,,0,0
E10384,Danske Bank,10000+ Employees,https://www.danskebank.com/careers,,75184128,2023-04-04T10:10:12.627,Talent Acquisition Partner,True,0,REGULAR,,5,0,0,0,0,0,0,Best,,"Best, innovative, diverse, inclusive, engaged","Planning, changes, slow decision making",,,,0,0
E10384,Danske Bank,10000+ Employees,https://www.danskebank.com/careers,,43209683,2021-02-27T21:57:26.790,Chief Software Engineer,True,2,REGULAR,,4,4,4,0,4,4,4,Good learning environment,Keep doing the good work,Everyone is valued and engaged,Large organisation with Many systems. It takes time to understand the full flow,POSITIVE,,POSITIVE,0,0
E10384,Danske Bank,10000+ Employees,https://www.danskebank.com/careers,,80673459,2023-10-04T21:20:07.953,Senior Analyst,True,6,REGULAR,"Helsinki, Southern Finland",4,0,0,0,0,0,0,General,,Good and stable place to work,It systems are quite old and support delayed and coming from India,,,,0,0
E10384,Danske Bank,10000+ Employees,https://www.danskebank.com/careers,,56729083,2021-12-15T11:31:18.277,FP&A Manager,True,0,REGULAR,"Copenhagen, Capital Region",3,0,0,0,0,0,0,Good workplace,,"Great benefits, colleges and flexibility",Demanding workplace occationaly and can be hard tone at the workplace.,,,,0,0
E10384,Danske Bank,10000+ Employees,https://www.danskebank.com/careers,,17684174,2017-11-02T01:09:41.813,Software Architect,False,0,REGULAR,Vilnius,2,5,2,0,1,3,2,Uneven experiences - depends on unit,,The food in the canteen is great,"Open space office, no autonomy or trust by upper management, mostly system maintenance work (no greenfield projects), no  professional development opportunities",NEGATIVE,NO_OPINION,NEUTRAL,3,0
E10384,Danske Bank,10000+ Employees,https://www.danskebank.com/careers,,35474369,2020-08-31T13:19:20.173,Customer Protection Analyst,True,2,REGULAR,"Derry, Northern Ireland",3,5,2,0,4,2,1,Customer Protection Analyst,Take the time to care for your employees as many are suffering or have genuine concerns.,The work is interesting and the other analysts make it a reason to stay.,"Management have no concern for helping individuals and are more concerned about the image of the centre. An example being a member of staff is going through personal issues, they are more worried about that individual negatively impacting others rather than helping them. The bank as a whole does great work for mental health charities but belittles employees for suffering.",NEGATIVE,APPROVE,NEGATIVE,4,0
E10384,Danske Bank,10000+ Employees,https://www.danskebank.com/careers,,60317922,2022-02-25T23:39:42.767,Product Owner,True,4,REGULAR,"Copenhagen, Capital Region",3,4,4,4,3,4,3,Okay salary,,"Welfare, stability, friendly coworkers, and flexible work style",Management sometimes not lead with purpose,POSITIVE,NO_OPINION,POSITIVE,0,0
E10384,Danske Bank,10000+ Employees,https://www.danskebank.com/careers,,41697808,2021-01-31T04:44:09.897,Customer Service Representative,True,0,REGULAR,,4,0,0,0,0,0,0,Good place to work,,Good holidays good career opportunities,Starting salary could be better,,,,0,0
E10384,Danske Bank,10000+ Employees,https://www.danskebank.com/careers,,44326122,2021-03-21T07:45:45.077,Inbound/Outbound Queue Associate,True,0,REGULAR,"Saint Petersburg, Sankt-Peterburg",5,0,0,0,0,0,0,Excellent,,A very Great place to work,Very Low pay for efffort,,,,0,0
E10384,Danske Bank,10000+ Employees,https://www.danskebank.com/careers,,66183905,2022-07-01T06:07:18.847,Compliance Officer,True,4,REGULAR,"Copenhagen, Capital Region",4,3,4,5,5,4,3,Generally recommendable,Take a look at the cons and emphasize/build on the pros,"- Many opportunities to grow by getting more/new tasks and responsibilities, certificate financing or through internal transfers
- nice colleagues who wants to befriend you 
- structure and direction tends to be clear","- meaningless organizational changes yearly or even more often. Don’t count on having the same manager for more than a year.
- the quality of the managers differs greatly and there are anything from managers who are extremely bossy to great servant leaders 
- it tends to be much easier to get a pay raise by doing internal transfers than staying in the same position. 
- office located outside of CPH, 50 minutes commute each way for many living somewhere in CPH.",POSITIVE,APPROVE,,2,0
E10384,Danske Bank,10000+ Employees,https://www.danskebank.com/careers,,31751447,2020-02-08T03:06:18.023,Lead Developer,False,1,REGULAR,"Copenhagen, Capital Region",3,2,3,0,4,4,3,Everything you would expect,,"Great benefits, Interesting work, Great people","Long work hours, Top-Down management",POSITIVE,NO_OPINION,POSITIVE,0,0
E10384,Danske Bank,10000+ Employees,https://www.danskebank.com/careers,,91902699,2024-10-14T07:17:10.933,Chief Software Engineer,True,6,REGULAR,Vilnius,5,5,5,5,5,5,5,Great Organization,Choose Wise leaders.,"Great Work Life Balance
Flexible worktime
Delicious Canteen Food","Noting to mention.
All is good.",POSITIVE,APPROVE,POSITIVE,0,0
E10384,Danske Bank,10000+ Employees,https://www.danskebank.com/careers,,51101853,2021-08-13T14:23:00.383,Customer Advisor,True,1,REGULAR,,4,5,5,5,5,5,5,Great!,,"Lovely colleagues, great work day structure, lots of opportunities to progress in your career. I would highly recommend!","The pay could be a little better and it is sometimes difficult to book holiday time off, especially in peak season.",POSITIVE,APPROVE,POSITIVE,0,0
E10384,Danske Bank,10000+ Employees,https://www.danskebank.com/careers,,13983268,2017-02-28T14:32:35.440,,True,9,REGULAR,,5,5,4,0,4,4,3,"Worked 8-10 years at Danske, and at different departments","if you really believe your employee do a good job, help them develop instead of keeping them for your own benefit.",Danske is flexible to meet your needs and wants if they like to retain you. I have worked 8-10 years and always felt well taken care of. Plenty of friendly colleagues that like to share knowledge and assist each other.,"My work has been very much appreciated by my managers and co-workers, however in order to make career I have had to make the move myself instead of being challenged and/or promoted. That said, there are many internal recruitment opportunities available. A bit too much internal politics exists among the management.",POSITIVE,APPROVE,NEUTRAL,3,1
E10384,Danske Bank,10000+ Employees,https://www.danskebank.com/careers,,68588439,2022-09-01T02:25:58.040,,True,0,REGULAR,"Belfast, Northern Ireland",4,4,5,5,2,2,4,Treated well but rubbish pay,,Danske Banks treats their staff well,Salary leaves much to be desired,POSITIVE,,NEGATIVE,1,0
E10384,Danske Bank,10000+ Employees,https://www.danskebank.com/careers,,47285005,2021-05-21T12:44:52.780,Customer Service Advisor,True,0,REGULAR,"Belfast, Northern Ireland",4,5,5,5,4,3,5,Good employer,,"Good colleagues, good hours, lots of training",Pay could be better for sure,POSITIVE,NO_OPINION,POSITIVE,0,0
E10384,Danske Bank,10000+ Employees,https://www.danskebank.com/careers,,34078126,2020-07-06T14:45:37.567,Senior Analyst,True,4,REGULAR,"Copenhagen, Capital Region",4,4,3,0,3,3,3,4 years experience,,Able to maintain Work life balance,Things can be bureaucratic sometimes,,,NEUTRAL,0,0
E10384,Danske Bank,10000+ Employees,https://www.danskebank.com/careers,,78558465,2023-07-25T09:14:56.227,Senior Software Engineer,True,2,REGULAR,Bengaluru,4,4,4,4,4,3,4,Danske Bank Review,,"good work life balance, good learning opportunities","instability in job , sold out to Infosys",,,,0,0
E10384,Danske Bank,10000+ Employees,https://www.danskebank.com/careers,,6258737,2015-04-03T20:12:33.360,,False,20,REGULAR,,4,0,0,0,0,0,0,Reasonably fair and balanced employer,Ireland is recovering well...should have stayed committed,Focused on employee development and progression,Be aware pay freezes in place,,,,0,0
E10384,Danske Bank,10000+ Employees,https://www.danskebank.com/careers,,66291709,2022-07-04T22:33:47.943,,False,6,REGULAR,,4,5,5,5,5,5,3,Very good employer to begin and grow your carear,,"Socially responsible, high values, good benefits (insurance, 2 fully payed sick days, 2 fully payed self-development days, additional 2-5 days fully payed leave based on how many years you worked in the organization), perfect work-life balance, friendly coworkers, interesting job.",Bad management in some levels,POSITIVE,,,0,0
E10384,Danske Bank,10000+ Employees,https://www.danskebank.com/careers,,1110829,2011-09-16T08:46:14.650,Analyst,True,0,,"Copenhagen, Capital Region",3,4.5,0,0,3,3,2,Very frustrating,"Look at barclay,s","Flexibility, competency, Friendly, easy and 40 hours",Too much waste and not doing it right. Loss of key workers. Demotivating.,,NO_OPINION,,0,0
E10384,Danske Bank,10000+ Employees,https://www.danskebank.com/careers,,29781515,2019-10-13T12:51:31.573,ODD Quality Control,True,1,REGULAR,,3,3,2,0,2,2,1,Too young for talented employees,,"Big company, a lot of events, trainings and commitees activities, free fruits and sweets every week, health ensurance, lot of changes every year","Company exists in Lithuania not so long so mostly all employees have less experience than they have to have, a lot of mess, rules are changing all the time, employees are creating own rules each for themselves how to do ODD without bigger restrictions. Salary is small and not growing, managers are afraid of continiuos improvements, only few free places for trainings and they are limited to scandinavian languages and AML, however, after taking it you must work in Danske for at least a year after.",NEGATIVE,DISAPPROVE,NEUTRAL,0,0
E10384,Danske Bank,10000+ Employees,https://www.danskebank.com/careers,,53706567,2021-10-08T03:12:01.707,Programme Analyst,False,0,PART_TIME,,5,5,0,0,5,5,0,1234,,"Great people, culture, office and perks",Limited WFH flexibility and mobility,,,,0,0
E10384,Danske Bank,10000+ Employees,https://www.danskebank.com/careers,,39678090,2020-12-21T07:39:20.597,,False,0,REGULAR,,3,0,0,0,0,0,0,Average employer,,"Large company, streamlined processes, benefits","Not caring about employee, outdated systems",,,,0,0
E10384,Danske Bank,10000+ Employees,https://www.danskebank.com/careers,,14098024,2017-03-08T09:06:06.427,,False,0,REGULAR,,5,0,0,0,0,0,0,Good,,"Good job prospects, really enjoyed it, lovely staff, variety of work to do, helpful managers and training, can move up with time","There can sometimes be particularly difficult customers due to the nature of the job, sometimes have to stay behind to balance tills",,,,0,0
E10384,Danske Bank,10000+ Employees,https://www.danskebank.com/careers,,32218416,2020-03-04T22:58:10.637,Chief Dealer,True,0,REGULAR,,4,0,0,0,0,0,0,Good place to work,,Good culture and helpful colleagues,Not as international as one would think,POSITIVE,,,0,0
E10384,Danske Bank,10000+ Employees,https://www.danskebank.com/careers,,71343369,2022-11-23T13:55:32.150,Student Worker,True,1,PART_TIME,,4,5,4,4,4,3,4,Flexible environment for students,,-Flexible work schedule respecting studies and forgiving during exam periods -Nice and reasonable coworkers -Casual environment and mood -No useless meetings - International company (English spoken all the time) - Managers are always helpfull and reasonable,- Office and company events are not the most exciting,POSITIVE,NO_OPINION,POSITIVE,0,0
E10384,Danske Bank,10000+ Employees,https://www.danskebank.com/careers,,13862126,2017-02-20T13:03:02.477,,True,2,REGULAR,"Copenhagen, Capital Region",4,5,3,0,3,5,2,"Great place to work, but not so much focus on employee development","Try to look at people as individuals, not numbers. There's a reason they were hired in the first place.","Great colleagues, laid back culture, helpful people, great perks, lots of challenges, lots of courses too","Managers don't really try to know the real you and develop your strenghts, they want all employees to fit in a certain template that their managers has given them.",POSITIVE,APPROVE,POSITIVE,0,0
E10384,Danske Bank,10000+ Employees,https://www.danskebank.com/careers,,22715817,2018-09-29T01:17:26.327,Software Engineer,True,4,REGULAR,"Copenhagen, Capital Region",2,5,1,0,2,3,2,Toxic workplace with interesting projects,"Listen to the employees, instead of playing power games. Focus on products and development instead of office politics.","- Interesting project domain
- Good tools
- Good training opportunities","- Incompetent people making decisions
- Lack of vision and direction
- Not following with plans, wasting millions in the process
- Ignoring whistle-blowers
- Lack of honesty and a lot of passive-aggressive behaviors present
- No real chance for employees to be listened to
- Hard work not rewarded
- People laid off and promoted because of office politics not because of merit",NEGATIVE,DISAPPROVE,NEGATIVE,4,0
E10384,Danske Bank,10000+ Employees,https://www.danskebank.com/careers,,79472325,2023-08-25T02:40:05.100,IT Software Engineer,False,0,REGULAR,Vilnius,4,0,0,0,0,0,0,Great place if you want a non-demanding work place,,- non-demanding work place - flexible hours - can remote work from abroad,- Relatively low pay - Almost no opportunity to grow - A lot of incompetent colleagues,,,,0,0
E10384,Danske Bank,10000+ Employees,https://www.danskebank.com/careers,,32512401,2020-03-27T11:45:20.797,Learning And Development Specialist,False,20,REGULAR,,5,4,4,0,4,4,4,Very good employer,,"Good benefits and working environment
Great colleagues 
Collaboration with international colleagues","Some cultural differences between international brands presented difficulties, but great collaboration generally overcame them.",,,,0,0
E10384,Danske Bank,10000+ Employees,https://www.danskebank.com/careers,,92310328,2024-10-27T02:58:53.883,Data Analyst,False,4,REGULAR,Vilnius,4,5,5,5,5,4,4,Good place to start career,,"Danske Bank is a great employer, they care a lot about you as an employee. Stress levels are at minimum, workload is stable and reasonable. I made a career switch in Danske and it was a great place to learn and gain experience.","If you’re a person, who thrives on pace, this is not a place for you. The salaries are competetive but not the most you can get in the market, altough this is expected if you want a slower pace job.",POSITIVE,NO_OPINION,,0,0
E10384,Danske Bank,10000+ Employees,https://www.danskebank.com/careers,,24834209,2019-02-22T10:56:39.807,,True,0,REGULAR,,3,5,3,0,3,2,2,Getting busy,,Good work life balance.  Job security,Concentrating too much on efficiencies not actual improvements,POSITIVE,,NEUTRAL,0,0
E10384,Danske Bank,10000+ Employees,https://www.danskebank.com/careers,,38375684,2020-11-16T05:18:19.390,Software Engineer,True,2,REGULAR,Kuala Lumpur,4,4,5,5,2,3,4,Decent place to work,,"Great working culture. There are many opportunities for learning and we are afforded time to implement things in the right way. Also, there's a rather big emphasis on quality and everything that is shipped is QA-ed rigorously.","As with other big companies there are many dependencies on other teams and that can be frustrating at times. There are lots of paperwork just to get anything done. Also, the dev infrastructure could use a lot of improvement as it's sometimes quite slow and unstable.",POSITIVE,NO_OPINION,POSITIVE,0,0
E10384,Danske Bank,10000+ Employees,https://www.danskebank.com/careers,,15511787,2017-06-16T23:49:59.880,Senior Vice President,True,4,REGULAR,"Copenhagen, Capital Region",3,4,4,0,4,4,4,Leading Bank in Denmark,,"Great CEO with visions and warmth - a person to follow. competent management, high focus on the digital agenda and customer journey. Nordic and somewhat European presence,",Old culture still exists with high seniority on management positions. Change readiness is lower Ryan the willingness. High focus on customers - employees less prioritized.,POSITIVE,APPROVE,POSITIVE,0,0
E10384,Danske Bank,10000+ Employees,https://www.danskebank.com/careers,,31694662,2020-02-05T05:43:42.873,Senior Relationship Manager,False,6,REGULAR,"Dublin, Dublin",5,3,5,0,3,5,5,Super place to work,Delegate more.,"Great people, nice culture, great IT platform.","Danes dominate, slow decisions.",POSITIVE,APPROVE,NEUTRAL,0,0
E10384,Danske Bank,10000+ Employees,https://www.danskebank.com/careers,,82878700,2023-12-27T15:45:38.570,Software Development Manager,True,2,REGULAR,,1,4,1,3,1,4,2,Proper kindengarden,"Next time you transform to a model like Spotify, do it properly, without favouritism and without paying millions to an incompetent consulting firm ;)",You can land a big contract if you know how to negotiate and you are expert on what you do,"Everyhting there feels like you work in a combo of a kindergarden, jubgle, zoo or mickey mouse cartoon. Bureacratic, lazy, unreliable, outdated, scandalous.,,,just stay away unless you want an early retirement. If that is your goal, Danske is the place...you can literally do nothing and leave the office at 16:00. Not even your own manager will notice; either cause he/she left the office before you or he/she is busy playing politics while presenting fake results in nicely pollished powerpoints.",NEGATIVE,DISAPPROVE,NEGATIVE,0,0
E10384,Danske Bank,10000+ Employees,https://www.danskebank.com/careers,,38062106,2020-11-06T05:32:59.877,Officer,False,2,REGULAR,Vilnius,3,3,4,5,4,2,4,Danske bank employee review,Be more flexible to changes.,"Great working environment.
Employee friendly management
Scope to grow","Salary compensation is not as per standards
Bureaucracy",,APPROVE,,0,0
E10384,Danske Bank,10000+ Employees,https://www.danskebank.com/careers,,91329267,2024-09-25T01:22:58.660,Senior Compliance Officer,True,2,REGULAR,"Copenhagen, Capital Region",4,5,4,5,5,3,3,"Good team, great office",,"Office, people, benefits, team events, celebrations","Job content may be not fulfilling, scrutiny, slow decision making, salary level",POSITIVE,APPROVE,POSITIVE,0,0
E10384,Danske Bank,10000+ Employees,https://www.danskebank.com/careers,,91213590,2024-09-21T02:26:34.020,Senior Data Analyst,True,4,REGULAR,Vilnius,5,5,5,5,5,5,5,Working in danske,,"Work-life balance, great colleagues, nice office",Can not think of any,POSITIVE,APPROVE,POSITIVE,0,0
E10384,Danske Bank,10000+ Employees,https://www.danskebank.com/careers,,56407577,2021-12-08T10:13:00.820,Compliance Officer,False,2,REGULAR,Vilnius,3,4,4,3,1,2,2,It depends. Who is your boss?,Scan Team leads and their behaviour.,"- Ability to work remotely.
- Nice office.","- Terrible team lead. 
- HR is on the team leads side. ALWAYS.
- Impossible to get a raise. 
- Really bad psychological climate created by other team members (depends on the team I guess). 
- Those extra 4 days for sickness etc. you need to get approved a few weeks prior. How does one know when he will get sick? 
- Job is just very boring. But I am sure it depends on the person. If doing the same tasks every day seems like hell to you, I don't recommend working here.",NEGATIVE,APPROVE,NEUTRAL,0,0
E10384,Danske Bank,10000+ Employees,https://www.danskebank.com/careers,,31997931,2020-02-21T10:04:34.587,Senior Analyst,True,4,REGULAR,"Copenhagen, Capital Region",5,5,5,0,5,4,5,Good,,Working at Danske provides opportunity for taking individual projects according to your interest. There are many internal and external courses.,Moving forward projects can take long time.,POSITIVE,APPROVE,POSITIVE,0,0
E10384,Danske Bank,10000+ Employees,https://www.danskebank.com/careers,,46599851,2021-05-06T23:35:52.783,,False,2,REGULAR,Vilnius,4,4,3,4,3,4,4,Nice to work here,,Good working conditions and benefits,Restrain to get better salary,POSITIVE,APPROVE,POSITIVE,0,0
E10384,Danske Bank,10000+ Employees,https://www.danskebank.com/careers,,20712511,2018-05-23T05:42:46.233,,False,0,REGULAR,,4,4,4,0,5,3,3,Good stable and professional place to work,,Good opportunities to develop within the organisation,Big and to a certain extent nat that flexible,POSITIVE,NO_OPINION,POSITIVE,0,0
E10384,Danske Bank,10000+ Employees,https://www.danskebank.com/careers,,38123628,2020-11-08T15:27:33.063,Junior Software Engineer (C# Developer),True,1,REGULAR,Vilnius,4,4,4,4,4,5,4,Extremely corporate but it's a bank so what did you expect,Management is doing great honestly,"Benefits, stability, simplicity, fair management","Stability, simplicity, lack of challenges, depends what kind of a person you are, sometimes it's great, sometimes it isn't.",POSITIVE,APPROVE,POSITIVE,0,0
E10384,Danske Bank,10000+ Employees,https://www.danskebank.com/careers,,91192533,2024-09-20T06:55:57.473,Senior Software Engineer,True,6,REGULAR,Bengaluru,3,3,3,3,3,3,3,Ok,,"Good company, healthy work culture",Company not exists now. Acquired by Infosys,,,,0,0
E10384,Danske Bank,10000+ Employees,https://www.danskebank.com/careers,,4644514,2014-07-24T11:33:13.397,Communications,False,2,REGULAR,"Copenhagen, Capital Region",3,4,2,0,3,4,2,"Glad I tried it, so now I never have to again.",,"Colleagues, work-life balance, compensation, benefits, technology","Colleagues, fiefdoms, extreme CYA culture",NEGATIVE,APPROVE,NEUTRAL,0,0
E10384,Danske Bank,10000+ Employees,https://www.danskebank.com/careers,,41291047,2021-01-23T10:51:23.790,Software Engineer,True,0,REGULAR,Aarhus,5,5,5,5,5,5,5,"Great company, loads of different stuff to work on, skills improvement and social","Keep up the good work, and think agile!","Good pay
Lots of stuff to work on
Every skill imaginable can be used
Social stuff","Processes everywhere,
No courses normally, just online classes",POSITIVE,APPROVE,POSITIVE,0,0
E10384,Danske Bank,10000+ Employees,https://www.danskebank.com/careers,,87148436,2024-05-10T05:04:21.457,Auditor,True,4,REGULAR,"Copenhagen, Capital Region",3,4,1,2,1,3,1,"Lacking talent, good benefits",,"Employee benefits are significant and value-adding, especially if having a family","Lack of growth and personal development

Potentially toxic culture and micromanagement (depending on the department)

Salaries are below average",NEGATIVE,NO_OPINION,NEUTRAL,0,0
E10384,Danske Bank,10000+ Employees,https://www.danskebank.com/careers,,36161156,2020-09-20T09:58:26.063,Chief Analyst,True,6,REGULAR,"Copenhagen, Capital Region",3,4,3,0,2,5,2,Danske Bank has very little to do with Denmark or Scandinavia anymore.,"Advice to the board, strongly consider Scandinavian CEO, entire management has been replaced with Dutch or Germans. The culture is rapidly changing, rolling out BWOW was supposed to make employees more engaged and empowered, but there is even more Top Management then ever. Company is no longer value driven, harsh German / Dutch leadership culture imposed.","Salary is very good, and benefits package too. Should focus more on employee engagement and well-being instead of thinking a raise is the answer to retain unhappy employees. Received probably 40% worth of salary increases in 3 years, although never asked for a raise.","BWoW, leadership, culture, engagement, career",POSITIVE,DISAPPROVE,NEGATIVE,1,0
E10384,Danske Bank,10000+ Employees,https://www.danskebank.com/careers,,74432466,2023-03-12T07:35:36.717,Customer Advisor,True,2,REGULAR,"Malmö, Skåne",5,5,5,5,5,5,5,-,,very good company to work for,there is no cons as a danske employee,POSITIVE,APPROVE,POSITIVE,0,0
E10384,Danske Bank,10000+ Employees,https://www.danskebank.com/careers,,12848962,2016-12-01T08:08:01.407,Manager,True,20,REGULAR,"Belfast, Northern Ireland",5,4,4,0,5,4,4,Manager,,This is a very busy and successful employer who provides great opportunities for employees to develop without moving employer,The pace of change is challenging but rewarding,POSITIVE,,POSITIVE,0,0
E10384,Danske Bank,10000+ Employees,https://www.danskebank.com/careers,,45204386,2021-04-08T05:37:55.533,Associate Client Manager,False,0,REGULAR,"Stockholm, Stockholm",3,3,2,2,2,3,2,Siloed org with sharp elbows,,Good office &amp; decent salaries,Sharp elbows and a organisation with cumbersome silos,NEGATIVE,NO_OPINION,NEGATIVE,0,0
E10384,Danske Bank,10000+ Employees,https://www.danskebank.com/careers,,85717933,2024-03-26T09:45:02.190,Student Software Engineer,False,1,PART_TIME,Brabrand,4,5,2,5,5,5,4,Pretty good,,"Lots of departments meaning lots of options.
Relaxed work environment where no one are trying to pressure you to work harder as long as you try your best.
You can work from home pretty whenever you want.","Old building.
Bad cafeteria.
Hard to be a part of the decision making process.
Seems they want to save money on social stuff and in the department I was in there was next to no social opportunities.
Seems they are turning to hiring from india to save money which can lead to a decent amount of bad hires.",,,,0,0
E10384,Danske Bank,10000+ Employees,https://www.danskebank.com/careers,,48802037,2021-06-24T11:03:45.867,Customer Advisor,True,1,REGULAR,"Belfast, Northern Ireland",5,5,5,5,5,4,5,Great place to work,,Work life Balance is great,Salary could be better for the work load,POSITIVE,NO_OPINION,NEUTRAL,0,0
E10384,Danske Bank,10000+ Employees,https://www.danskebank.com/careers,,91287119,2024-09-23T23:37:14.907,Compliance Student Worker,False,0,PART_TIME,"Copenhagen, Capital Region",4,0,0,0,0,0,0,Friendly colleagues and supportive environment,,Colleagues are very friendly and managers are very supportive.,A little chaos in the organization and mismanagement of roles,,,,0,0
E10384,Danske Bank,10000+ Employees,https://www.danskebank.com/careers,,49007512,2021-06-28T08:48:58.793,AML Analyst,False,0,REGULAR,Zürich,4,0,0,0,0,0,0,Good place to work,,It is a good place to work,The bank has a bad reputation,,,,0,0
E10384,Danske Bank,10000+ Employees,https://www.danskebank.com/careers,,16550073,2017-08-28T03:30:25.407,,True,0,REGULAR,,5,0,0,0,3,0,0,Great place to work,,Good benefits. Great ambience. Global company,Burocratic. Too many meetings. Slow to execute,POSITIVE,,,0,0
E10384,Danske Bank,10000+ Employees,https://www.danskebank.com/careers,,54240096,2021-10-20T05:40:46.430,Senior Portfolio Manager,False,0,REGULAR,"Helsinki, Southern Finland",1,3,1,4,4,3,3,"""Global bank without global competences/processes",,One of the largest banks in Nordic,Too much Denmark focused bank,NEGATIVE,DISAPPROVE,NEGATIVE,1,0
E10384,Danske Bank,10000+ Employees,https://www.danskebank.com/careers,,61262569,2022-03-16T03:29:34.937,Senior Software Engineer,True,0,REGULAR,,4,0,0,0,0,0,0,Good,,all good so far to know,"nothing so far, all good",,,,0,0
E10384,Danske Bank,10000+ Employees,https://www.danskebank.com/careers,,79853763,2023-09-07T09:22:31.033,Project Manager,True,20,REGULAR,"Helsinki, Southern Finland",4,4,4,4,3,3,4,Great place with great people,,Work-life balance is great. Great colleagues and helping/collaborative armosphere.,Large company which may get bureaucratic/cumbersome sometimes,POSITIVE,APPROVE,POSITIVE,0,0
E10384,Danske Bank,10000+ Employees,https://www.danskebank.com/careers,,70839971,2022-11-07T00:01:43.587,Customer Service Advisor,True,1,REGULAR,"Belfast, Northern Ireland",4,0,0,0,0,0,0,Review,,Flexibility and allows you to evolve and progress quickly,Could incorporate mixed approach with some remote work,,,,0,0
E10384,Danske Bank,10000+ Employees,https://www.danskebank.com/careers,,44256707,2021-03-19T07:42:20.593,Software Developer,True,0,REGULAR,"Warsaw, Masovia",5,5,5,5,4,5,4,Perfecto,,"Team, people, salary, tech, projects",not so many to find,,,,0,0
E10384,Danske Bank,10000+ Employees,https://www.danskebank.com/careers,,90667452,2024-09-03T08:21:11.557,Compliance Officer,True,0,REGULAR,"London, England",4,0,0,0,0,0,0,"Great company, bad pay",,Work life balance is a thing of joy.,Pay is severely below competitors for the same roles.,,,,1,0
E10384,Danske Bank,10000+ Employees,https://www.danskebank.com/careers,,5751147,2015-01-22T09:07:25.193,,False,0,,,3,0,0,0,0,0,0,Internship with little valuable experience,,"Friendly environment, cooperative employees, many training events",Repetitive grunt work - internship mainly consisted of shredding and filing documents.,,,,0,0
E10384,Danske Bank,10000+ Employees,https://www.danskebank.com/careers,,86455031,2024-04-18T12:24:41.433,Anti Money Laundering,True,1,REGULAR,Vilnius,3,4,4,5,4,3,3,Great place to work,"Your competitors/other companies offer the flexibilities to work from home 3 days and 2 days from office, and as well as the flexibility to temporarily work from abroad, removing these flexibilities can cause current employees to find job elsewhere with better flexibilities and may also decrease attraction for potential employee candidates.","1) Office is built in a way to keep morale good and boost productivity. The best part is natural light enters from nearly everywhere so it feels very light and open. 
2) Team leaders and colleagues are supportive and warm.
3) Micromanagement nearly doesn't exist, you can do your tasks with no stress.
4) Regular one on one's with your team leader so you can track your development and can get help for further development.","1) Forced to come to office 3 times a week, and executives/senior managers occasionally inflicting psychological pressure to come to office. 
2) Removing the flexibility to temporarily work from abroad, which is more disappointing for foreign employees and even more so when one knows the job can be perfectly done from anywhere with internet.
3) Pesky morning meetings",POSITIVE,APPROVE,POSITIVE,0,0
E10384,Danske Bank,10000+ Employees,https://www.danskebank.com/careers,,81671993,2023-11-08T23:07:29.223,First Vice President,False,4,REGULAR,"Copenhagen, Capital Region",3,5,1,3,3,3,1,LC&amp;I Services,Come out of the dark ages and invest in change,Great work life balance Hybrid working,Lack of tech Poor senior management Poor to non risk management for new business Historically poor management decisions which have lead to many remediation projects,NEGATIVE,DISAPPROVE,NEGATIVE,1,0
E10384,Danske Bank,10000+ Employees,https://www.danskebank.com/careers,,19575146,2018-03-07T10:35:13.627,Business Development,False,6,REGULAR,"Copenhagen, Capital Region",4,5,3,0,3,4,4,"Great place, sometimes bureaucratic","Doing a great job, but middle management is somewhat conservative in my experience.",Great place with a fantastic attitude towards work-life-balance. I tried many jobs during my time and I felt that management listened to employees.,"At times bureaucratic. I my dept. they used to say: ""Nobody ever gets fired for choosing IBM"" - and it was true. I think top-management does a great job and takes some chances once in a while, but middle management sometimes seem a bit stuck in the past.",POSITIVE,APPROVE,POSITIVE,0,0
E10384,Danske Bank,10000+ Employees,https://www.danskebank.com/careers,,45197581,2021-04-08T02:23:15.303,Information Security Architect,False,2,REGULAR,Tallinn,5,5,5,4,5,5,4,++++,,"Awesome company, plenty amount of task. Compensations is also good.","Nothing to add here, just great.",POSITIVE,APPROVE,POSITIVE,0,0
E10384,Danske Bank,10000+ Employees,https://www.danskebank.com/careers,,63037091,2022-04-20T10:28:33.007,Software Engineer,True,0,REGULAR,,4,0,0,0,0,0,0,good,,my job experience was pretty fun,I didn't see any downsides :),,,,0,0
E10384,Danske Bank,10000+ Employees,https://www.danskebank.com/careers,,80546972,2023-09-30T09:40:25.143,,False,0,REGULAR,,2,0,0,0,0,0,0,Slow,,Very good social benefits Good work-life balance,Very few/almost no room for improvement Extremely slow,,,,0,0
E10384,Danske Bank,10000+ Employees,https://www.danskebank.com/careers,,82667519,2023-12-17T14:16:58.290,Manager,True,0,REGULAR,"Denmark, WI",3,4,2,2,5,5,3,Great place,,Almost all is good there,A Little bad and toxic culture,POSITIVE,NO_OPINION,POSITIVE,0,0
E10384,Danske Bank,10000+ Employees,https://www.danskebank.com/careers,,64610802,2022-05-24T09:53:46.947,Service Delivery Officer,True,2,REGULAR,"Copenhagen, Capital Region",4,4,4,5,4,5,3,Great work place,Less bureaucracy and more flat organisational structure will do wonders for the bank.,Really good salary and other perks. Also if you are in the right team/departement there is plenty opportunities to develop skills,There is some departments that dont work as good as some of the group functions. If you are unlucky you could find yourself in a more “rotten” part of the bank,POSITIVE,,,0,0
E10384,Danske Bank,10000+ Employees,https://www.danskebank.com/careers,,41487181,2021-01-27T05:51:08.390,Strategy Consultant,False,4,REGULAR,"Copenhagen, Capital Region",3,4,2,2,2,4,2,Great salary - lousy workplace enviroment,,"Salary was nice, the security that came with it and the flexible working hours.",The workplace environment was a mess ever since they got a new CEO and downsized since the scandal they had in the bank. Not much room to grow internally.,POSITIVE,DISAPPROVE,NEUTRAL,0,0
E10384,Danske Bank,10000+ Employees,https://www.danskebank.com/careers,,62383499,2022-04-06T12:58:39.137,,False,4,REGULAR,"Belfast, Northern Ireland",5,5,5,5,4,5,5,Brilliant work culture,Keep doing what you’re doing!,Great work culture and people. The company really value their people and promotes work life balance.,No parking but not overly an issue as I think it’s mostly wfh now,POSITIVE,APPROVE,POSITIVE,0,0
E10384,Danske Bank,10000+ Employees,https://www.danskebank.com/careers,,52446376,2021-09-13T00:19:04.033,IT Asset Manager,True,1,REGULAR,,5,4,5,4,5,5,4,The most friendly company I've ever worked,,On-boarding process was very smooth and the team is really great to work.,No transparency within team about work,POSITIVE,,POSITIVE,0,0
E10384,Danske Bank,10000+ Employees,https://www.danskebank.com/careers,,73239254,2023-02-02T01:59:58.503,Compliance Officer,False,0,REGULAR,,4,0,0,0,0,0,0,Great company,,"Great company, cares about the employees, good culture, well structured and organized processes.","Huge organization, thus sometimes it is hard to understand who does what, some of the activities overlap throughout the organization.",,,,0,0
E10384,Danske Bank,10000+ Employees,https://www.danskebank.com/careers,,86642347,2024-04-24T10:15:34.020,IT Chapter Lead,False,4,REGULAR,Vilnius,5,5,5,5,5,5,5,Awesome company to work for,,"Interesting projects
Competent colleagues
Great Work and Life balance",It could be quite process oriented at times,POSITIVE,APPROVE,POSITIVE,0,0
E10384,Danske Bank,10000+ Employees,https://www.danskebank.com/careers,,45376711,2021-04-12T07:20:12.557,KYC Analyst,True,0,REGULAR,"Derry, Northern Ireland",4,0,0,0,0,0,0,Good team atmosphere,,"Friendly colleagues, team leaders will be there to assist most of the time.",Management can sometimes disregard your opinion.,,,,0,0
E10384,Danske Bank,10000+ Employees,https://www.danskebank.com/careers,,65732363,2022-06-19T12:34:29.727,Customer Service,False,0,REGULAR,,2,0,0,0,0,0,0,Left,,Gave me experience in financial industry,The pay is rubbish for the work that has to be completed,,,,0,0
E10384,Danske Bank,10000+ Employees,https://www.danskebank.com/careers,,70002567,2022-10-11T02:00:46.280,AML Compliance Officer,False,1,REGULAR,,5,0,0,0,0,0,0,Working conditions,,Very amazing office and office facilities. Nice menu in the canteen,Could not think of any so far,,,,0,0
E10384,Danske Bank,10000+ Employees,https://www.danskebank.com/careers,,92934108,2024-11-18T00:21:42.220,,False,1,REGULAR,,5,0,0,0,0,0,0,Good experience,,"Good exposure, good culture, and interesting experience","all is good, heard they have a new building now",,,,0,0
E10384,Danske Bank,10000+ Employees,https://www.danskebank.com/careers,,85993691,2024-04-04T05:10:34.673,Personal Banker,True,20,REGULAR,"Belfast, Northern Ireland",5,5,5,5,5,5,5,Fantastic,,Fantastic people to work with,Brilliant company to work for,POSITIVE,APPROVE,,0,0
E10384,Danske Bank,10000+ Employees,https://www.danskebank.com/careers,,17399264,2017-10-17T09:18:05.847,IT Support Analyst,True,2,REGULAR,Vilnius,3,3,3,0,4,5,2,"The conditions are good, but the management lacks knowledge",Change processes and improve your knowledge,"Nice salary, good conditions, perfect location, additional attractions, interesting work, interesting events","Managers are idiots, some policies of the bank, outdated processes, lack of communication, huge workload, lack of challenges and intelligent managers",POSITIVE,NO_OPINION,NEGATIVE,3,0
E10384,Danske Bank,10000+ Employees,https://www.danskebank.com/careers,,35962524,2020-09-15T00:44:49.977,Specialist,True,0,REGULAR,,3,0,0,0,0,0,0,Good place to work,,"great people, very talented in their work",unfortunately decisions can be taken top down,,,,0,0
E10384,Danske Bank,10000+ Employees,https://www.danskebank.com/careers,,35723388,2020-09-08T04:52:36.240,AML Analyst,True,1,REGULAR,Vilnius,3,3,3,0,3,3,4,Average,,"Good benefits, Very cozy offices, Comfortable amenities","Low pay, weak IT infrastructure related to AML",POSITIVE,NO_OPINION,NEUTRAL,0,0
E10384,Danske Bank,10000+ Employees,https://www.danskebank.com/careers,,77690358,2023-06-25T04:59:53.843,Equity Research Analyst,False,2,REGULAR,,4,4,3,5,5,3,5,Nice,,Great career prospects throughout all company locations in Europe.,Lacking in terms of work-life balance but overall pretty decent.,POSITIVE,NO_OPINION,NEUTRAL,0,0
E10384,Danske Bank,10000+ Employees,https://www.danskebank.com/careers,,75276157,2023-04-06T23:18:42.493,Junior AML Specialist,False,0,REGULAR,Vilnius,1,1,1,1,1,2,1,AML L1,,"Skanus šokoladas, patogus ofisas visai","Nieko gero daugiau išvis, nerekomenduoju",NEGATIVE,DISAPPROVE,NEGATIVE,0,0
E10384,Danske Bank,10000+ Employees,https://www.danskebank.com/careers,,91286897,2024-09-23T23:24:25.967,IT Software Engineer,True,0,REGULAR,,4,5,5,5,5,5,5,Working culture is great,,"It’s a great company
Great people
Good salary","Old tech stack but migrating 
A lot of Changes happen around",,,,0,0
E10384,Danske Bank,10000+ Employees,https://www.danskebank.com/careers,,91488016,2024-09-30T12:19:24.170,,False,0,REGULAR,,3,5,5,5,3,3,3,Buried in bureaucracy and not paying their employees enough,,"- Great career stepping stone
- Great people","- Nepotism in promotions
- Extreme bureaucracy and siloed work
- Not rewarding hardworking employees enough",NEGATIVE,APPROVE,POSITIVE,0,0
E10384,Danske Bank,10000+ Employees,https://www.danskebank.com/careers,,87709155,2024-05-28T08:39:20.607,Digital Project Lead,True,2,REGULAR,"Copenhagen, Capital Region",3,3,3,3,3,3,3,.,,"Flexible
Good work life balance","Unstructured 
People work in silos
Unclear roles and responsibilities",NEGATIVE,NO_OPINION,NEUTRAL,0,0
E10384,Danske Bank,10000+ Employees,https://www.danskebank.com/careers,,71470167,2022-11-29T08:02:52.163,Junior Consultant,True,0,PART_TIME,,4,4,3,3,5,5,3,"Good employee benefits, lack of social benefits","Higher focus on the employees in transformational periods, higher focus on student and young workers in regards to social interactions","High flexibility, Good salary, Good locations",Lack of cost allocated for social interactions,NEGATIVE,NO_OPINION,POSITIVE,0,0
E10384,Danske Bank,10000+ Employees,https://www.danskebank.com/careers,,87925032,2024-06-04T07:57:52.697,Controller,False,2,REGULAR,"Helsinki, Southern Finland",3,3,3,2,4,3,2,Controller at Danske Bank,,"Good salary, great opportunities and great colleagues.","Stressful work environment, change in hybrid working from home model and constant organisational changes.",,APPROVE,,2,0
E10384,Danske Bank,10000+ Employees,https://www.danskebank.com/careers,,37861822,2020-11-01T03:31:52.587,Senior Business Analyst,False,4,REGULAR,Vilnius,5,5,5,5,5,5,5,Best employer so far,,"Employees have freedom to act, performing their work. Due to this creative solutions are being achieved.
Flexible working hours. The most important is to deliver comnittments on time.
Employees benefits are very good. And in general attention to employees and their needs is very positive.
Modern and we'll equiped office provides all you need to perform your work, keeping work life balance at the same time. However, employer is also open to work from home.
If you work hard, this is always noticed and rewarded during yearly reviews (sometimes even during the year).
Great learning and self-development possibilities.",Nothing comes to my mind,POSITIVE,APPROVE,POSITIVE,0,0
E10384,Danske Bank,10000+ Employees,https://www.danskebank.com/careers,,37244324,2020-10-16T13:56:14.773,,True,2,REGULAR,"Copenhagen, Capital Region",4,4,2,0,1,4,2,Highly engaged environment,,"Very intelligent colleagues
Good atmosphere outside of work","Too many consultants destroying the culture
Managers are always fully booked in meetings many weeks ahead",POSITIVE,DISAPPROVE,NEUTRAL,0,0
E10384,Danske Bank,10000+ Employees,https://www.danskebank.com/careers,,83000195,2024-01-03T05:33:48.623,Compliance Officer,False,0,REGULAR,,4,0,0,0,4,0,0,Work life balance and perks,,You get compensated for all over time hours and the work life balance is like no where,"Monotonous work
Bureaucracy 
Slow growth",,,,0,0
E10384,Danske Bank,10000+ Employees,https://www.danskebank.com/careers,,62651384,2022-04-12T04:00:05.543,Senior Regulatory Affairs Manager,True,20,REGULAR,"London, England",5,5,5,3,3,4,4,Great culture,,"Supportive working environment and good work/life balance. Very relaxed, professional, little stress",Slow pace and slightly unadventurous which comes with territory of being a risk adverse business in the UK.,POSITIVE,APPROVE,POSITIVE,0,0
E10384,Danske Bank,10000+ Employees,https://www.danskebank.com/careers,,90206292,2024-08-19T02:06:57.493,Communications Consultant,False,0,REGULAR,,5,0,0,0,0,0,0,Great employer,,Cares about employees and culture.,I have no cons at the moment.,,,,0,0
E10384,Danske Bank,10000+ Employees,https://www.danskebank.com/careers,,37844451,2020-10-31T06:35:12.327,Chief Dealer,True,0,REGULAR,"Copenhagen, Capital Region",5,4,4,3,3,3,4,Great regional bank,,"Good spirit and attitude, competent management","Regional, small footprint and ambitions.",POSITIVE,NO_OPINION,POSITIVE,0,0
E10384,Danske Bank,10000+ Employees,https://www.danskebank.com/careers,,62500868,2022-04-08T11:58:39.720,AML Compliance Officer,False,1,REGULAR,Vilnius,3,3,3,4,2,3,3,Monotonous job,,"Normal pay and benefits, sometimes nice colleagues.","Monotonous job, sometimes toxic workplace, small raise.",NEGATIVE,NO_OPINION,NEUTRAL,0,0
E10384,Danske Bank,10000+ Employees,https://www.danskebank.com/careers,,89380386,2024-07-22T13:21:19.713,Markets Specialist,False,2,REGULAR,Vilnius,4,5,3,5,4,3,4,Between the middle,,"Easy, usually good teams, good structure and simplicity.","Too many useless meetings, went from remote to hybrid.",POSITIVE,APPROVE,POSITIVE,0,0
E10384,Danske Bank,10000+ Employees,https://www.danskebank.com/careers,,40422015,2021-01-11T02:55:33.597,Senior Procurement Manager,True,0,REGULAR,Oslo,4,5,4,3,2,3,4,good company culture,,"The company has obtained a very including company culture, mainly driven by Denmark. Very good teams and good employee benefits.",High number of people with fixed mindset (being in the bank for 20+ years and not willing to change).,NEGATIVE,APPROVE,POSITIVE,0,0
E10384,Danske Bank,10000+ Employees,https://www.danskebank.com/careers,,35684797,2020-09-07T00:25:57.767,Head of Development Unit,True,20,REGULAR,Vilnius,5,5,5,0,4,5,4,Big corporation,,"Good facilities, a lot of additional benefits to salary.","Big corporation with all leading things, internal politics, unclear ownerships, a lot of alignments.",POSITIVE,APPROVE,NEUTRAL,0,0
E10384,Danske Bank,10000+ Employees,https://www.danskebank.com/careers,,55343735,2021-11-14T13:59:34.773,Business Analyst,True,0,REGULAR,,3,2,2,1,2,3,2,Old fashioned,,"Decent salary, flexible work from home","Very old fashioned, difficult to change. Agenda is about cutting costs so nothing remotely modern or innovative will come for a few years. Not very attractive for young proffessionals looking for growth",,,,0,0
E10384,Danske Bank,10000+ Employees,https://www.danskebank.com/careers,,22495712,2018-09-15T16:48:57.380,,False,0,REGULAR,,1,1,1,0,1,1,1,Worst Experience in a S/F firm,"I would have,but no one listens.So,not wasting any time here",#1&gt; Can't recall any,"#1&gt; No Long term vision.
#2&gt;Clueless about everything.
#3&gt; Firing has become a Norm here.
#4&gt; Worst Work environment /culture i faced ever.",NEGATIVE,DISAPPROVE,NEGATIVE,5,0
E10384,Danske Bank,10000+ Employees,https://www.danskebank.com/careers,,38079705,2020-11-06T14:58:42.300,Compliance Officer,True,0,REGULAR,"Copenhagen, Capital Region",4,4,2,2,3,4,2,Good,,Job Conditons are quite good,Hierarchical. And some times Slow.,POSITIVE,APPROVE,NEUTRAL,0,0
E10384,Danske Bank,10000+ Employees,https://www.danskebank.com/careers,,92553655,2024-11-05T00:10:09.087,Software Engineer,True,2,REGULAR,Vilnius,4,5,5,5,4,3,3,Great place to work,,"Great place to work, great benefits, hybrid model. There is no overload with tasks that needed to be done yesterday. Mature culture","Slow processes, learning budget is not concrete.",POSITIVE,,,0,0
E10384,Danske Bank,10000+ Employees,https://www.danskebank.com/careers,,7107006,2015-07-03T18:38:44.220,Systems Developer,True,0,,Bengaluru,4,4,5,0,3,3,3,Good comapny,,"Good policies and work life balance and gender balanced work force.

Transportation Facilities including pickup and drop , flexible work hours.

Insurance coverage to parents and spouse and kids.

Good percentage of hikes.","nothing much; They are in initial stage of  captive center in Bangalore.

Need to wait for some time to see the performance.",POSITIVE,APPROVE,POSITIVE,4,0
E10384,Danske Bank,10000+ Employees,https://www.danskebank.com/careers,,17937537,2017-11-16T10:42:15.873,Private Client Advisor,False,2,REGULAR,"Copenhagen, Capital Region",4,2,3,0,4,4,0,Career development possibilities,,"Development possibilities , a lot of new jobs promoted internally.","Working under time pressure , overtime is a norm, although I believe working overtime is a standard in most workplaces .",POSITIVE,,,0,0
E10384,Danske Bank,10000+ Employees,https://www.danskebank.com/careers,,17727032,2017-11-04T11:06:55.557,,True,0,,,4,3,3,0,5,5,4,Investment Banking Analyst,,Very good deal flow with top management from GS,Hard culture. Obviously that the management from London brought the culture with them,,,,0,0
E10384,Danske Bank,10000+ Employees,https://www.danskebank.com/careers,,80059911,2023-09-14T05:13:33.567,,True,2,REGULAR,"Copenhagen, Capital Region",1,1,2,2,1,3,1,No WFH policy,,sometimes they have cake in the cafeteria,Detached management deciding that we have to work from the office 3-4 days a week is definitely a reason to quit. Colleagues outside my team are not the brightest. It's extremely hard to do a good job because nobody feels responsible. The entire company runs on minimum effort.,NEGATIVE,DISAPPROVE,NEGATIVE,0,0
E10384,Danske Bank,10000+ Employees,https://www.danskebank.com/careers,,44494420,2021-03-24T08:47:04.913,KYC/AML Specialist,False,4,REGULAR,"Copenhagen, Capital Region",4,5,4,4,3,4,3,Job at Danske Bank,Value the employees,God working environment and people to work with.,Not very good salary and outsourcing taking overhand.,POSITIVE,,POSITIVE,0,0
E10384,Danske Bank,10000+ Employees,https://www.danskebank.com/careers,,91747273,2024-10-08T17:23:01.253,Customer Service Advisor,False,6,REGULAR,"Dunmurry, Northern Ireland",1,3,3,4,2,1,1,Avoid at all costs!,"Value, listen to, and pay your employees fairly. Review of business proceedures with an aim to reduce stress on overloaded teams. A quick end to bullying from managers",Teams generally get on well,"Pay is woeful for what you do and in comparison to other similar positions. It is also not up for discussion and will often be met with hostility before being dismissed entirely.

Culture of micromanagement and bullying from higher managers, often targetted at specific individuals.

Ever growing workload with no consideration to how this will affect individual performance (such as increased call times or after call times).",NEGATIVE,,,0,0
E10384,Danske Bank,10000+ Employees,https://www.danskebank.com/careers,,60656641,2022-03-04T13:56:56.853,AML Officer,False,2,REGULAR,Vilnius,3,0,0,0,0,0,0,Good entry into finance,,Options to get training and certifications funded; extra vacation days; stable working hours; great health insurance and on-site benefits incl. canteen; options for horizontal and vertical career turns,"Large corporation, so large gaps between management and employees; sudden and radical internal restructurings; often rude attitude from top management; market often offers better pay;",,,,0,0
E10384,Danske Bank,10000+ Employees,https://www.danskebank.com/careers,,54069965,2021-10-16T05:33:29.277,Customer Service Adviser,True,2,REGULAR,,4,5,4,5,4,3,4,Love it here,,Great work atmosphere in branch,"Poor salary, other banks better paid",POSITIVE,APPROVE,POSITIVE,0,0
E10384,Danske Bank,10000+ Employees,https://www.danskebank.com/careers,,62354918,2022-04-06T04:41:14.860,Analyst,False,0,REGULAR,,3,0,0,0,0,0,0,Good experience,,Large institution and bank int the Nordics,"Hiearchy
Bureacracy

Old fashioned corporate culture at DB.",,,,0,0
E10384,Danske Bank,10000+ Employees,https://www.danskebank.com/careers,,93180899,2024-11-26T05:49:55.163,Internship,True,0,REGULAR,Hamburg,4,0,0,0,0,0,0,Intern,,Fun team good environment and location,"Long hours, late nights and lot of work",,,,0,0
E10384,Danske Bank,10000+ Employees,https://www.danskebank.com/careers,,85830448,2024-03-29T14:29:37.237,Corporate Actions Specialist,True,1,REGULAR,Vilnius,3,0,0,0,0,0,0,Worker,,"Canteen, offices, location, benefits, health insurance","Not so flexy (at least 3-4 day work from office), lack of parking space, lack of events",,,,1,0
E10384,Danske Bank,10000+ Employees,https://www.danskebank.com/careers,,75461131,2023-04-13T08:20:53.423,Risk Specialist,True,4,REGULAR,"Copenhagen, Capital Region",4,5,3,3,4,2,3,Possibilities for development,,"Great colleagues, good work-life balance, great managers, opportunities for professional development","long governance process, heavy reliance on consultants, salary on the lower side compared to peers",POSITIVE,NO_OPINION,POSITIVE,0,0
E10384,Danske Bank,10000+ Employees,https://www.danskebank.com/careers,,36766882,2020-10-06T03:31:41.240,Business Analyst,True,2,REGULAR,"Copenhagen, Capital Region",5,5,4,5,5,4,4,Working as a BA at Danske Bank,,"Flexible work schedule, working agile, good food in cantine for low price",Lots of reorganizations which can take away focus from operational work.,POSITIVE,APPROVE,POSITIVE,0,0
E10384,Danske Bank,10000+ Employees,https://www.danskebank.com/careers,,63343312,2022-04-27T08:06:15,Specialist,True,4,REGULAR,"Copenhagen, Capital Region",3,0,0,0,0,0,0,Conservative mindset,,Very kind people. Open offices and access. Managers are engaging.,Rigid corporate structure. Top-down management. Conservative mindset.,,,NEGATIVE,1,0
E10384,Danske Bank,10000+ Employees,https://www.danskebank.com/careers,,30030673,2019-10-26T04:39:54.003,,True,2,REGULAR,"Copenhagen, Capital Region",3,5,1,0,3,5,1,If you prioritize company benefits over personal development - this is the plact for you,"Old and stagnant organization. some departments have a seniority average of 30 years whereas others have 3 years. support diffusion or knowledge sharing between areas and set mandatory budgets, for all departments, for social activities.","amazing benefits, great salaries, work security.","no personal development. the seniority level in the organization compared to competencies levels hints that progressing is a natural and not a result of hard work or capabilities. 
there is no focus on personal development, you can grow if you actively transfer between departments by pursuing an internal interview process. in your area you will get more tasks only of other people would leave. 

this means that once you joined, you're just kind of there so some choose to work and some don't. I have colleagues with no tasks while the team in IN works an average of 10 hours a day (on a good month). this is, to say the least, non-respectful. 

too focused on buzz words - currently it's working ""agile"" - the result is hiring a bunch of agile coaches but not trying to define a new culture.",NEGATIVE,APPROVE,NEGATIVE,0,0
E10384,Danske Bank,10000+ Employees,https://www.danskebank.com/careers,,13747877,2017-02-12T12:14:41.237,Senior Software Engineer,True,2,REGULAR,Vilnius,5,5,5,0,5,4,5,Senior software engineer,,"Flexible hours, benefits, good atmosphere, danish work philosophy, inspiring and creative tasks and colleagues, mentoring programs, possibility to grow and make a life long career","Mainframe, mainframe and once more mainframe :) A lot of pl/i and cobol programming, need to learn somewhat old fashioned system.",POSITIVE,APPROVE,POSITIVE,0,0
E10384,Danske Bank,10000+ Employees,https://www.danskebank.com/careers,,23686304,2018-12-04T03:43:06.557,,True,2,REGULAR,,3,5,3,0,3,5,3,Good secure employer but suffers from big corporation,Speed up development process,"- Good Benefits
- Lunch
- Family oriented
- well paid
- paid time to develop","- Long unnecessary business processes
- missing REAL innovation strategy
- weird budget decisions
- Estonia case led to budget cuts",POSITIVE,,,0,0
E10384,Danske Bank,10000+ Employees,https://www.danskebank.com/careers,,80890394,2023-10-12T11:55:37.423,,True,1,REGULAR,Bengaluru,4,5,4,4,3,4,1,was great until the merger,,"flexible work life balance, great benefits","mainframe stack, aging tech stack",NEGATIVE,DISAPPROVE,NEGATIVE,0,0
E10384,Danske Bank,10000+ Employees,https://www.danskebank.com/careers,,64754123,2022-05-27T02:08:44.803,,True,6,REGULAR,Vilnius,4,4,5,5,4,4,4,Great focus on people,"Improve development/retention strategy for high level specialist 
Create a system for mid-level management review (including anonymous feedback by employees) and actually follow-up on changes and raised issues without tipping-off. In some departments and teams managers don't really follow company values","Lots of focus on employee wellbeing, attention switched drastically in years.
Company also is focusing into sustainability and positive impact on the communities, opportunities to good things outside the 'company office'","High level specialist retention strategy is missing/weak
Lacking of mid-level management accountability",POSITIVE,APPROVE,POSITIVE,0,0
E10384,Danske Bank,10000+ Employees,https://www.danskebank.com/careers,,49017344,2021-06-28T11:47:24.493,Chapter Lead,True,0,REGULAR,"Copenhagen, Capital Region",5,3,5,3,5,4,2,Great place to work at and grow,,Great place to grow and develop as a software engineer with all the latest tools and technologies the industry ahs to offer.,Large and sometimes slow organization to adapt and progress.,POSITIVE,NO_OPINION,NEUTRAL,0,0
E10384,Danske Bank,10000+ Employees,https://www.danskebank.com/careers,,55305645,2021-11-13T03:21:49.523,Product Owner,False,4,REGULAR,Vilnius,4,5,5,4,4,5,3,Major org transformation is still in process,"Closely inspect new designed roles. Agile coach roles are not performing at all (I believe there are good examples so scale them!!)

The shift towards Agile was over one night. However people mindset did not changed over night. I have not whitenesses any good  activities  towards educating personnel on Agile and making sure we keep transforming towards it.","Good career possibilities to move to any position internally. 
Good benefits.
International and multicultural environment.","Major reorg has been launched at Feb 2021.
Still facing a lot of design flaws. Positions and responsibilities are still in the phase of defining. 
Due to this fact work load is enormous. Product owners are also IT system owners and are responsible for bunch of duties - documentation, compliance with GDPR (this one is particularly a pain point as all guidance comes from DPO but implementation- on your shoulders. Each month you get a new request and feels quite non constructive approach)",,,,1,0
E10384,Danske Bank,10000+ Employees,https://www.danskebank.com/careers,,39359664,2020-12-11T00:22:29.027,Manager,False,0,REGULAR,"Copenhagen, Capital Region",4,0,0,0,0,0,0,Nice place to work,,The culture is good. They think about their employees with good benefits.,Too much hierarchy in the organization.,,,,0,0
E10384,Danske Bank,10000+ Employees,https://www.danskebank.com/careers,,92780554,2024-11-12T11:47:18.097,Data Scientist,True,0,REGULAR,"Copenhagen, Capital Region",3,0,0,0,0,0,0,OK,,good maternity leave and OK benefits,top leadership could be better,,,,0,0
E10384,Danske Bank,10000+ Employees,https://www.danskebank.com/careers,,82008540,2023-11-22T01:12:16.337,Analyst,False,0,REGULAR,"London, England",4,0,0,0,0,0,0,Good culture,,Nice colleagues and good work life balance,The salaries are below industry standard,,,,0,0
E10384,Danske Bank,10000+ Employees,https://www.danskebank.com/careers,,63965085,2022-05-11T04:31:00.243,Software Engineer,False,0,REGULAR,,4,0,0,0,0,0,0,All very good,,Was quite happy with everything,Can get a bit chaotic sometimes,,,,0,0
E10384,Danske Bank,10000+ Employees,https://www.danskebank.com/careers,,82188034,2023-11-29T12:45:41.540,Software Engineer (Mid-level),True,0,REGULAR,Vilnius,4,0,0,0,0,0,0,a,,"good benefits, hybrid wok, nice people.","corporate things sucks, hard promotions",,,,0,0
E10384,Danske Bank,10000+ Employees,https://www.danskebank.com/careers,,87997711,2024-06-06T05:00:37.440,AML Investigator,True,2,REGULAR,"Warsaw, Masovia",4,0,0,0,0,0,0,Good place to work,,"Great atmosphere within the team, management is okay, there is no problem with delivering the target as is not too high,","Too much pressure on Quality, Quality sample of checked case could be various, procedure is created in that way that it is easy to obtain failure",,,,0,0
E10384,Danske Bank,10000+ Employees,https://www.danskebank.com/careers,,74893560,2023-03-26T12:46:51.893,Software Engineer,True,0,REGULAR,Vilnius,5,4,5,5,4,4,3,Review of current employee,,Skilled colleagues and good work atmosphere,Sometimes slow development process due to additional change management procedures.,POSITIVE,NO_OPINION,NEUTRAL,0,0
E10384,Danske Bank,10000+ Employees,https://www.danskebank.com/careers,,80308862,2023-09-21T22:56:45.407,SVP Operations,False,0,REGULAR,"Copenhagen, Capital Region",4,4,4,3,4,4,3,Program manager,,Nice people here at the bsnk,Complex organisation in Denmark and sweden,,,,0,0
E10384,Danske Bank,10000+ Employees,https://www.danskebank.com/careers,,58747231,2022-01-29T03:47:40.590,Equity Analyst,True,1,REGULAR,"Stockholm, Stockholm",4,3,4,5,3,3,4,Ok but but not more,More freedom and less courses etc.,Entrepreneurial culture. Good colleagues and a little more freedom than similar roles at other banks.,Top mgmt focus to much on non-business related activities.,POSITIVE,NO_OPINION,NEUTRAL,0,0
E10384,Danske Bank,10000+ Employees,https://www.danskebank.com/careers,,9145503,2016-01-11T00:44:01.820,,False,0,,"Copenhagen, Capital Region",4,4,4,0,4,4,4,Senior Summit Developer,,"Open culture , very good work and opportunity to learn, Collaborative environment .Health facilities in the office .Special discount at stores.","Pay scale is average 
Can have faster promotion cycle for employees working hard .",POSITIVE,APPROVE,POSITIVE,0,0
E10384,Danske Bank,10000+ Employees,https://www.danskebank.com/careers,,86789853,2024-04-29T10:22:16.793,Business Banking,True,0,REGULAR,,4,4,5,5,4,4,4,Danske bank,,"Good place to work, good culture",Stressful demanding job with high targets,POSITIVE,APPROVE,POSITIVE,0,0
E10384,Danske Bank,10000+ Employees,https://www.danskebank.com/careers,,41352328,2021-01-25T02:00:36.597,Customer Service Representative,False,2,PART_TIME,"Copenhagen, Capital Region",4,4,4,4,3,4,3,Customer Service Representative,,"Good, benefits, training and teamwork","Stress, comp, tell, and stiry",POSITIVE,APPROVE,POSITIVE,0,0
E10384,Danske Bank,10000+ Employees,https://www.danskebank.com/careers,,63123322,2022-04-22T01:19:44.573,Customer Service Representative,False,1,REGULAR,,1,1,1,1,1,1,1,Inconsistent Training,"Empathy, people skills and sensitivity training",Nothing positive of note here,"No support from senior staff 
Abusive customers 
Concerns ignored 
New starts expected to do everything with little to no training
Forced to do overtime with no pay",NEGATIVE,DISAPPROVE,,3,0
E10384,Danske Bank,10000+ Employees,https://www.danskebank.com/careers,,42803855,2021-02-20T04:32:09.567,Operations Officer,False,2,REGULAR,Vilnius,3,3,2,4,3,1,1,So so,Raise salaries,Stable working working ours and health insurance,"Monotonous job, very low salary raise",,,NEUTRAL,0,0
E10384,Danske Bank,10000+ Employees,https://www.danskebank.com/careers,,23033755,2018-10-19T16:21:06.850,Project Lead,False,1,REGULAR,"Copenhagen, Capital Region",2,0,0,0,0,0,0,Recruited for a nonexistent job,"Keep in touch with your employees, motivate them and make sure there's an actual exciting project that they can work other than the routine tasks they are expected to perform.","Good benefits, flexible worktimes, 7 weeks of vacation and better interest rates and loans in general. The financial sector also pays on the high end compared to other sectors.",Very rigid structure internally. IT departments are run very traditional and seen as an expense. Zero sparring with my manager and there's very little social activity outside of the workplace.,,,,0,0
E10384,Danske Bank,10000+ Employees,https://www.danskebank.com/careers,,36698385,2020-10-04T17:42:54.753,AML Specialist,True,0,REGULAR,Vilnius,4,5,5,4,4,5,3,Good career starter,,"Office benefits like canteen, game rooms, sleeping rooms, lounges
Insurance
Scandinavian culture","Routine
Little salary growth
Lack of motivation",POSITIVE,NO_OPINION,POSITIVE,0,0
E10384,Danske Bank,10000+ Employees,https://www.danskebank.com/careers,,46193356,2021-04-28T11:00:29.970,Software Engineer,True,1,REGULAR,"Copenhagen, Capital Region",5,5,5,5,5,5,5,Great company,,"Smart colleagues, preference for newer technologies, competitive environment",Have not yet experienced any negative feelings,POSITIVE,APPROVE,POSITIVE,0,0
E10384,Danske Bank,10000+ Employees,https://www.danskebank.com/careers,,12108285,2016-09-28T12:36:10.867,Sales Advisor,True,1,,"Belfast, Northern Ireland",3,3,5,0,4,2,2,Sales Advisor,"Speak to staff before making huge decisions that effect them, company motto is I'll take care of that for you but management just seem to want to take care of themselves at times.","Staff are sound, they are helpful and understand the steep learning curve new starts go through. Colleagues are easy to talk to and always approachable. training is good.",Wages are poor. Issues with air conditioning. The amount of things you need to learn to be able to do on a call is overwhelming in the beginning and they will keep adding skill sets for other areas once your up-to speed.,NEGATIVE,NO_OPINION,POSITIVE,1,0
E10384,Danske Bank,10000+ Employees,https://www.danskebank.com/careers,,90346494,2024-08-23T00:23:34.797,Software Engineer,True,1,REGULAR,Vilnius,4,5,5,4,4,3,4,Mature company,,"Good culture, stability, work life balance","Salary, bureaucracy, lack of challenges",POSITIVE,APPROVE,POSITIVE,0,0
E10384,Danske Bank,10000+ Employees,https://www.danskebank.com/careers,,93194132,2024-11-26T12:47:22.793,IT Software Engineer,True,1,REGULAR,"Copenhagen, Capital Region",5,5,5,5,4,4,4,good place for an entry position,,great atmosphere and learning opportunities,highly regulated industry which can result in complicated IT solutions,POSITIVE,NO_OPINION,POSITIVE,0,0
E10384,Danske Bank,10000+ Employees,https://www.danskebank.com/careers,,70914587,2022-11-09T00:56:06.617,Project Manager,True,4,REGULAR,,3,4,3,4,3,4,3,Overall good company,,"Good work-life balance, free decision making","No clear direction, lacking transparency",,,,0,0
E10384,Danske Bank,10000+ Employees,https://www.danskebank.com/careers,,69897739,2022-10-07T13:59:14.713,Senior Software Engineer,True,0,REGULAR,,5,5,3,5,4,4,4,Good work-life balance,,"Good salary, with paid overtime.",A lot of bureaucracy when doing development.,POSITIVE,NO_OPINION,NEUTRAL,0,0
E10384,Danske Bank,10000+ Employees,https://www.danskebank.com/careers,,20519450,2018-05-10T02:30:04.040,Analyst,True,4,REGULAR,Vilnius,3,5,4,0,3,1,4,A good place to start,,"Nice office in Vilnius city center, discounted lunch and breakfast, relaxed environment if you are not in operations. Underground parking, free gym, great fitness classes, before, during and after working hours.","Extremely low salary, bad coffee. Most of the work in financial sector is not that interesting unless you’re in the business of developing and overseeing new projects. The creative kind should avoid banks at all costs.",POSITIVE,APPROVE,NEUTRAL,4,0
E10384,Danske Bank,10000+ Employees,https://www.danskebank.com/careers,,57459867,2022-01-05T11:52:33.323,Personal Banker,False,1,REGULAR,"Belfast, Northern Ireland",4,4,5,5,4,3,3,My time,,"Great staff , great team, felt comfortable and at ease at work",Lower pay in comparison to other financial institutions,POSITIVE,NO_OPINION,POSITIVE,0,0
E10384,Danske Bank,10000+ Employees,https://www.danskebank.com/careers,,85368493,2024-03-15T08:53:46.690,Software Engineer,True,1,REGULAR,,1,4,2,3,1,4,1,Meh,"Flatten the org, more individual ownership, more boldness.",Good salary &amp; benefits. Nice place for work life balance &amp; if you want work to be something to forget about.,"Old tech, un inspiring, not much to learn besides how thing are done at danske bank specifically. Insane amount of filler work.",NEGATIVE,NO_OPINION,NEGATIVE,0,0
E10384,Danske Bank,10000+ Employees,https://www.danskebank.com/careers,,33192533,2020-05-15T03:05:45.137,Risk Analyst,False,0,REGULAR,,4,0,0,0,0,0,0,Great customer focus,,"Focus on customer welfare, using data-based decisions",Hierarchy is a bit confusing at times,,,,0,0
E10384,Danske Bank,10000+ Employees,https://www.danskebank.com/careers,,52510806,2021-09-14T03:38:00.867,CPC Analyst,True,0,REGULAR,"Derry, Northern Ireland",4,4,4,5,3,4,4,Great institution,,Great institution to work for.,Low pay for level of experise required.,POSITIVE,APPROVE,POSITIVE,0,0
E10384,Danske Bank,10000+ Employees,https://www.danskebank.com/careers,,47215102,2021-05-20T06:46:31.633,Analyst,False,4,REGULAR,"Copenhagen, Capital Region",4,2,4,5,4,5,3,Good team,,Good team and career opportunities,Long work hours and weekend work,POSITIVE,DISAPPROVE,POSITIVE,0,0
E10384,Danske Bank,10000+ Employees,https://www.danskebank.com/careers,,39466413,2020-12-14T09:24:11.937,Analyst,True,0,REGULAR,"Copenhagen, Capital Region",5,0,0,0,0,0,0,Analyst,,Great bank to work at,very competetive but thats okay,,,,0,0
E10384,Danske Bank,10000+ Employees,https://www.danskebank.com/careers,,60393566,2022-02-28T06:04:21.537,Statistical Analyst,True,2,REGULAR,"Copenhagen, Capital Region",4,4,4,4,4,5,4,Review,,"Flexible working hours, benefits, jobsecurity,","Large organisation, hirarchi, changes often, rotation,",POSITIVE,APPROVE,NEUTRAL,0,0
E10384,Danske Bank,10000+ Employees,https://www.danskebank.com/careers,,24985556,2019-03-04T11:25:24.387,Learning And Development Consultant,True,1,REGULAR,"Copenhagen, Capital Region",2,5,1,0,3,4,1,Would not recommend,Listen to your employees,"Good work life balance 
7 weeks of vacation per year 
Flexible work hours 
Young and smart colleagues","Terrible management 
Lack of direction or purpose 
High hierarchical structures 
Lack of meaning in work",NEGATIVE,DISAPPROVE,NEGATIVE,1,0
E10384,Danske Bank,10000+ Employees,https://www.danskebank.com/careers,,41671636,2021-01-30T08:32:16.783,Office Manager,False,0,REGULAR,,5,0,0,0,0,0,0,Busy,,"Amazing, fast paced, friendly people, great customers, flexible hours","None, great place, everyone is great, kind, attentive",,,,0,0
E10384,Danske Bank,10000+ Employees,https://www.danskebank.com/careers,,11236798,2016-07-14T03:41:53.893,,True,9,REGULAR,"Copenhagen, Capital Region",5,4,5,0,5,4,5,Manager,Stay committed to ambition to push the boundaries of banking.,Great opportunities to impact. Strong commitment to change. Nice and dynamic working environment. People are sharp and great to collaborate with.,Big company. Changes can take time.,,APPROVE,POSITIVE,1,0
E10384,Danske Bank,10000+ Employees,https://www.danskebank.com/careers,,42210001,2021-02-09T11:59:44.470,Programme Analyst,True,6,REGULAR,Vilnius,1,1,1,1,2,3,2,Programmer Analyst Review,,"Benefits, brand, experience, popularity, and stability.","Work-Life balance, very low inclusion, very bad management, Incompetent HR.",NEGATIVE,DISAPPROVE,NEGATIVE,0,0
E10384,Danske Bank,10000+ Employees,https://www.danskebank.com/careers,,77214286,2023-06-08T22:47:40.343,Senior Compliance Officer,True,0,REGULAR,"Copenhagen, Capital Region",4,0,0,0,0,0,0,Great place to work,,"Colleagues, work life balance are excellent",Not the most organized internally,,,,0,0
E10384,Danske Bank,10000+ Employees,https://www.danskebank.com/careers,,51692605,2021-08-26T13:26:07.910,,True,4,REGULAR,"Copenhagen, Capital Region",4,4,3,3,4,4,2,Generally hood corporate culture,,"Wide flexibility in opportunities, various great people profiles ti interact with. Goot benefit package","Organisational’ changes are too frequent and fair poorly managed. Currently cutting costs programme, hence reduced benefits.",POSITIVE,DISAPPROVE,POSITIVE,0,0
E10384,Danske Bank,10000+ Employees,https://www.danskebank.com/careers,,37501943,2020-10-22T14:01:54.327,Senior Credit Analyst,True,0,REGULAR,"Lisbon, Lisbon District",5,0,0,0,0,0,0,Great opportunities,,"Greater opportunities for development
Highly proffesional colleagues
Empowering leadership",No cons to state here,,,,0,0
E10384,Danske Bank,10000+ Employees,https://www.danskebank.com/careers,,12305435,2016-10-13T19:23:35.490,,False,0,,,5,4,5,0,5,5,5,Great place to work,Keep on rocking!,"Professional environment, great management staff, good career opportunities, great pay if you are good.","Can be sometimes little bureaucratic , but nothing too bad. If you love to work for a really big firm, this is the place",POSITIVE,NO_OPINION,POSITIVE,2,0
E10384,Danske Bank,10000+ Employees,https://www.danskebank.com/careers,,85669546,2024-03-25T04:44:40.923,Customer Advisor,True,4,REGULAR,"Belfast, Northern Ireland",4,5,4,5,2,2,5,Overview,,"Good work life balance, good colleagues, nice office.",Lack of progression and pay is poor.,,,,0,0
E10384,Danske Bank,10000+ Employees,https://www.danskebank.com/careers,,80452995,2023-09-27T06:18:06.810,Marketing,False,9,PART_TIME,"London, England",5,5,5,5,5,5,5,Great bank,,Amazing benefits &amp; lovely staff to work with,Nothing I can think of,POSITIVE,APPROVE,,0,0
E10384,Danske Bank,10000+ Employees,https://www.danskebank.com/careers,,9841491,2016-03-08T09:23:34.767,,False,2,REGULAR,Luxembourg,3,4,1,0,3,3,3,"Good company to work in, pity about low salaries and some misogyny","Revise salaries to bring them up to market standard, materialise bonus promises to staff, treat all staff equally instead of privileging account managers.","Flat hierarchy, openness of management, international environment, work/life balance","No HR department, management ignored the worker's union, sexual harassment complaints were not taken seriously",,,,0,0
E10384,Danske Bank,10000+ Employees,https://www.danskebank.com/careers,,77642907,2023-06-22T23:16:50.830,IT Senior Business Analyst,True,0,REGULAR,,3,0,0,0,0,0,0,Senior business analyst,,Flexible work conditions: remote/hybrid/office. Salary increase every year.,Too much looking in to diversity.,,,,0,0
E10384,Danske Bank,10000+ Employees,https://www.danskebank.com/careers,,19119779,2018-02-07T04:11:14.170,,True,0,REGULAR,,5,5,5,0,5,5,5,Lead Developer,,Good carrier possibilieties in the it,Slow salary growth for good performance,POSITIVE,APPROVE,POSITIVE,0,0
E10384,Danske Bank,10000+ Employees,https://www.danskebank.com/careers,,24206064,2019-01-14T17:20:33.737,,False,0,PART_TIME,,4,5,3,0,3,3,2,Operations Officer,,"38 hours / week, decent paid","A bit to much wanna-be LEANl repetitive work as everyone in retail banking become a ""specialist"" in a narrow field.",NEGATIVE,NO_OPINION,NEUTRAL,0,0
E10384,Danske Bank,10000+ Employees,https://www.danskebank.com/careers,,21142198,2018-06-21T04:19:37.923,,True,0,REGULAR,,5,5,4,0,5,5,4,Great place to work,,"lots of trainings that you don't need to pay for, very nice office with gym and canteen","no cons identified, only pros",POSITIVE,APPROVE,POSITIVE,0,0
E10384,Danske Bank,10000+ Employees,https://www.danskebank.com/careers,,74021887,2023-02-27T09:51:29.033,AML Officer,True,4,REGULAR,Vilnius,5,5,5,5,5,5,5,Amazing company,,"Amazing company, career opotunities, benefits","Operational time, some poor team leads",POSITIVE,APPROVE,POSITIVE,0,0
E10384,Danske Bank,10000+ Employees,https://www.danskebank.com/careers,,62470209,2022-04-07T23:24:19.903,Greeter,True,2,PART_TIME,"Moorhead, MN",5,4,4,4,4,4,4,Yea,A river that I depended on for water,It was cool and nice n stuff,Yup and yup and yup and yup,POSITIVE,APPROVE,POSITIVE,0,0
E10384,Danske Bank,10000+ Employees,https://www.danskebank.com/careers,,43537597,2021-03-05T10:08:06.023,IT Business Analyst,True,0,REGULAR,"Copenhagen, Capital Region",5,2,5,5,5,5,5,Good Company,,"nice atmosphere, with mates and bosses, good salary","flexibility, to work from home or other country",,,,0,0
E10384,Danske Bank,10000+ Employees,https://www.danskebank.com/careers,,61574994,2022-03-22T09:11:13.287,Student Assistant,True,2,PART_TIME,,5,3,5,5,5,5,5,Professional environment,,"Good pay and benefits
Competent colleagues
Professional environment with focus on diversity",Many people work many hours,POSITIVE,APPROVE,POSITIVE,0,0
E10384,Danske Bank,10000+ Employees,https://www.danskebank.com/careers,,29560564,2019-10-01T14:37:01.433,Personal Banker,True,20,PART_TIME,"Belfast, Northern Ireland",3,2,5,0,1,3,3,None,N/a,Great culture ethos and opportunities outside retail,Branch work pressurised beyond belief,NEGATIVE,NO_OPINION,POSITIVE,0,0
E10384,Danske Bank,10000+ Employees,https://www.danskebank.com/careers,,67713406,2022-08-09T08:33:45.560,Senior Project Manager,True,2,REGULAR,Vilnius,5,4,5,5,5,4,4,Good place to work,None,"Opporrunities to grow, good enviroment and work-life balance, good facilities.","Too many reorganisations, slow decision making",POSITIVE,,,0,0
E10384,Danske Bank,10000+ Employees,https://www.danskebank.com/careers,,25428927,2019-03-30T15:26:00.987,Associate Software Engineer,True,2,REGULAR,,4,5,4,0,3,3,2,Work in Danske Bank,,"- Stable employment
- Competitive salary
- Good colleagues","- Sometimes it's very bureaucratic 
- Sometimes it can be boring",POSITIVE,NO_OPINION,NEUTRAL,0,0
E10384,Danske Bank,10000+ Employees,https://www.danskebank.com/careers,,44515130,2021-03-24T14:57:14.357,,True,0,REGULAR,,4,3,5,3,4,3,5,"Great place to work, but understand transformation",,"Collaborative, collegial work environment, team and customer focussed","Under significant change at the moment, might not be best for those seeking predictability",POSITIVE,,POSITIVE,0,0
E10384,Danske Bank,10000+ Employees,https://www.danskebank.com/careers,,61772282,2022-03-25T10:38:40.720,Consultant,True,0,REGULAR,"Copenhagen, Capital Region",4,5,4,4,4,4,4,Good working environment,,Good culture and work life balance. High internal mobility.,"Management could be better
Scarce accountability
Big machine moving slow",POSITIVE,APPROVE,NEUTRAL,0,0
E10384,Danske Bank,10000+ Employees,https://www.danskebank.com/careers,,49474274,2021-07-08T02:44:35.663,Intermediary Service Advisor,True,0,REGULAR,"Belfast, Northern Ireland",2,0,0,0,0,0,0,Intermediary advisor,,great credit and business experience,You are not appreciated for the hard work that you put in and is expected of you,,,,0,0
E10384,Danske Bank,10000+ Employees,https://www.danskebank.com/careers,,86454906,2024-04-18T12:20:54.753,Senior Compliance Officer,True,4,REGULAR,Vilnius,3,4,3,4,2,2,3,Below average pay,,Good and nice office and workplace,"Decreasing flexibility to work from home, slow salary increase",POSITIVE,APPROVE,POSITIVE,0,0
E10384,Danske Bank,10000+ Employees,https://www.danskebank.com/careers,,34453353,2020-07-27T03:52:24.100,Senior Manager,False,0,REGULAR,,4,0,0,0,0,0,0,Great company,,"Good work environment, great colleagues","Low pay, there aren't any bonuses.",,,,0,0
E10384,Danske Bank,10000+ Employees,https://www.danskebank.com/careers,,33435509,2020-05-30T05:53:18.777,Customer Service Advisor,False,2,PART_TIME,,4,5,4,0,5,4,4,Overall positive experience,,Great colleagues and a friendly environment,"Stressful at times, introduction period was quite unorganized",POSITIVE,,POSITIVE,0,0
E10384,Danske Bank,10000+ Employees,https://www.danskebank.com/careers,,83104111,2024-01-06T07:52:35.760,Senior Compliance Officer,True,4,REGULAR,"Copenhagen, Capital Region",4,0,0,0,0,0,0,Stable,,"Stable place to work. Good benefits, flexible and ok pay",Same as any other large corporation,,,,0,0
E10384,Danske Bank,10000+ Employees,https://www.danskebank.com/careers,,77252965,2023-06-10T12:12:21.550,KYC Officer,False,4,REGULAR,,5,5,5,5,5,5,5,Good company,,Company is a huge and it looks that danske care about workers,For IT it's a good company for others that doesn't look like a best company,POSITIVE,NO_OPINION,POSITIVE,0,0
E10384,Danske Bank,10000+ Employees,https://www.danskebank.com/careers,,55652238,2021-11-21T05:20:15.853,Tribe Coach,False,4,REGULAR,"Copenhagen, Capital Region",1,5,1,1,1,4,1,Confidence and arrogance everywhere,"No empowerement, transparency or competence from key positions that should ensure we succeed in the transformation. 

My useless advice to management, since no one that should read this will actually read it, is to ask the management to please remain in Danske Bank and not ruin other companies as well.","- Work life balance
- Pension and insurance
- Money, especially if you have any sort of VP title","- Incompetent and narcisistic domain leadership that focus more on getting the next prefix for their VP title instead of delivering actual value for the company
- Lack of budget for training or development opportunities for the staff affected by the transformation
- Smoke screens after smoke screens whenever relevant and challenging questions are being raised
- Useless HR (lack of a better term than useless, but they are basically not doing anything of relevance or use for the employees)
- Lots of ""leaders"" that have only worked in the bank their entire lives that have lots of confidence and arrogance, but not much competence
- Diversity and inclusion is an absolute joke 
- That whole LGTB+ aspect is just good PR 
- Text book example on why transformations fail in big organisations",NEGATIVE,DISAPPROVE,NEGATIVE,1,0
E10384,Danske Bank,10000+ Employees,https://www.danskebank.com/careers,,70438704,2022-10-24T08:06:18.347,First Year Analyst,True,0,REGULAR,"Stockholm, Stockholm",5,0,0,0,0,0,0,⭐️,,Non-hierarchical structure and open minded colleagues.,"As most banks, sometimes decissions take a bit to long.",,,,0,0
E10384,Danske Bank,10000+ Employees,https://www.danskebank.com/careers,,76214250,2023-05-08T07:10:14.973,,True,2,REGULAR,,3,4,3,3,3,4,3,Constant chaos,Stop with re-orgs every couple of months.,Good benefits Ok salary Good work-life balance,"A lot of politics, DK rules them all. Some very incompetent people in key positions. Work overlap, people not talking to each other and doing the same thing. Constant management change and high turnover.",NEGATIVE,NO_OPINION,NEGATIVE,0,0
E10384,Danske Bank,10000+ Employees,https://www.danskebank.com/careers,,16126606,2017-07-29T13:37:18.310,,True,0,REGULAR,,4,5,4,0,4,4,4,Sales Advisor,,"Great team, hours, canteen, gym, etc.","Job not too challenging, had to sometimes deal with harassment from clients even when not self cause of client's anger",POSITIVE,NO_OPINION,NEUTRAL,0,0
E10384,Danske Bank,10000+ Employees,https://www.danskebank.com/careers,,44182430,2021-03-18T00:21:07.737,Operations Officer,True,4,PART_TIME,"Helsinki, Southern Finland",4,3,5,4,4,4,4,Part time working,The amount of work stays constant or raises yearly. Reducing workers increases work load.,"Great location, collegues and responsibilities given",Work load can be a lot.,POSITIVE,NO_OPINION,NEUTRAL,0,0
E10384,Danske Bank,10000+ Employees,https://www.danskebank.com/careers,,44275256,2021-03-19T14:32:11.860,Senior Business Analyst,True,2,REGULAR,Vilnius,4,4,5,5,4,5,4,DB,,Competitive salary and benefit package,"- overload
- analysts covering all testing activities
- constant organizational change brings a lot of chaos",,,,0,0
E10384,Danske Bank,10000+ Employees,https://www.danskebank.com/careers,,23080637,2018-10-23T08:51:15.447,,True,0,PART_TIME,,5,5,5,0,3,5,5,Support,,Good team and company. The salary is good.,"None, that are worth mentioning.",POSITIVE,NO_OPINION,POSITIVE,0,0
E10384,Danske Bank,10000+ Employees,https://www.danskebank.com/careers,,23065604,2018-10-22T12:31:10.293,Student Assistant,False,2,PART_TIME,"Copenhagen, Capital Region",3,1,1,0,2,2,1,Customer Advisor,,"Good experience, nice colleagues",Stressful and not adapted to students,POSITIVE,NO_OPINION,NEUTRAL,0,0
E10384,Danske Bank,10000+ Employees,https://www.danskebank.com/careers,,80202317,2023-09-19T06:03:47.617,APS2 Service Delivery Officer,True,0,REGULAR,Vilnius,3,0,0,0,0,0,0,Officer,,Nothing really much to say,Nothing that stands really out,,,,0,0
E10384,Danske Bank,10000+ Employees,https://www.danskebank.com/careers,,17914851,2017-11-15T08:58:32.640,,False,2,PART_TIME,"Malmö, Skåne",4,4,4,0,4,4,4,IT Student,,"Nice people, great opportunity to learn from senior developers",Open landscape was not nice,POSITIVE,APPROVE,POSITIVE,0,0
E10384,Danske Bank,10000+ Employees,https://www.danskebank.com/careers,,35776025,2020-09-09T11:52:27.457,Operations Officer,False,2,REGULAR,Vilnius,3,4,4,0,3,2,3,Good for a start,,"No overhours, fair treatment, you can transfer to some other position over time","Low salary, open space office",POSITIVE,NO_OPINION,NEUTRAL,0,0
E10384,Danske Bank,10000+ Employees,https://www.danskebank.com/careers,,55063531,2021-11-08T09:46:51.227,Sustainability Consultant,True,0,REGULAR,"Copenhagen, Capital Region",4,5,5,4,4,5,4,Good Company,,"Good pay and benefits, easy to expand competencies","Alot of red tape, matrix organisation",POSITIVE,APPROVE,POSITIVE,0,0
E10384,Danske Bank,10000+ Employees,https://www.danskebank.com/careers,,71094108,2022-11-15T07:34:08.600,Learning and Development,True,0,REGULAR,Vilnius,5,5,5,3,3,4,4,Great company,,Good salary and amazing culture,Changing quickly so you need to update and learn as well,POSITIVE,APPROVE,POSITIVE,0,0
E10384,Danske Bank,10000+ Employees,https://www.danskebank.com/careers,,44182215,2021-03-18T00:13:05.913,Associate Project Manager,False,2,REGULAR,"Glostrup, Capital Region",4,5,3,3,4,5,3,Great place to work,,Financial comfort and security. Fantastic colleagues,Not very challenging when it comes so tasks versatility as the tasks split between large teams and each individual only needs to take a few responsibilities,,,,0,0
E10384,Danske Bank,10000+ Employees,https://www.danskebank.com/careers,,90071580,2024-08-13T23:30:15.473,Quantitative Analyst,False,1,REGULAR,"Copenhagen, Capital Region",3,0,0,0,0,0,0,Okay experience.,Take better care of DB reputation and brand.,Good coffee machines and nice colleagues,"Workload was poor and reputation of the bank took quite some hits, which affected popular opinion.",,,,0,0
E10384,Danske Bank,10000+ Employees,https://www.danskebank.com/careers,,5272654,2014-10-29T11:07:04.233,Service Adviser,True,4,REGULAR,"Belfast, Northern Ireland",3,2,3,0,1,2,3,A Job with potential if you have the time to study whilst working,Pay raise for staff on the front-lines. Give greater opportunities to bottom level staff,"Open atmosphere, friendly colleagues, access to senior people",lack of opportunity. Saturday working. Inflexibility with contract,NEGATIVE,APPROVE,NEGATIVE,0,0
E10384,Danske Bank,10000+ Employees,https://www.danskebank.com/careers,,55663562,2021-11-21T13:19:03.263,Senior Project Manager,True,2,REGULAR,"Copenhagen, Capital Region",5,4,3,5,5,3,4,Good,,"Good work life balance, fair package, room for opportunity",Culture needs some work in order to get back on track,POSITIVE,APPROVE,POSITIVE,0,0
E10384,Danske Bank,10000+ Employees,https://www.danskebank.com/careers,,20559631,2018-05-13T01:38:26.893,,True,6,REGULAR,Bengaluru,4,4,4,0,4,3,2,Lead IT Application Specialist,,"Good work life balance
Good Environment
Good Culture
Good responsible colleagues
Good Campus","Appraisals
Management
Rotation on job/team
Recognition 
No Onsite",,,,0,0
E10384,Danske Bank,10000+ Employees,https://www.danskebank.com/careers,,75697223,2023-04-20T20:34:49.150,IT Software Engineer,True,0,REGULAR,Bengaluru,5,5,5,5,5,5,4,It’s a good company to work in,,Great work life balance and so many opportunities to learn and grow Helping chapter leads,Some projects are Very slow as it is a bank and takes time to get work done,,,,0,0
E10384,Danske Bank,10000+ Employees,https://www.danskebank.com/careers,,65320184,2022-06-09T09:23:56.190,Operation Officer,True,0,REGULAR,,1,1,1,1,1,1,1,Couldn't give 0/5 stars....,,Work anywhere else but here.,Terrible place to work. Grownups acting like bullies. Thieves in suits.,NEGATIVE,DISAPPROVE,,1,0
E10384,Danske Bank,10000+ Employees,https://www.danskebank.com/careers,,25618305,2019-04-10T18:11:30.680,Senior Consultant,False,4,REGULAR,"Copenhagen, Capital Region",4,4,4,0,4,4,3,"Great, fun but complex",,Motivated and intelligent colleagues with a lot of opportunity for personal and professional development,Complex organisational structure with a lot of stakeholder involvement. High level of internal politics to navigate.,POSITIVE,,POSITIVE,0,0
E10384,Danske Bank,10000+ Employees,https://www.danskebank.com/careers,,94327599,2025-01-14T08:00:14.677,Corporate HR Director,True,4,REGULAR,"Copenhagen, Capital Region",4,5,4,4,4,3,3,diversity,,systematic approach to working on increading diversity,more process driven than focused on end results,POSITIVE,APPROVE,,0,0
E10384,Danske Bank,10000+ Employees,https://www.danskebank.com/careers,,89986815,2024-08-11T11:34:04.990,AML Officer,True,2,REGULAR,Vilnius,3,2,4,4,3,3,1,"Low pay,",,"Cozy office, game rooms, strategically placed, has parking","Salary, grows really slowly. Poor communication of upper management",NEGATIVE,NO_OPINION,NEUTRAL,0,0
E10384,Danske Bank,10000+ Employees,https://www.danskebank.com/careers,,43580874,2021-03-06T11:36:33.780,Senior Security Architect,True,0,REGULAR,,3,2,3,3,4,4,2,Danske Bank,"""It doesn't make sense to hire smart people and tell them what to do; we hire smart people so they can tell us what to do.""","Salary, benefits, in some departments interesting work","Bad repuation, scandals and etc.",,,,1,0
E10384,Danske Bank,10000+ Employees,https://www.danskebank.com/careers,,75246879,2023-04-06T03:06:40.653,Manager,True,6,REGULAR,"Copenhagen, Capital Region",5,5,5,5,4,4,4,Excellent employer,,Good pay and fringe benefits Nice colleagues Career opportunities Stable and well diversified bank,As Denmark is largest and most important market it tends to dominate most decisions,POSITIVE,APPROVE,POSITIVE,0,0
E10384,Danske Bank,10000+ Employees,https://www.danskebank.com/careers,,94153691,2025-01-07T19:28:59.530,Senior Risk Manager,True,4,REGULAR,Oslo,4,5,3,2,3,2,2,Benefits,,Flexible working and great company benefits,Salary is not competitive as with market standards,POSITIVE,NO_OPINION,NEUTRAL,0,0
E10384,Danske Bank,10000+ Employees,https://www.danskebank.com/careers,,32134816,2020-02-29T08:34:38.240,Senior Manager,False,20,REGULAR,"Dublin, Dublin",5,4,5,0,4,4,5,Danske banking,Stay customer focused,"Great benefits, professional organization, good advancement","None , but hard work in a competitive environment",POSITIVE,APPROVE,POSITIVE,0,0
E10384,Danske Bank,10000+ Employees,https://www.danskebank.com/careers,,40117581,2021-01-05T07:07:02.223,AML Officer,True,0,REGULAR,Vilnius,4,4,4,4,4,4,4,Review of Danske Bank,,"Good Team leader, health insurance, possibility to learn new skills","Salary, team is falling apart, poor communication",NEGATIVE,NO_OPINION,NEUTRAL,0,0
E10384,Danske Bank,10000+ Employees,https://www.danskebank.com/careers,,90599419,2024-08-31T12:12:09.373,Senior Analyst,False,4,REGULAR,Trondheim,5,5,5,5,4,4,4,Nice team,,"- Interesting projects
- Nice colleagues and managers",- As far as I know they sold their Retail portfolio,,,,0,0
E10384,Danske Bank,10000+ Employees,https://www.danskebank.com/careers,,12728796,2016-11-19T10:22:00.673,,True,0,REGULAR,"Copenhagen, Capital Region",4,5,5,0,4,4,4,Senior Project Manager,,"excellentv empowered atmoshpere, with lot of projects to hhandle giving different exposure to a lot fo concepts and work.",none as such except it can be a bit difficult to understand terms in a different language.,POSITIVE,APPROVE,POSITIVE,0,0
E10384,Danske Bank,10000+ Employees,https://www.danskebank.com/careers,,55591190,2021-11-19T07:14:13.663,Senior Analyst,True,4,REGULAR,"Belfast, Northern Ireland",5,5,5,5,5,4,4,Great place to work,Keep doing what you are doing,Think about your wellbeing and help you thrive,Some of the staff are not too happy,POSITIVE,APPROVE,POSITIVE,0,0
E10384,Danske Bank,10000+ Employees,https://www.danskebank.com/careers,,23703567,2018-12-05T02:00:55.163,,False,0,REGULAR,,4,4,2,0,4,3,3,Project Manager,,Good place to work with good collegues,Current money laundering case affecting atmosphere,POSITIVE,APPROVE,POSITIVE,0,0
E10384,Danske Bank,10000+ Employees,https://www.danskebank.com/careers,,92013574,2024-10-17T04:16:44.143,Student Analyst,True,2,PART_TIME,"Copenhagen, Capital Region",4,5,4,5,4,5,3,Student Analyst in Strategy team,,"For students in Denmark, this is one of the highest hourly salaries you can get. Plus, you are not on a per-hour contract, but a normal part time contract. That means you get the same every year, you get paid vacation and sick time and insurance",you have to chose 15 or 20h as a student,POSITIVE,NO_OPINION,POSITIVE,0,0
E10384,Danske Bank,10000+ Employees,https://www.danskebank.com/careers,,81494272,2023-11-02T13:44:04.580,Project Manager,True,0,REGULAR,"Copenhagen, Capital Region",1,4,1,1,3,3,1,too many changes,,no stress job and lot of learning options,too many changes lot of bureaucracy,NEGATIVE,DISAPPROVE,NEGATIVE,0,0
E10384,Danske Bank,10000+ Employees,https://www.danskebank.com/careers,,2252781,2013-01-05T10:00:40.117,Assistant Analyst,False,1,PART_TIME,"Copenhagen, Capital Region",3,5,4,0,3,4,2,Fair Danish Investment bank but not more than fair,,"I recerived a fair salary for my position, and a nice pension. I worked fair hours and had good collegues and the general environment was friendly",People working there are generally less ambicious than in the international banks. There is a 'small bank' mentality. Bonus are not as high as international banks.,POSITIVE,NO_OPINION,NEGATIVE,0,0
E10384,Danske Bank,10000+ Employees,https://www.danskebank.com/careers,,93959568,2024-12-29T22:36:11.947,Customer Care Representative,True,0,PART_TIME,"Birmingham, England",4,0,0,0,0,0,0,Review,,Work environment is good and welcoming,Workload can be abit much at times,,,,0,0
E10384,Danske Bank,10000+ Employees,https://www.danskebank.com/careers,,85986510,2024-04-03T23:57:28.080,Senior Legal Counsel,True,0,REGULAR,"Copenhagen, Capital Region",3,0,0,0,0,0,0,Good company,,Central office. Good work life balance,Strong old legacies and not very agile,,,,0,0
E10384,Danske Bank,10000+ Employees,https://www.danskebank.com/careers,,32166575,2020-03-02T12:48:25.790,Product Owner,True,4,REGULAR,"Copenhagen, Capital Region",4,3,3,0,3,4,2,Busy workplace with good benefits,,"Challenging tasks and busy workplace, quit good employees benefits","Sometimes it is too busy, and even though overtime is officially not expected, it is oftentimes a must in order to complete your tasks",,,,0,0
E10384,Danske Bank,10000+ Employees,https://www.danskebank.com/careers,,24589522,2019-02-07T11:35:30.803,,True,2,REGULAR,,2,3,1,0,2,4,2,Dissapointing,,"Benefits, salary, canteen, hours and that’s it","No teamwork, unable to assist new starters, selfish and office culture is not welcoming",NEGATIVE,NO_OPINION,NEUTRAL,1,0
E10384,Danske Bank,10000+ Employees,https://www.danskebank.com/careers,,25913139,2019-04-30T07:13:08.853,Outside Sales Representative,False,2,REGULAR,"Helsinki, Southern Finland",4,5,4,0,4,5,4,Well functioning organization,,"Good bonuses, work environment, sales systems, excellent benefits",Slow and limited career advancement possibilities,POSITIVE,,,0,0
E10384,Danske Bank,10000+ Employees,https://www.danskebank.com/careers,,75777881,2023-04-24T08:05:04.967,,True,0,REGULAR,,3,5,5,0,5,4,4,Workload is insane,Please consider the workload and transitions you are pushing through and make sure to build a good transitionary bridge,Great benefits and competitive salary,The workload is absolutely insane. When complaining about the workload it gets passed off as bad time management. Still a very good workplace and coworkers are good at helping each other when it becomes too much,POSITIVE,,POSITIVE,0,0
E10384,Danske Bank,10000+ Employees,https://www.danskebank.com/careers,,75991913,2023-05-01T03:24:27.113,Product Owner,True,4,REGULAR,"Copenhagen, Capital Region",4,4,4,4,4,5,3,Overall vert good,,Work life balance Compensation package People,Aftermath of AML scandal still create a less attractive environment,POSITIVE,NO_OPINION,,0,0
E10384,Danske Bank,10000+ Employees,https://www.danskebank.com/careers,,86754363,2024-04-28T04:30:19.897,Chief Analyst,True,6,REGULAR,"Copenhagen, Capital Region",3,4,4,4,2,3,2,A hamster wheel with lack of career opportunities,Work more actively with development and assisting career goals. Good people keep leaving because they are held back and status quo doesn’t get challenged,"Much flexibility in when and where (main office, satellite offices, home) to work","Senior management wants to do everything at once, they don’t respect existing processes and thus puts a lot of added pressure on the organisation for very little value added
Depending on immediate management you have a high risk of getting stuck in your career path if you are good at your work because they don’t want to help you reach career goals or even counteract them to retain you in current position. Often without any significant salary or title development to compensate.",NEGATIVE,NO_OPINION,POSITIVE,1,0
E10384,Danske Bank,10000+ Employees,https://www.danskebank.com/careers,,83159419,2024-01-08T12:34:23.067,HR Services Specialist I,True,4,REGULAR,Vilnius,4,4,4,5,4,3,4,HR Services,,"Additional paid leave days
III pilar pension 
Health Insurance",Salary could be much bigger,POSITIVE,APPROVE,POSITIVE,0,0
E10384,Danske Bank,10000+ Employees,https://www.danskebank.com/careers,,32957050,2020-04-30T05:41:43.267,Operations Officer,True,2,REGULAR,"Helsinki, Southern Finland",1,1,1,0,1,1,1,"Outdated systems, difficult environment",,Lunch is good. Nice package for using bank services for free.,"Terrible systems, tons of manual processes, difficult environment.",NEGATIVE,DISAPPROVE,NEGATIVE,0,0
E10384,Danske Bank,10000+ Employees,https://www.danskebank.com/careers,,79996424,2023-09-12T12:13:04.020,AML Officer,False,2,REGULAR,Šaltoniškės,5,0,0,0,0,0,0,AML Officer,,"Work environment, career opportunities, flexible schedule","Pretty low salary, repetitive job,",,,,0,0
E10384,Danske Bank,10000+ Employees,https://www.danskebank.com/careers,,47476268,2021-05-26T02:54:27.203,Software Engineer,False,2,REGULAR,Bengaluru,1,1,1,1,1,1,1,"Danske IT Bangalore posting jobs as Danske Bank Denmark unit, Beware everyone, for genuine reviews, refer to Danske IT!!","Just shut ur shop, you people are good for nothing.",Absolutely no pros here & hence can't think of anything.,"Many, the glassdoor space is too less to list all. They are big time fraudsters, just hire people to eventually fire them. Absolutely brainless incompetent maniacs. The parent unit Danske Bank in Denmark is under scrutiny for world's biggest money laundering act of $200 Billion. Their Indian counterpart Danske IT, already struggling with reviews on glassdoor and people not willing  to join them, have now resorted to fake reviews and posting jobs under the disguise of Danske Bank who have better rating than them in an effort to fool candidates and make them join Danske IT and not Danske Bank which is headquartered in Copenhagen. 

Please Beware guys of their propaganda. Better to stay away from this firm or your career gets ruined just like many other victims out there.",NEGATIVE,DISAPPROVE,NEGATIVE,16,0
E10384,Danske Bank,10000+ Employees,https://www.danskebank.com/careers,,92955078,2024-11-18T12:47:28.750,AML Analyst,True,4,REGULAR,Vilnius,5,3,5,5,4,4,5,Good,"Install process maps, as the proecess is too large and has too much of documentation","The experience in the field of Anti-Money Laundering (AML) provides a comprehensive foundation of knowledge and skills critical to navigating contemporary financial and regulatory landscapes. Roles such as Know Your Customer (KYC) analyst for large corporates and institutions offer invaluable insights into several highly sought-after competencies in today’s dynamic workplaces.

These roles develop expertise in risk management, which entails identifying, assessing, and mitigating financial and reputational risks associated with client relationships. Moreover, they demand stakeholder management, requiring professionals to interact effectively with diverse parties, including clients, regulatory bodies, and internal teams, ensuring seamless communication and collaboration.

A strong emphasis on documentation and reporting ensures adherence to regulatory standards and facilitates transparency and accountability. In addition, the investigative aspect of these roles sharpens analytical and research skills, enabling professionals to detect suspicious activities, analyze complex datasets, and draw actionable conclusions.

These experiences also offer exposure to critical and contemporary topics such as sanctions compliance, financial analysis, and the implementation and monitoring of AML controls. By working at the intersection of these domains, professionals gain a nuanced understanding of global financial systems, regulatory frameworks, and emerging risks, which positions them as valuable assets in safeguarding institutional integrity and mitigating financial crimes.

In summary, the diverse skill set acquired through AML roles equips professionals with not only technical expertise but also strategic insights that are crucial for addressing the multifaceted challenges of modern workplaces.","While AML and KYC roles offer valuable skills, they come with significant challenges, particularly the overwhelming amount of information to process. The sheer volume of data, coupled with constantly evolving regulations, can be mentally taxing. High-pressure deadlines and the complexity of investigations often lead to stress and fatigue. Tasks like documentation and reporting, while essential, can feel repetitive, reducing engagement. Balancing multitasking, stakeholder management, and compliance requirements adds to the workload, while the high stakes of decision-making amplify the mental burden. These challenges demand strong organizational skills, adaptability, and resilience to manage effectively.",POSITIVE,APPROVE,POSITIVE,0,0
E10384,Danske Bank,10000+ Employees,https://www.danskebank.com/careers,,76321066,2023-05-10T23:59:34.010,Associate AML Analyst,False,0,REGULAR,Vilnius,4,0,0,0,0,0,0,Associate AML Analyst,,"Many benefits such as cheap breakfast&amp;lunch in the office canteen, health insurance, parking, gym etc.","Salaries. Comparing to other smaller companies, a significant difference is visible not in Danske Bank advantage.",,,,0,0
E10384,Danske Bank,10000+ Employees,https://www.danskebank.com/careers,,27873453,2019-07-08T22:38:33.187,Software Engineer,False,1,REGULAR,Vilnius,1,4,3,0,2,3,1,"Poor communication and tech, different teams don't share knowledge between each other","Hire more experienced Senior engineers and managers in general. Hire people that care about their team, can make onboarding processes more effective, implement better remote/on-site communication, and also have worked previously in IT or have a software engineering background and can truly understand engineering problems instead of imitating an understanding (which harms everyone in the team on the long run).","Pay and benefits can be ok. Also, if you like extreme stability (I've heard that an employee cannot be laid-off in Danske bank; he has to quit himself instead.), this might be the perfect place for you (again - depends on your unit).","- Working on Windows, no appreciation for Unix (be it Linux or macOS);  Weak IT infrastructure; - Lack of interesting projects and problems to work on; - Doesn't really listen to your suggestions and does whatever managers with no relevant or solid IT experience desire; - No possibility to pitch and spearhead interesting and innovative projects (be it external or internal projects), although DB themselves invest in companies/startups themselves, AFAIR; - Some colleagues are of questionable knowledge (like Senior SEs (focusing on front-end) don't understand how CSS's flex, Javascript prototype inheritance and sometimes they don't want to learn any of this, instead they just pass tasks to Junior engineers :)); - questionable ""security"" protocols like blocking outgoing messages (your personal email, Facebook or anything similar won't work properly); - way too limited remote work possibilities.",NEGATIVE,NO_OPINION,NEUTRAL,7,0
E10384,Danske Bank,10000+ Employees,https://www.danskebank.com/careers,,44036255,2021-03-15T15:33:28.190,IT Support Analyst,True,4,REGULAR,"Belfast, Northern Ireland",5,5,5,5,5,5,5,Great company to work for!,,"Amazing and supportive staff, with some amazing opportunities.","Not many cons, but some improvements with training for outsiders needed.",POSITIVE,APPROVE,POSITIVE,0,0
E10384,Danske Bank,10000+ Employees,https://www.danskebank.com/careers,,11870665,2016-09-09T10:29:23.120,Analyst,False,0,,Vilnius,4,3,4,0,4,4,4,good,.,"Ambitious, expaning, good place to work. Good colleagues",Nothing major to specify in this case,POSITIVE,NO_OPINION,POSITIVE,0,0
E10384,Danske Bank,10000+ Employees,https://www.danskebank.com/careers,,25084630,2019-03-10T01:22:07.497,International Private Banker,False,2,REGULAR,Luxembourg,2,0,0,0,0,0,0,competition with team leader,,connection with organisation in Scandinavia,Team leader took best clients for himself,,,,0,0
E10384,Danske Bank,10000+ Employees,https://www.danskebank.com/careers,,41934814,2021-02-04T02:14:59.043,Senior Compliance Officer,False,1,REGULAR,"Copenhagen, Capital Region",2,5,1,1,4,4,1,The worst bank in Europe .,Fire a lot of middle management people and replace them with more efficient people.,No work to do all day. No work.,"No structure. No work. No direction. Really bad AFC practices. Really, really bad!",NEGATIVE,NO_OPINION,NEGATIVE,1,0
E10384,Danske Bank,10000+ Employees,https://www.danskebank.com/careers,,89542233,2024-07-27T03:53:11.417,AML Specialist,False,2,REGULAR,Vilnius,4,4,5,5,3,3,4,Great benefits sadly underpaid position,,Really nice company benefits and flexible working conditions,Salary range is too low for the job function and workload,POSITIVE,APPROVE,POSITIVE,0,0
E10384,Danske Bank,10000+ Employees,https://www.danskebank.com/careers,,58124189,2022-01-18T10:55:15.100,"Manager, Sustainability Env, Environment Sustainability",True,2,REGULAR,Trondheim,5,5,5,5,5,4,5,Great company culture,"Keep remaining YES people, actively involve people and build the engaging company culture further.","The company has suffered a lot from several scandals few years back and now it has built a strong involving, engaging company culture. Everyone seems to be a YES person, collaboration and healthy work-life balance.","Exactly for the same reasons, the company is very focused on risk which leads to somewhat complex internal processes.",POSITIVE,APPROVE,POSITIVE,0,0
E10384,Danske Bank,10000+ Employees,https://www.danskebank.com/careers,,33381280,2020-05-27T06:10:21.933,QA Test Specialist,True,2,REGULAR,Vilnius,3,4,3,0,3,4,2,Overall good,,"Decent salary, good benefits, friendly colleagues.",Communication from upper management could be better,POSITIVE,APPROVE,NEUTRAL,0,0
E10384,Danske Bank,10000+ Employees,https://www.danskebank.com/careers,,21390010,2018-07-09T05:06:13.257,Director,False,4,REGULAR,"Denmark, SC",2,4,2,0,3,5,2,Bureacrazy,Time for a new generation. Put people that are not afraid of meeting clients in charge of back office functions,"Salary and benefits
Cross sales opportunities","No.....you are still not customer focussed and will not be until most of the older leaders and back office management have been terminated
Money laundering in Estonia",NEGATIVE,DISAPPROVE,NEGATIVE,9,0
E10384,Danske Bank,10000+ Employees,https://www.danskebank.com/careers,,73487557,2023-02-09T15:02:55.643,Software Engineer,True,0,REGULAR,,2,3,5,5,3,3,3,Not a worthy place for Lithuanian talent,"Leave Lithuania. This is the most average company I've seen. Adherence to continuous routine This is an algorithm working on human brains to automate software itself. Not our kind of human values. ""Animal farm"" Is a concept widely used in such areas, and in this case I am basing such a statement on my own observations and not those of anyone else. I work -with- software, not for it.",Working space Food service Cleaning service,Menial work Menial tasks Menial results,NEGATIVE,,NEGATIVE,0,0
E10384,Danske Bank,10000+ Employees,https://www.danskebank.com/careers,,62978641,2022-04-19T10:43:47.610,Manager,False,4,REGULAR,,3,5,2,3,4,4,1,Toxic culture at some parts of the bank,,"Scandinavian way of working
nice perks
flexible work time",toxic culture in some parts of the bank (AML),NEGATIVE,APPROVE,,0,0
E10384,Danske Bank,10000+ Employees,https://www.danskebank.com/careers,,36354836,2020-09-25T01:17:16.190,Retail Banker,True,4,REGULAR,"Helsinki, Southern Finland",3,4,3,0,3,3,3,Meh,,"Good collegues, and managers. 
Phone benefot","Bad salary, no bonuses or comission",POSITIVE,APPROVE,POSITIVE,0,0
E10384,Danske Bank,10000+ Employees,https://www.danskebank.com/careers,,35361387,2020-08-27T14:21:05.313,Chief Tax Consultant,True,2,REGULAR,Vilnius,3,0,0,0,0,0,0,.,,Good salary for this location and position,"Unclear carrier opportunities, little interest in person developing person and putting on carried path",,,,0,0
E10384,Danske Bank,10000+ Employees,https://www.danskebank.com/careers,,31044798,2019-12-29T08:31:39.837,Training Consultant,True,4,REGULAR,Vilnius,5,5,5,0,4,4,4,"4 years journey brought me a lot of challenges, deeper understanding about culture, also I had very motivated leaders.",,"Organizational culture, core values, great and inspiring leaders.",Implementation of changes in AML area.,POSITIVE,APPROVE,POSITIVE,0,0
E10384,Danske Bank,10000+ Employees,https://www.danskebank.com/careers,,93789392,2024-12-19T09:45:44.417,Senior Project Manager,False,1,REGULAR,Vilnius,3,5,4,0,3,3,0,okay,,"no pressure to deliver, no overtime, an easy job overall","low salaries, lots of politics, things move very slow",POSITIVE,NO_OPINION,NEUTRAL,0,0
E10384,Danske Bank,10000+ Employees,https://www.danskebank.com/careers,,29117981,2019-09-09T10:37:14.213,Customer Service Representative,True,1,REGULAR,"Belfast, Northern Ireland",1,5,2,0,4,3,2,Disillusioned,"Take a serious look at one of your trainers,you get the best out of people when you treat them respectfully.",Work life balance and 9-5,"Training brutal,one trainer in particular brutal with absolutely no way with people about her. Speaks to people disgracefully whilst waxing lyrical about being full of integrity, openness and honesty yet fails to practice what she preaches.",NEGATIVE,NO_OPINION,NEGATIVE,6,0
E10384,Danske Bank,10000+ Employees,https://www.danskebank.com/careers,,72516628,2023-01-11T05:23:52.013,Student Worker,False,2,PART_TIME,"Copenhagen, Capital Region",4,4,3,5,4,5,3,Great first work place,,Great employees with many years of experiance able to help you out,Too many organisational changes shaking things up,POSITIVE,NO_OPINION,POSITIVE,0,0
E10384,Danske Bank,10000+ Employees,https://www.danskebank.com/careers,,85387546,2024-03-16T00:38:04.193,Administrative,False,2,REGULAR,Oslo,4,4,3,2,4,4,3,Danske bank Oslo,,"Great benefits, an the lunch agreement is great!",Salary could be better. Not very inclusive environment.,POSITIVE,APPROVE,,0,0
E10384,Danske Bank,10000+ Employees,https://www.danskebank.com/careers,,43146730,2021-02-26T07:04:05.897,Customer Service,True,4,REGULAR,"Belfast, Northern Ireland",1,2,1,1,1,1,1,Semi toxic,"Hire people on merit, not interview scores.",35 hours a week is good,"Semi toxic culture, any criticism is deemed as having a bad attitude, however work load just constantly increases. The pay for the work done is laughable. There seems to be an expectation to prioritise work over your personal life. Graduates and apprentices are given extreme positive bias, so don't except to get very far if you are not one of them",NEGATIVE,NO_OPINION,NEUTRAL,1,0
E10384,Danske Bank,10000+ Employees,https://www.danskebank.com/careers,,56016681,2021-11-30T02:04:33.587,Product Owner (PO),True,0,REGULAR,,4,0,0,0,0,0,0,Good employer and great colleagues,,"Motivated and helpful colleagues, good place to work",company bureaucracy still exists even though it is better after the new ways of working,,APPROVE,,0,0
E10384,Danske Bank,10000+ Employees,https://www.danskebank.com/careers,,84497207,2024-02-18T16:30:27.710,Customer Service Advisor,False,4,REGULAR,"Dunmurry, Northern Ireland",1,3,2,3,1,3,1,Cowboy outfit with a Bullying culture,Address it,"Decent work life balance
Good bathroom facilities
Overtime available if you wanted it",The management in customer direct in Killeaton during my tenure was abysmal. There was a bullying culture existed and speaking up or speaking out only marked your card. I am soo glad I moved on.,NEGATIVE,DISAPPROVE,NEGATIVE,0,0
E10384,Danske Bank,10000+ Employees,https://www.danskebank.com/careers,,94825096,2025-02-05T09:59:57.493,Audit Manager,True,4,REGULAR,"Copenhagen, Capital Region",5,5,5,5,3,3,3,Good place to work,,Good work culture without stress,Low salaries in comparison to the market. Low recognition in the bank.,POSITIVE,NO_OPINION,POSITIVE,0,0
E10384,Danske Bank,10000+ Employees,https://www.danskebank.com/careers,,50471557,2021-07-30T01:18:35.280,Head of Department,False,6,REGULAR,,4,3,2,3,4,4,1,"Nice company and perks, old style management",,"- International company
- good perks
- a lot of opportunities","- Many old style managers
- a lot of biurocracy 
- Lack of focus",POSITIVE,APPROVE,NEGATIVE,0,0
E10384,Danske Bank,10000+ Employees,https://www.danskebank.com/careers,,34265770,2020-07-16T10:18:45.350,Customer Service,False,2,PART_TIME,"Omagh, Northern Ireland",3,3,2,0,2,2,3,Fine,,Good Place to get started,"Atmosphere and working environment very heavily dependent on branch. 
Treated like a number and not an individual.
Inadequate pay for the responsibilites.
Many coworkers also dissatisfied.",NEGATIVE,,NEUTRAL,2,0
E10384,Danske Bank,10000+ Employees,https://www.danskebank.com/careers,,93620960,2024-12-12T08:53:05.473,IT Software Engineer,False,2,REGULAR,Bangalore Rural,2,2,3,5,2,0,0,Decent Work Culture Unstable Management ,,"Good Work Life Balance
Tech Stack is Good 
Process is very streamlined","Few Product Owners do Micromanagement in CSI Tribe 
Indian offshore team is treated equally
Pay Scale and high is not good 
Lack of Technical Managers involvement in designing systems",NEGATIVE,DISAPPROVE,NEGATIVE,0,0
E10384,Danske Bank,10000+ Employees,https://www.danskebank.com/careers,,78783752,2023-08-02T05:26:24.207,Analyst,False,0,REGULAR,Vilnius,4,0,0,0,0,0,0,Danske,,Organization with big opportunities for young professionals.,"Repetitive tasks, limited salary growth,",,,,0,0
E10384,Danske Bank,10000+ Employees,https://www.danskebank.com/careers,,83827646,2024-01-29T06:31:41.667,Analyst,True,4,REGULAR,"Copenhagen, Capital Region",3,2,4,4,2,3,1,3/5,,"Ok benefits, ok salary, good colleagues","workload, terrible management, facilities, personal development",POSITIVE,APPROVE,NEGATIVE,0,0
E10384,Danske Bank,10000+ Employees,https://www.danskebank.com/careers,,71204479,2022-11-18T08:49:33.190,Customer Service,False,4,PART_TIME,Aarhus,5,5,3,3,0,3,0,The best student job,,Flexible Hours You can put so much / less work hours that you want to Good pay in the industry (considering it a student job),Frequent shift of bosses and employees Unilateral work No talent pipeline (for intern recruitment),POSITIVE,,,0,0
E10384,Danske Bank,10000+ Employees,https://www.danskebank.com/careers,,73995994,2023-02-26T13:54:09.867,Senior Compliance Officer,True,0,REGULAR,Vilnius,3,4,3,3,3,4,3,Salary review,,"Good benefits, decent salary, good life work balance","No business trips, limited training possibilities",POSITIVE,NO_OPINION,NEUTRAL,0,0
E10384,Danske Bank,10000+ Employees,https://www.danskebank.com/careers,,72535680,2023-01-11T14:04:24.410,Principle Project Manager,True,4,REGULAR,"Copenhagen, Capital Region",3,3,3,3,4,4,2,Challenging and complex,Delegate mandate more,Room to grow Opportunities Many possibilities,Complex - sometimes overly so Many layers - takes along time to do something Rigid,NEGATIVE,APPROVE,NEGATIVE,0,0
E10384,Danske Bank,10000+ Employees,https://www.danskebank.com/careers,,19462652,2018-02-28T09:38:59.810,,True,0,REGULAR,,4,3,5,0,5,3,4,Team Leader,,"Great place to work, the culture of organisation is good.",As the organisation is quite big some of decisions takes quite a while.,POSITIVE,APPROVE,,0,0
E10384,Danske Bank,10000+ Employees,https://www.danskebank.com/careers,,52968205,2021-09-22T23:17:50.223,Personal Banker,True,0,REGULAR,,4,3,5,4,4,3,4,Good place to work,,Support for personal development and growth,Salary could be better for the job it entails,,,,0,0
E10384,Danske Bank,10000+ Employees,https://www.danskebank.com/careers,,36841729,2020-10-07T09:59:55.903,Senior Manager,False,20,REGULAR,,4,4,3,3,3,4,3,Great place to work,,Great people from several EU countries,"Overly conservative, ongoing regulatory issues",NEGATIVE,,NEGATIVE,0,0
E10384,Danske Bank,10000+ Employees,https://www.danskebank.com/careers,,72810944,2023-01-20T00:10:31.790,Department Head,True,0,REGULAR,,3,0,0,0,0,0,0,dadas,,Good career potential and shifting culture,Poor culture and top down approach to leadership,,,,0,0
E10384,Danske Bank,10000+ Employees,https://www.danskebank.com/careers,,76208463,2023-05-08T03:17:44.177,Product Owner,True,0,REGULAR,"Copenhagen, Capital Region",4,5,3,3,4,4,5,"Good worklife balance, good pay",,"Good employer, no high requirements, great pay","Not really fun, not motivating",POSITIVE,APPROVE,NEUTRAL,0,0
E10384,Danske Bank,10000+ Employees,https://www.danskebank.com/careers,,76241880,2023-05-08T23:54:53.590,Payment Specialist,True,1,REGULAR,,2,2,3,2,3,2,2,Review,,"Nice office, location, friendly people","Low salary/monotonous tasks, low raises",,,,0,0
E10384,Danske Bank,10000+ Employees,https://www.danskebank.com/careers,,93249341,2024-11-28T10:13:11.503,Manager,True,4,REGULAR,Bengaluru,5,5,5,5,5,4,3,Salary,,Good company to work with,Nothing to mention here on,POSITIVE,APPROVE,POSITIVE,0,0
E10384,Danske Bank,10000+ Employees,https://www.danskebank.com/careers,,24853378,2019-02-24T05:55:51.960,,False,0,REGULAR,,4,5,4,0,3,4,3,"Good bank, good hours","It wasn’t clear what the management wanted, different parts of the company had different agendas.","At the time it was a good quality small bank to work for, not sure about now with the money laundering scandal. Good location, nice teams.","It’s small so not much opportunity to move within, it’s a Nordic bank so the uk office is considered a side matter.",,,,0,0
E10384,Danske Bank,10000+ Employees,https://www.danskebank.com/careers,,47301947,2021-05-22T00:59:13.087,Senior Software Engineer,False,0,REGULAR,,4,0,0,0,0,0,0,Review,,Very Good place to work,No cons from my point of view,,,,0,0
E10384,Danske Bank,10000+ Employees,https://www.danskebank.com/careers,,64595375,2022-05-24T05:21:24.407,,True,0,PART_TIME,,4,5,5,5,5,3,4,Student Governance Officer,,Great company for being a student due to flexibility of hours and helpful colleagues. Very easy to find a job after graduation.,The pay is not the best but works for a student,POSITIVE,APPROVE,POSITIVE,0,0
E10384,Danske Bank,10000+ Employees,https://www.danskebank.com/careers,,48061771,2021-06-08T10:13:46.043,Agile Coach,True,4,REGULAR,"Copenhagen, Capital Region",4,5,3,4,4,5,3,"Good work place, but not too much challenge for a real Agile Coach",,"Good work-life balance
Can work from home at least 3 days a week","After the transformation many inexperienced people became Agile Coaches, so it doesn't reflect the true skillset, which would be expected from an Agile Coach.",POSITIVE,APPROVE,NEUTRAL,0,0
E10384,Danske Bank,10000+ Employees,https://www.danskebank.com/careers,,67802103,2022-08-11T07:29:31.433,Director,False,0,REGULAR,"Denmark, NY",1,0,0,1,0,0,1,Yet another bank,,Some good people there to work with,Too greedy for customers to deliver good service,NEGATIVE,DISAPPROVE,,1,0
E10384,Danske Bank,10000+ Employees,https://www.danskebank.com/careers,,59685547,2022-02-15T04:09:42.950,Student Assistant,True,1,PART_TIME,"Copenhagen, Capital Region",4,5,4,4,5,4,4,Student salary,,"Very good personal benefits. In addition, Danske Bank provides a very high salary for students.","Danske Bank is still a quite conservative bank, however they are working on changing this.",POSITIVE,APPROVE,POSITIVE,0,0
E10384,Danske Bank,10000+ Employees,https://www.danskebank.com/careers,,15714739,2017-07-01T13:25:33.293,Customer Advisor,False,6,REGULAR,"Belfast, Northern Ireland",4,4,5,0,3,2,4,Good employer,,"Work with great people 
Challenging work at times 
Good place for personal development","Depending on role work can sometimes be a bit boring at times 
For the responsibility and work you are not paid accordingly",POSITIVE,APPROVE,POSITIVE,0,0
E10384,Danske Bank,10000+ Employees,https://www.danskebank.com/careers,,77878801,2023-07-01T06:27:54.243,Customer Experience Consultant,False,2,REGULAR,"Copenhagen, Capital Region",3,5,2,3,3,4,2,Old school organisation and lack of customer centricity,,Decent conditions Nice colleagues Good balance work / personal life,"Total lack of vision regarding customer centricity. Political work environment. Hierarchy and vertical decision system. Obsession with KPIs, mostly based on shallow facts, without a real concern about what is tracked.",NEGATIVE,,,0,0
E10384,Danske Bank,10000+ Employees,https://www.danskebank.com/careers,,89935106,2024-08-09T01:58:07.450,Business Analyst,True,0,REGULAR,Vilnius,4,0,0,0,0,0,0,Headline,,Good opportunites and benefits in company,Lower salary than other banks,,,,0,0
E10384,Danske Bank,10000+ Employees,https://www.danskebank.com/careers,,4133960,2014-04-28T11:05:18.950,,True,0,REGULAR,,5,5,4,0,5,4,4,Great place to grow,,"If you want to grow, personally and professionally, Danske Bank is a great place to be. They care about deveoping their employees, and they have a lot of interesting projects going on.","Although its employees come from a number of different countries, a lot of written communication (e.g. from HR) is still in Danish.
It can be hard to leave the place again, once you become ""part of the family"".",POSITIVE,APPROVE,NEUTRAL,0,0
E10384,Danske Bank,10000+ Employees,https://www.danskebank.com/careers,,11090050,2016-06-30T03:05:06.243,Manager,False,9,REGULAR,"Dublin, Dublin",3,0,0,0,0,0,0,Relationship Manager,,As it was a small company you got a broad range of experience. Overall my experience with the company was good. Lovely people & they supported personal development.,Location in Airton Road was very inconvenient. Salary lower than industry norm. Found out more about what was going on in the company by reading the papers instead of being advised by senior management.,,,,0,0
E10384,Danske Bank,10000+ Employees,https://www.danskebank.com/careers,,18192907,2017-12-04T14:22:29.670,Team Manager,True,1,REGULAR,Vilnius,4,5,5,0,5,2,5,Good employeer to work for,,Work life balance is perfect,Salary system is as good as it should be,POSITIVE,APPROVE,POSITIVE,0,0
E10384,Danske Bank,10000+ Employees,https://www.danskebank.com/careers,,88483242,2024-06-22T00:58:21.517,Investment Consultant,False,4,REGULAR,"Copenhagen, Capital Region",5,5,3,5,5,4,4,Very good,,"Decent salary, good work balance",Offices all over Copenhagen and to much compliance focus,POSITIVE,APPROVE,POSITIVE,0,0
E10384,Danske Bank,10000+ Employees,https://www.danskebank.com/careers,,39281631,2020-12-09T10:07:24.360,S Consultant,False,9,REGULAR,"Copenhagen, Capital Region",3,2,2,3,4,3,3,"Good place to work, patience required",,Stable and somewhat competitive salary,"Unstable environment, poor leadership, too political",NEGATIVE,NO_OPINION,NEUTRAL,0,0
E10384,Danske Bank,10000+ Employees,https://www.danskebank.com/careers,,87271711,2024-05-14T12:23:44.163,Operational Risk Manager,False,4,REGULAR,New Delhi,5,5,5,5,5,5,5,Risk assessment ,Good company ,Good company to work with,The role have multiple task and responsibilities,POSITIVE,APPROVE,POSITIVE,0,0
E10384,Danske Bank,10000+ Employees,https://www.danskebank.com/careers,,31952547,2020-02-19T07:41:52.557,Senior AML Compliance Analyst,True,4,REGULAR,Vilnius,3,3,3,0,4,4,3,A good place to start your work experience,,Oppurtunities to grow; good place for a starting job; good benefits plan,Salary; a lack of professionalism and confidentiality from young inexperienced TL’s,POSITIVE,NO_OPINION,NEUTRAL,1,0
E10384,Danske Bank,10000+ Employees,https://www.danskebank.com/careers,,75430547,2023-04-12T11:50:37.467,Senior Software Engineer,True,0,REGULAR,,5,5,5,5,5,5,5,Very good culture,,Good team work for delivering goals.,Not fully remote working . You have to come to office some days every month.,POSITIVE,APPROVE,POSITIVE,0,0
E10384,Danske Bank,10000+ Employees,https://www.danskebank.com/careers,,68992853,2022-09-13T03:23:32.800,Quantitative Analyst,True,6,REGULAR,Vilnius,3,2,5,2,5,5,2,Quant,,"Good benefits, nice atmosphere, good office.","Low salary, not a lot of new projects.",POSITIVE,,,0,0
E10384,Danske Bank,10000+ Employees,https://www.danskebank.com/careers,,91340872,2024-09-25T07:53:59.533,Business Developer,False,9,REGULAR,"Copenhagen, Capital Region",5,4,5,5,5,4,4,Definately recommendable,,"Professional
Proper
Good and challenging working environment","Bureaucratic and waterfall based, preventing true innovation",POSITIVE,APPROVE,POSITIVE,0,0
E10384,Danske Bank,10000+ Employees,https://www.danskebank.com/careers,,90529062,2024-08-29T03:20:52.603,Senior AML Officer,False,6,REGULAR,Vilnius,4,3,4,5,4,3,4,Good place to start your career,,"Good communication from the management, nice team","Low salary for the non-IT employees, no flexibility",POSITIVE,NO_OPINION,POSITIVE,0,0
E10384,Danske Bank,10000+ Employees,https://www.danskebank.com/careers,,56537901,2021-12-11T02:56:38.273,Team Lead,True,4,REGULAR,,4,5,4,4,4,5,3,Many talented people hindered by the multiple org changes,,"Nice working environment, many interestin, smar amd skilled people. Possibility to move around the organisation and therefore have diversity i the caree","The organisational changes are too many and too frequent, this affects the emotional balance of employees as the accents and priorities change as well with every org change.",,APPROVE,,0,0
E10384,Danske Bank,10000+ Employees,https://www.danskebank.com/careers,,23450477,2018-11-16T12:06:17.107,Student Assistant,True,1,PART_TIME,"Copenhagen, Capital Region",5,5,5,0,5,5,5,Overall great experience,,"Pleasant environment, friendly people, great opportunities to grow","Majority of databases are in danish, a bit hard for internationals to follow",POSITIVE,,,0,0
E10384,Danske Bank,10000+ Employees,https://www.danskebank.com/careers,,84484568,2024-02-18T02:39:39.707,Operations Specialist,True,0,REGULAR,Vilnius,4,5,4,5,3,2,3,Energetic and productive environment,,Dynamic environment with some potential to grow,Work can be boring and not challenging - depends on the team,,,,0,0
E10384,Danske Bank,10000+ Employees,https://www.danskebank.com/careers,,75791695,2023-04-24T14:11:43.450,Cashier,False,2,REGULAR,"Dungannon, Northern Ireland",1,4,1,2,1,1,1,Stressful and underpaid,Pay employees fairly Treat new staff with respect Eliminate favoritism A change of culture required,Customer service experience Good work life balance,"The worst place I've ever worked. A clicky, stressful environment. Staff dismissive toward training new staff. When you asked for help, they rolled their eyes and made you feel stupid. There’s a bullying culture that’s normalised towards inexperienced staff to banking. Management have their favourites and it's the same across branches in Mid Ulster. They have zero interest in training and development. It's solely about serving customers and making mortgage sales. Rubbish pay for the pressure they put you under and they keep you overtime without pay. Management and senior staff are manipulative and think they're superior. Not experienced worse management and staff since.",NEGATIVE,NO_OPINION,NEGATIVE,0,0
E10384,Danske Bank,10000+ Employees,https://www.danskebank.com/careers,,81051391,2023-10-18T07:56:59.233,,False,0,REGULAR,,4,4,3,3,4,5,0,IT/Business Consultant,,- Employee benefits - Work-life balance - Salary + pension,- Frequent organizational restructuring - Working in silos,,,,0,0
E10384,Danske Bank,10000+ Employees,https://www.danskebank.com/careers,,77525410,2023-06-19T17:41:22.590,Junior Software Engineer,False,2,REGULAR,Vilnius,4,5,5,5,5,5,4,Not bad,,"Good crew, very flexible hours.",could take better care of junior employees,POSITIVE,APPROVE,NEUTRAL,0,0
E10384,Danske Bank,10000+ Employees,https://www.danskebank.com/careers,,56113457,2021-12-01T16:48:53.933,Personal Banker,False,20,REGULAR,"Belfast, Northern Ireland",4,3,4,4,3,3,3,Satisfying,Improve communication & salary,Brilliant colleagues supportive team structure,Lack of flexibiliy low salary,POSITIVE,NO_OPINION,NEUTRAL,0,0
E10384,Danske Bank,10000+ Employees,https://www.danskebank.com/careers,,63281617,2022-04-26T05:50:18.533,Process Consultant,True,2,REGULAR,Vilnius,2,4,1,3,3,4,1,Unhealthy culture in FCP unit,,"Good benefits package
Great office 
Good events","The organization is quite hierarchichal, and projects move almost solely in waterfall method, unless you are in IT. 
Managers have way too much power, and each manager has their own way of evaluating the employee. Therefore there is little alignment 
Unfortunantely a lot of the colleagues do not have the habit of talking to each other directly, prefer to communicate everything through the managers.",NEGATIVE,DISAPPROVE,NEUTRAL,0,0
E10384,Danske Bank,10000+ Employees,https://www.danskebank.com/careers,,94274292,2025-01-12T09:59:13.183,Software Engineer,False,0,REGULAR,"Copenhagen, Capital Region",5,5,5,4,5,5,4,Great copany,,Great work life balance and benefits,A bit old minded people in technology leadership,,,,0,0
E10384,Danske Bank,10000+ Employees,https://www.danskebank.com/careers,,86094664,2024-04-07T23:07:16.310,Product Owner,True,0,REGULAR,,5,5,5,5,5,4,4,Overall good company,,"Good atmosphere and work-life balance. Although hierarchy is in place, structure feels more flat (managers are more approachable). Plenty of career growing opportunities internally. There are additional benefits like health insurance, extra free paid leave days, employer adding 1-3% of salary for private retirement fund, cheap and delicious food canteen in the office, etc.",Salary increase is slow when moving internally through positions. As in any larger company some beuraucracy can be annoying at times.,POSITIVE,APPROVE,POSITIVE,0,0
E10384,Danske Bank,10000+ Employees,https://www.danskebank.com/careers,,80182218,2023-09-18T14:24:58.730,FVP - Investments,True,6,REGULAR,,4,2,4,2,5,3,3,DB,,Great colleagues and never a dull moment,Constant organizational change and need for improving cost,POSITIVE,APPROVE,POSITIVE,0,0
E10384,Danske Bank,10000+ Employees,https://www.danskebank.com/careers,,17947640,2017-11-17T02:09:07.750,Software Engineer,False,1,REGULAR,Vilnius,2,2,1,0,1,5,2,A company with a really good marketing department,"Act like you really care about your employees, by taking action and taking people's feelings seriously.","Super many benefits such as PS4 rooms, small in-house gym, virtual golf court, swag, conferences in-house
Big salary as far as Lithuanian engineer salaries go","They tell you at the interview that you will be developing in Java or front-end technologies, but you almost always end up working with mainframe and PL/1.
Really bad work culture.
If you have heard of a ""Lithuanian company"" term, this is a great example even though it is a Danish company.
Regardless of the numerous psychology tests at the interview, hired people are still harassing you morally at least once a week.
Unless you are strong mentally, you will be overworked and burnt-out soon.",NEGATIVE,,NEGATIVE,9,0
E10384,Danske Bank,10000+ Employees,https://www.danskebank.com/careers,,81533875,2023-11-04T01:07:58.200,Leader of Team,True,4,REGULAR,Vilnius,4,5,5,5,5,4,4,"Great work-life balance, fair pay, and growth opportunities",Improve internal IT systems,"Work-life balance, growth opportunities, low stress level, fair pay",Internal IT systems could be better to make daily work more efficient.,POSITIVE,APPROVE,POSITIVE,0,0
E10384,Danske Bank,10000+ Employees,https://www.danskebank.com/careers,,60479083,2022-03-01T14:08:56.690,Actuary,True,0,REGULAR,Oslo,3,0,0,0,0,0,0,Actuary,,"Environment, Colleague, Motivation, Challenges, Salary, Definitive, Hierachial","Office, Coworkers, Staff, HR service, Internett, Slow service, Bad canteen",,,,0,0
E10384,Danske Bank,10000+ Employees,https://www.danskebank.com/careers,,46675090,2021-05-09T03:15:35.727,Student Assistant,True,1,PART_TIME,"Copenhagen, Capital Region",4,5,4,5,2,5,2,Student assistant in AML,,"Good salary, Diverse team, good amenities, interesting clients","Repetitive mundane tasks, little opportunities for career growth",POSITIVE,NO_OPINION,,0,0
E10384,Danske Bank,10000+ Employees,https://www.danskebank.com/careers,,70968838,2022-11-10T11:25:00.847,Officer,True,2,REGULAR,,3,3,3,3,3,3,3,Overview,,"Good environment, a lot of opportunities","Team leads are changed every 6 months, bad management communication, employees are not informed about upcoming changes.",POSITIVE,APPROVE,POSITIVE,0,0
E10384,Danske Bank,10000+ Employees,https://www.danskebank.com/careers,,90667615,2024-09-03T08:25:28.510,Compliance Officer,True,6,REGULAR,"Helsinki, Southern Finland",4,5,3,3,1,3,2,"A good employer, but a toxic environment",The opposite to now.,"Steady employer, no need to work overtime, positive team.","Very toxic environment. Promotions, better positions, likeability are in hands of heads and if they dont like you, no career growth.",POSITIVE,NO_OPINION,POSITIVE,0,0
E10384,Danske Bank,10000+ Employees,https://www.danskebank.com/careers,,87313646,2024-05-15T12:32:36.257,Senior Software Architect,True,9,REGULAR,"Copenhagen, Capital Region",4,4,3,3,3,4,1,The perfect place for busy work,Fire most of them,"Benefits, especially if you have a family",The never ending top down decisions and levels of management,NEGATIVE,NO_OPINION,NEUTRAL,0,0
E10384,Danske Bank,10000+ Employees,https://www.danskebank.com/careers,,10084995,2016-03-29T16:14:37.510,,False,2,PART_TIME,"Helsinki, Southern Finland",3,4,3,0,3,4,3,Student worker,,"Nice co-workers with amazing amounts of knowledge
Supportive leaders",Limited possibilities to advance during the studies.,POSITIVE,NO_OPINION,POSITIVE,0,0
E10384,Danske Bank,10000+ Employees,https://www.danskebank.com/careers,,27676402,2019-06-28T05:34:29.260,Analyst,True,1,REGULAR,"Copenhagen, Capital Region",5,5,5,0,4,5,5,Analyst,,"Great place to work. Colleuges, management and pay.",Uncertainty surrounding the AML case.,POSITIVE,APPROVE,POSITIVE,0,0
E10384,Danske Bank,10000+ Employees,https://www.danskebank.com/careers,,34444606,2020-07-26T13:05:02.530,Junior Software Engineer,True,0,REGULAR,,5,0,0,0,0,0,0,Nice workplace,,"Friendly environment, good starting salary",Have not noticed yet .,,,,0,0
E10384,Danske Bank,10000+ Employees,https://www.danskebank.com/careers,,62281466,2022-04-05T00:31:12.397,Project Manager,True,4,REGULAR,Vilnius,4,5,4,4,5,4,3,Great company if you are in IT part of it,,"Trying new things
Agile
Hires good engineers
Good culture and work life balance","Slow to implement new things
Leadership changes avg. every 2 years
Some projects take way too long due to politics",POSITIVE,NO_OPINION,POSITIVE,0,0
E10384,Danske Bank,10000+ Employees,https://www.danskebank.com/careers,,51342333,2021-08-19T07:32:26.493,Data Conversion Specialist,False,0,REGULAR,"Copenhagen, Capital Region",4,5,2,2,1,4,1,"Fine, wouldn't go back",,"Good hours, good salary, good kantine, good coworkers","Had 5 different managers, not proud to work there due to scandals every other months",POSITIVE,,NEUTRAL,0,0
E10384,Danske Bank,10000+ Employees,https://www.danskebank.com/careers,,71375467,2022-11-25T00:15:30.050,Analyst,False,4,REGULAR,"Copenhagen, Capital Region",4,5,5,3,4,4,4,Great place to work,,Interesting projects Supportive environment Good salary and benefits Flexible working schedule Good work life balance,"Lack of clear procedures, structure and documentation - if you want to get something done you have to ask people how to do it, what is not efficient most of the times Lack of learning opportunities and clear development paths Not an ideal place for foreigners, even though you are treated with full respect you may feel a like an outsider",POSITIVE,APPROVE,POSITIVE,0,0
E10384,Danske Bank,10000+ Employees,https://www.danskebank.com/careers,,93725797,2024-12-17T05:33:54.400,Relationship Manager,False,0,REGULAR,"Dublin, Dublin",5,0,0,0,0,0,0,Review,,Great employer is Danske bank,No downside with Danske Bank,,,,0,0
E10384,Danske Bank,10000+ Employees,https://www.danskebank.com/careers,,78594696,2023-07-26T10:07:12.873,Client Manager,True,0,REGULAR,"Helsinki, Southern Finland",4,4,4,4,3,3,3,"Salary could be better, but employer is good.",Increase salary,Work ambiance and environment is good.,"Salary could be better, also no international opportunities or remote work internationally.",POSITIVE,APPROVE,POSITIVE,0,0
E10384,Danske Bank,10000+ Employees,https://www.danskebank.com/careers,,66000740,2022-06-27T00:12:45.327,AML Junior Specialist,False,1,REGULAR,Vilnius,5,5,5,5,5,5,5,great experience,I would not change anything.,"wonderful atmosphere, excellent working conditions, I would still like to work there.",Our team lead behaved inappropriately and did not know how to be a team leader.,POSITIVE,APPROVE,POSITIVE,0,0
E10384,Danske Bank,10000+ Employees,https://www.danskebank.com/careers,,60966469,2022-03-11T01:22:22.260,Customer Service Representative,True,2,REGULAR,"Stockholm, Stockholm",3,3,4,2,3,4,3,Too much focus on compliance and not on driving business,Focus more on driving business,Good collegaues with somewhat of an entrepeniorial culture in Sweden,too much focus on compliance,POSITIVE,NO_OPINION,NEUTRAL,0,0
E10384,Danske Bank,10000+ Employees,https://www.danskebank.com/careers,,54989564,2021-11-06T03:52:22.840,Student Assistant,True,2,PART_TIME,"Copenhagen, Capital Region",4,4,4,4,4,4,4,Great workplace,,Steep learning curve with smart people,Can sometimes be very hectic,POSITIVE,NO_OPINION,,0,0
E10384,Danske Bank,10000+ Employees,https://www.danskebank.com/careers,,85281645,2024-03-13T04:55:53.957,Customer Service Advisor,False,1,REGULAR,"Dunmurry, Northern Ireland",1,2,1,3,2,2,1,Awful,"Offer better support for staff
Higher management need to be more aware of what is going on below","Overtime if needed
Can swap shifts","One of the worst companies i've worked for - micromanaging, chained to your desk and bullying culture is very present. 
It's not about how hard you work, it's about whether management like you or not, you will be held back because of this.
Experience with one manager, was that she would make up lies about what was happening in the company and make up her own rules with the way that we had to do the work. 
Awful behaviour by customers and offered no support as 'this is part of the job'",NEGATIVE,DISAPPROVE,NEGATIVE,0,0
E10384,Danske Bank,10000+ Employees,https://www.danskebank.com/careers,,24880995,2019-02-26T00:15:16.663,Service Desk Analyst,False,2,REGULAR,,5,4,4,0,4,3,4,Good experience,,"Relaxed atmosphere, good office location, cheap food at the canteen.",Can not think of any at the moment,POSITIVE,APPROVE,POSITIVE,0,0
E10384,Danske Bank,10000+ Employees,https://www.danskebank.com/careers,,43729492,2021-03-09T11:16:40.757,Specialist,True,0,REGULAR,Vilnius,4,0,0,0,0,0,0,-,,Good enought organisation culture and mordern bildings,"Old school tools, nors flexi le for changes",,,,0,0
E10384,Danske Bank,10000+ Employees,https://www.danskebank.com/careers,,42935649,2021-02-23T00:48:08.910,Test Specialist,True,0,REGULAR,Bengaluru,3,2,3,2,3,3,3,Good one to have independently,,Good Company to explore and work independently,can not see any as of now,,,,0,0
E10384,Danske Bank,10000+ Employees,https://www.danskebank.com/careers,,7632034,2015-08-18T14:01:04.447,,True,2,REGULAR,,4,0,0,0,0,0,0,Great,,Good Development plans. Great ppl to work for.,Slow progression to the getting promoted to the actual job your being developed for.,POSITIVE,,POSITIVE,1,0
E10384,Danske Bank,10000+ Employees,https://www.danskebank.com/careers,,63077390,2022-04-21T05:13:44.967,Senior Data Analyst,True,4,REGULAR,"Copenhagen, Capital Region",4,2,3,3,5,3,4,everithing good,,"good colleagues, perks, location, growth, good management","bureaucracy
it competencies
non agile
non flexible
slow changes",POSITIVE,APPROVE,POSITIVE,0,0
E10384,Danske Bank,10000+ Employees,https://www.danskebank.com/careers,,28065668,2019-07-17T04:21:51.987,IT Manager,False,0,REGULAR,,5,3,3,0,4,4,2,Great place,"Move faster, delegate and trust",Great colleagues  all around the Nordics,"Too slow changes. Decisions should be faster,  if wrong they can be changed",POSITIVE,,NEUTRAL,0,0
E10384,Danske Bank,10000+ Employees,https://www.danskebank.com/careers,,9137164,2016-01-10T03:21:48.657,,True,2,PART_TIME,,5,5,5,0,5,5,5,Student Assistant,,"The job as Student Assistant has really improved both my personal and professional skills. I have worked with many diverse task and are responsible of internal and external projects. The job has given me huge insight in the financial industry, especially the operation sight of the banking.",It is difficult to find any cons about the job.,POSITIVE,,POSITIVE,0,0
E10384,Danske Bank,10000+ Employees,https://www.danskebank.com/careers,,61422669,2022-03-19T01:16:06.650,,False,0,PART_TIME,,4,0,0,0,0,0,0,Day,,Good spirit and a Nice working place,I dont know what to answer,,,,0,0
E10384,Danske Bank,10000+ Employees,https://www.danskebank.com/careers,,90540359,2024-08-29T09:07:14.510,Software Engineer,False,0,REGULAR,Vilnius,4,5,4,5,5,4,4,"Low stress, nice people",,"Low stress, nice people, good work life balance","Corporate environment, slow processes, layoffs",POSITIVE,APPROVE,POSITIVE,0,0
E10384,Danske Bank,10000+ Employees,https://www.danskebank.com/careers,,86157967,2024-04-09T14:00:17.307,Senior UX Designer,True,0,REGULAR,"Copenhagen, Capital Region",4,0,0,0,0,0,0,Senior Designer,,Good welfare and international community,Lower salary and slow pace,,,,0,0
E10384,Danske Bank,10000+ Employees,https://www.danskebank.com/careers,,74402881,2023-03-10T16:09:05.300,Trade Surveillance,True,0,REGULAR,Vilnius,5,5,5,5,5,5,5,Trade Surveillance,,nixe workplace and team members,"bad salary, bad offices, a lot work",POSITIVE,APPROVE,POSITIVE,0,0
E10384,Danske Bank,10000+ Employees,https://www.danskebank.com/careers,,78892998,2023-08-05T23:52:23.047,AML Officer,True,0,REGULAR,Vilnius,4,0,0,0,0,0,0,Good place to work,,"Great culture, good training, not stressfull job",Salary is not really high,,,,0,0
E10384,Danske Bank,10000+ Employees,https://www.danskebank.com/careers,,78167340,2023-07-11T19:07:29.273,Senior Consultant,False,9,REGULAR,Bengaluru,5,4,4,4,5,4,4,Very good company,,"Good work environment, best place to learn and work","No cons as such , good company",,,,0,0
E10384,Danske Bank,10000+ Employees,https://www.danskebank.com/careers,,92203116,2024-10-23T09:45:36.293,Software Engineer,True,2,REGULAR,Vilnius,4,5,5,5,5,4,4,Good place to grow,,"Friendly and responsible teammates assembled. Danish easy going, quality oriented culture. Modern stack is available and required for newer development.",Employee performance and salary raises seem not to correlate much.,POSITIVE,APPROVE,POSITIVE,0,0
E10384,Danske Bank,10000+ Employees,https://www.danskebank.com/careers,,89195666,2024-07-16T08:57:20.797,Software Engineer,True,0,REGULAR,Vilnius,2,5,2,3,2,2,2,No growth professionally,,"Good pay
Nice office
No strict deadlines","Slow promotions
No modern technologies
Minimal innovation",NEGATIVE,DISAPPROVE,POSITIVE,0,0
E10384,Danske Bank,10000+ Employees,https://www.danskebank.com/careers,,70561094,2022-10-27T13:49:06.947,Operations Associate,False,0,REGULAR,,3,0,0,0,0,0,0,Operations officer i. Am,,"Medical insurance, workplace, days off",Salary and constant change of tasks and organizational structure,,,,0,0
E10384,Danske Bank,10000+ Employees,https://www.danskebank.com/careers,,6235318,2015-03-31T17:48:07.643,,True,0,,"Belfast, Northern Ireland",4,5,5,0,3,4,5,I worked as a service advisor in a branch in a shopping mall dealing with customer inquiries and transactions,"Keep it up, perhaps offer training for qualifications to part-timers","Lots of people to meet
Learn lots of interesting things about finances etc.
The ""Portal"" makes you feel part of a wider Danske Bank community
Working for a Danish bank is exciting","Sometimes dealing with customers' finance can be stressful, especially when they take out their anger on you!
First few months are hard when dealing with responsibility of dealing with copious amounts of money
Apart from that it is enjoyable",POSITIVE,APPROVE,POSITIVE,0,0
E10384,Danske Bank,10000+ Employees,https://www.danskebank.com/careers,,37639467,2020-10-26T15:45:36.363,Head of Strategy,True,4,REGULAR,"Copenhagen, Capital Region",3,3,2,3,3,2,2,Ok employer,Get a strategy,"Great colleagues, interesting tasks, ok work-life balance, complex problems, good diversity","Lots of bureaucracy, limited funding, cost cutting, no clear strategic direction",NEGATIVE,DISAPPROVE,NEGATIVE,0,0
E10384,Danske Bank,10000+ Employees,https://www.danskebank.com/careers,,86524936,2024-04-21T06:26:59.243,Junior AML Officier,True,0,REGULAR,Vilnius,4,5,5,5,5,3,4,Employer review,,"Many friendly colleagues, many benefits",Salaries are usually lower than elsewhere,,,,0,0
E10384,Danske Bank,10000+ Employees,https://www.danskebank.com/careers,,92526966,2024-11-04T06:37:39.853,,False,1,REGULAR,,5,5,5,5,5,5,5,Great company,,"Takes care of employees, flexible, diverse",the company has pretty low salary,POSITIVE,APPROVE,POSITIVE,0,0
E10384,Danske Bank,10000+ Employees,https://www.danskebank.com/careers,,25703413,2019-04-16T09:01:16.877,Software Engineer,False,1,REGULAR,Vilnius,2,4,1,0,1,5,1,Was damaging experience working there,"Just leave. There is a strong need for managers in the department who actually understand how IT projects work. Managers should stop living in their bubbles and listen to what team members are saying. Also, the performance review process should be executed in a professional manner, without mixing personal issues with a professional opinion regarding employee's performance.","Canteen, 
Funding for training (certificates, conferences),
Interesting colleagues","I had horrible experience working in the bank, mostly because of the management. Key points:

Abusive manager. (offensive language behind closed doors, shouting in open space environment, smearing campaign while leaving by talking lies behind the back, which later were disproved by colleagues). The manager later quit. 

Frustrating experience with HR. There were things reported to the HR. I wasn't contacted by HR for more information. No feedback, no request for more information, I wasn't involved in investigation if there was any. Was in the dark the whole time, having no idea if at least some investigation was in progress. Lack of feedback from HR was really frustrating.

Performance review is highly subjective. Skills, experience and contributions to the project do not matter. The only thing which matters is how manager sees you from his own perspective, because he is the one giving the score. The score can be easily impacted by your personal relationship with the manager. And there was no way to evaluate your direct manager, no luck talking with higher manager. 

Culture of fear. If there is a problem, ignore the problem. Report the problem, you become the problem. This is the actual philosophy used by the managers.
Managers were incompetent both in understanding and in solving team issues and people feared to do something about toxic environment inside the team and this behavior encouraged toxic people to do as they please. The stress levels at some point were simply unbearable not because of the actual work related tasks, but because of constant conflicts with particular people. Mix of Peter's principle, good relationship with the management and culture of fear were the reason toxic people were allowed in the team.  Management did nothing.

Peter principle. Quite obvious in engineering staff. People held their titles because of past accomplishments which were little related to the current technology stack, which resulted in juniors doing lion's share of work, including teaching senior members how to implement basic tasks.

Worth to mention, bureaucracy. It took time to get used to it.",NEGATIVE,NO_OPINION,NEUTRAL,9,0
E10384,Danske Bank,10000+ Employees,https://www.danskebank.com/careers,,56665011,2021-12-14T08:35:14.987,Technical Support,True,0,PART_TIME,"Copenhagen, Capital Region",4,0,0,0,0,0,0,unstructured onboarding process,,Very good employment agreement and wage,Unstructured/ unclear task and expectation,,,,0,0
E10384,Danske Bank,10000+ Employees,https://www.danskebank.com/careers,,3993502,2014-04-03T07:19:05.100,Senior Manager,True,0,REGULAR,"Dublin, Dublin",1,4,1,0,1,3,1,Not to be trusted,Tell the truth,"Good learning experience, great IT systems, embraced change. Good training, possibility of promotion if you knew the right people",International Managers constantly spoke of their support for Ireland while at the same time preparing to shut down the business,NEGATIVE,DISAPPROVE,NEGATIVE,0,0
E10384,Danske Bank,10000+ Employees,https://www.danskebank.com/careers,,78648953,2023-07-28T01:10:25.663,Student Assistant,True,1,PART_TIME,"Copenhagen, Capital Region",3,3,3,3,5,4,3,Student,,Good salary and good cv to the future,long working hours in the week,,,,0,0
E10384,Danske Bank,10000+ Employees,https://www.danskebank.com/careers,,73818804,2023-02-21T00:21:43.890,Senior Software Engineer,True,6,REGULAR,"Copenhagen, Capital Region",4,4,4,5,4,4,3,Recommended workplace,,Great working from home conditions,"Siloed political power plays often has a big impact on development responsibilities, rather than sensible grouping of responsibilities.",POSITIVE,APPROVE,POSITIVE,0,0
E10384,Danske Bank,10000+ Employees,https://www.danskebank.com/careers,,14857713,2017-05-01T00:25:34.817,Software Engineer,True,1,REGULAR,Brabrand,4,5,3,0,4,4,4,Flexible job with interesting tasks,,Flexible work schedule and uses modern technologies.,"Hard to integrate with legacy systems.
Not optimal if you are ambitious.",POSITIVE,APPROVE,POSITIVE,0,0
E10384,Danske Bank,10000+ Employees,https://www.danskebank.com/careers,,79189974,2023-08-16T05:52:00.567,Dealer,True,0,REGULAR,"Dublin, Dublin",5,5,5,5,5,5,5,Great workplace,,"Great workplace, great work culture",I have no cons to report,POSITIVE,APPROVE,POSITIVE,0,0
E10384,Danske Bank,10000+ Employees,https://www.danskebank.com/careers,,93205480,2024-11-26T22:35:42.803,Consultant,True,1,REGULAR,"Copenhagen, Capital Region",5,5,5,5,5,5,5,business,,"Great Culture, nice collogues, Great opportunity to learn",Nothing special at this moment !,POSITIVE,APPROVE,POSITIVE,0,0
E10384,Danske Bank,10000+ Employees,https://www.danskebank.com/careers,,89313587,2024-07-19T14:19:44.310,Chief Analyst,True,0,REGULAR,"Copenhagen, Capital Region",5,0,0,0,0,0,0,NA,,"Great benefit, work-life balance, great location","Not too many cons, maybe hard to progress and no transparency on bonus",,,,0,0
E10384,Danske Bank,10000+ Employees,https://www.danskebank.com/careers,,69534578,2022-09-28T01:40:29.760,Senior Controller,True,0,REGULAR,,4,3,4,4,5,4,4,Danske Bank,,"Nice benefits
International atmosphere
High pension
6 weeks holiday","Many tasks
Low energy among my colleagues
Low ressources",NEGATIVE,APPROVE,NEUTRAL,0,0
E10384,Danske Bank,10000+ Employees,https://www.danskebank.com/careers,,24019992,2019-01-02T05:41:42.453,Student Trainee,False,2,PART_TIME,"Helsinki, Southern Finland",4,4,4,0,2,4,5,Student Trainee,,Small team and great supervisor,"Bureaucratic at times, very centralised in Copenhagen",POSITIVE,NO_OPINION,NEUTRAL,0,0
E10384,Danske Bank,10000+ Employees,https://www.danskebank.com/careers,,15505933,2017-06-16T11:25:23.603,Software Engineer,True,1,REGULAR,Vilnius,4,4,4,0,4,4,3,Software engineer,,"Interesting projects, latest technologies, good salary, other perks: gym, game rooms, local canteen that offers cheap and good quality food",Employment procedures are tough .,POSITIVE,,,0,0
E10384,Danske Bank,10000+ Employees,https://www.danskebank.com/careers,,44353968,2021-03-22T01:41:10.757,Client Service Associate,True,20,REGULAR,"Dublin, Dublin",4,3,5,4,3,4,3,Good Company,None,Good Company to work for,None to be advised now,POSITIVE,APPROVE,NEUTRAL,0,0
E10384,Danske Bank,10000+ Employees,https://www.danskebank.com/careers,,80206262,2023-09-19T07:58:40.157,Senior Data Scientist,True,0,REGULAR,"Copenhagen, Capital Region",2,3,3,3,2,2,3,Relatively ok,,Flexible vacation days over all,Difficult to get a salary raise,,,,0,0
E10384,Danske Bank,10000+ Employees,https://www.danskebank.com/careers,,66514769,2022-07-10T12:56:12.637,Software Engineer,True,2,REGULAR,,4,5,3,5,3,3,3,Nice and relaxed,,"Flexibility, work from home, friendly collegues,","Very cost focused, not great pay",POSITIVE,NO_OPINION,POSITIVE,0,0
E10384,Danske Bank,10000+ Employees,https://www.danskebank.com/careers,,16025994,2017-07-22T21:25:47.053,Risk Manager,False,6,REGULAR,Tallinn,4,3,4,0,4,3,3,Good,"Less red tape and bureaucracy, please!","Humane, important were results, not the bureaucracy etc. Work from home possible, flexible vacation times, good care for the employees.","Despite what I said above, sometimes there was too much bureaucracy, red tape, etc. Not only from the ""upgraded"" regulations but also self-imposed rules in areas like IT-development, project management.",POSITIVE,APPROVE,POSITIVE,0,0
E10384,Danske Bank,10000+ Employees,https://www.danskebank.com/careers,,24729825,2019-02-16T06:59:57.420,,True,4,REGULAR,Vilnius,5,5,4,0,5,5,3,Pretty good,,Great opportunities. Lots of challenges. Good overall benefits.,Peter principle. The as usual corporate stuff.,POSITIVE,NO_OPINION,POSITIVE,0,0
E10384,Danske Bank,10000+ Employees,https://www.danskebank.com/careers,,33839037,2020-06-22T13:13:30.857,Legal Counsel,True,2,REGULAR,"Copenhagen, Capital Region",4,4,3,0,3,3,3,Very satisfied,Put more focus on enployees’ satisfaction.,In general a good place to work despite the constantly changing management.,"Locations, offices, social life, changing management, human ressources",POSITIVE,,NEUTRAL,0,0
E10384,Danske Bank,10000+ Employees,https://www.danskebank.com/careers,,14103103,2017-03-08T13:44:57.557,Student Assistant,True,2,,"Copenhagen, Capital Region",5,5,5,0,5,5,5,The place to be for finance students in DK,,Atmosphere. Leading curve. Great people.,"People are very specialised, so you can be overheard.",POSITIVE,APPROVE,POSITIVE,0,0
E10384,Danske Bank,10000+ Employees,https://www.danskebank.com/careers,,21199199,2018-06-25T10:35:49.760,Programme Analyst,False,1,REGULAR,Bengaluru,1,1,1,0,1,1,1,Hopeless management! Too much work pressure unnecessary politics makes the tenure unbearable!,Please change your HR manager!,I don’t see any! Frankly it’s just a rubbish place to work!,Too many to name. Crappy interview process with too many rounds to go through. Laughable pay and worth less benefits!,NEGATIVE,NO_OPINION,NEGATIVE,5,0
E10384,Danske Bank,10000+ Employees,https://www.danskebank.com/careers,,13875319,2017-02-21T09:25:43.053,Senior Manager,False,0,,"Dublin, Dublin",3,4,5,0,2,4,4,Senior Manager,change,good culture IN THE BANK,old fashioned NEEDS TO CHANGE,POSITIVE,APPROVE,POSITIVE,0,0
E10384,Danske Bank,10000+ Employees,https://www.danskebank.com/careers,,73554167,2023-02-12T10:56:39.537,Operations Specialist,False,4,REGULAR,Vilnius,4,4,4,5,4,2,3,Shared Service Center,Keep and grow talents.,"Friendly and cooperative environment. Fast growing organization, opportunities for carrier growth.",Starting salary is quite low.,POSITIVE,NO_OPINION,NEUTRAL,0,0
E10384,Danske Bank,10000+ Employees,https://www.danskebank.com/careers,,31419593,2020-01-21T15:15:16.740,Aircraft Navigator,True,1,REGULAR,,4,5,5,0,4,3,5,Good job but poor pay,,"Good training, good breaks, potential progression",The pay isn't as good as rival banks,POSITIVE,,POSITIVE,0,0
E10384,Danske Bank,10000+ Employees,https://www.danskebank.com/careers,,69623803,2022-09-30T01:10:04.023,Chief Project Manager,True,2,REGULAR,"Copenhagen, Capital Region",4,4,3,4,4,2,3,Empathetic and good with employees,Sift through the top management ranks for bad apples,"Empathetic employer up to a certain level in the management ranks, then like many other public companies
Flexible work style, work from home currently well supported
There are pockets of good and not good places to work just like any company, but overall the company strives to be inclusive and good in my view",Salary. Get a good one when you start because getting it increased to a fair market amount afterwards is not possible,POSITIVE,,POSITIVE,0,0
E10384,Danske Bank,10000+ Employees,https://www.danskebank.com/careers,,32772322,2020-04-17T09:54:25.443,,False,0,REGULAR,,3,0,0,0,0,0,0,former employee,,"good exposure, good &amp; smart people",compensation could have been better,,,,0,0
E10384,Danske Bank,10000+ Employees,https://www.danskebank.com/careers,,37022219,2020-10-12T00:48:41.580,AML Business Control Senior Officer,True,0,REGULAR,Trondheim,2,2,1,3,2,1,1,-,,It is a big company,They do not treat their employees well,NEGATIVE,NO_OPINION,POSITIVE,0,0
E10384,Danske Bank,10000+ Employees,https://www.danskebank.com/careers,,92850949,2024-11-14T08:49:51.293,Frontend Developer,True,6,REGULAR,Vilnius,5,5,5,5,4,4,3,Great place to work,,"-Job security
-decent pay
-work life balance is great",- senior leadership vision can be weird,POSITIVE,APPROVE,POSITIVE,0,0
E10384,Danske Bank,10000+ Employees,https://www.danskebank.com/careers,,39706947,2020-12-22T01:56:43.747,Senior Project Manager,True,6,REGULAR,"Copenhagen, Capital Region",3,4,3,3,3,4,3,Too many reorganisations,"Get some direction and stick to it... and above all, take care of your employees",Good benefits and pay as well as work life balance,"Nepotism is rampant, job security is lacking, management is not rated by KPIs that matter for employees i.e. employee churn",NEGATIVE,NO_OPINION,NEUTRAL,0,0
E10384,Danske Bank,10000+ Employees,https://www.danskebank.com/careers,,47745580,2021-06-01T10:59:53.160,Senior Software Engineer,True,4,REGULAR,"Copenhagen, Capital Region",5,5,5,5,5,5,4,Great place,Continue with Better Ways of Working. This will save this great company.,"Wonderfull work environment, great colleagues, great benefits.",Can be a bit stressfull at times when projects are lacking proper support from management.,POSITIVE,APPROVE,POSITIVE,0,0
E10384,Danske Bank,10000+ Employees,https://www.danskebank.com/careers,,55474398,2021-11-17T04:39:22.220,Sales Assistant,False,2,REGULAR,,4,0,0,0,0,0,0,Good environment,,Flexible as an employer during covid restrictions.,I have really nothing bad to say about.,,,,0,0
E10384,Danske Bank,10000+ Employees,https://www.danskebank.com/careers,,46235283,2021-04-29T05:45:20.313,Associate Software Engineer,True,0,REGULAR,Vilnius,3,5,3,4,3,3,1,Decent work,,"Office's infrastructure
Not fast-paced environment
Food discount","Management
Initiatives move slow slow
Quick colleagues rotation",POSITIVE,DISAPPROVE,NEUTRAL,0,0
E10384,Danske Bank,10000+ Employees,https://www.danskebank.com/careers,,85783556,2024-03-28T03:23:17.297,,False,0,REGULAR,,5,5,4,4,4,3,4,Good workplace,,"Nice people
Work life balance",Perhaps less comp than others,,,,0,0
E10384,Danske Bank,10000+ Employees,https://www.danskebank.com/careers,,83295161,2024-01-12T02:33:29.100,Operations Officer,True,2,PART_TIME,"Stockholm, Stockholm",4,5,5,4,5,3,4,Great place,Not really.,"Good work life balance, salary and freedom","Given that its a bank, many processes are rather slow",,,,0,0
E10384,Danske Bank,10000+ Employees,https://www.danskebank.com/careers,,70160962,2022-10-14T16:11:57.803,Banker,False,4,REGULAR,,5,5,5,4,5,3,5,Enjoyable job,,Great job- friendly people and reasonable workload,Salary not as high as other banks,,,,0,0
E10384,Danske Bank,10000+ Employees,https://www.danskebank.com/careers,,49796189,2021-07-15T00:02:39.123,Visual Designer,False,0,REGULAR,"Helsinki, Southern Finland",3,2,2,2,2,5,1,It's pretty ok,,Employee benefits are pretty good.,Constant changes in the organisation,NEGATIVE,,,0,0
E10384,Danske Bank,10000+ Employees,https://www.danskebank.com/careers,,54744911,2021-10-31T23:50:08.597,,True,4,REGULAR,,4,0,0,0,0,0,0,Danske bank,,Good employer cares about people who works there,Bank burocracy takes long time to do simple work tasks,,,,0,0
E10384,Danske Bank,10000+ Employees,https://www.danskebank.com/careers,,66447674,2022-07-08T02:59:58.193,Data Scientist,True,0,REGULAR,,5,0,0,0,0,0,0,review,,good environment in the team and the facilities,old organisation and slow processes,,,,0,0
E10384,Danske Bank,10000+ Employees,https://www.danskebank.com/careers,,30153309,2019-11-02T04:05:34.603,Investment Banking Analyst,True,2,REGULAR,"Copenhagen, Capital Region",4,2,4,0,4,5,3,Good,,"Pay
Working with prominent clients
Exit Ops 
Colleagues 
Location","Hours 
Not much responsibility given early on 
Very competitive
Some MDs got very big egos",POSITIVE,DISAPPROVE,NEGATIVE,0,0
E10384,Danske Bank,10000+ Employees,https://www.danskebank.com/careers,,65730831,2022-06-19T11:19:23.073,,False,2,PART_TIME,"Copenhagen, Capital Region",3,5,3,5,4,3,3,Great starting point,,"- Flexible
- Hybrid setup
- Great team","Depending on where you are in the organization, but there can be a lack in transparency",,,,0,0
E10384,Danske Bank,10000+ Employees,https://www.danskebank.com/careers,,13224957,2017-01-07T08:12:36.070,Software Engineer,False,2,,,3,3,3,0,4,2,3,Just a review,Be more openminded and play less political games...,"Skilled people, life and work balance","Not customer centric, old fashion way of management",,,,0,0
E10384,Danske Bank,10000+ Employees,https://www.danskebank.com/careers,,72161064,2022-12-28T02:54:03.187,Analyst,False,2,REGULAR,Vilnius,5,5,5,5,5,5,5,Great place,,"Safety feeling, place to improve, no stress, fun environment, professional","Sometimes boring, too big org",,APPROVE,POSITIVE,0,0
E10384,Danske Bank,10000+ Employees,https://www.danskebank.com/careers,,87938518,2024-06-04T14:03:42.467,Compliance Officer,False,0,REGULAR,"Copenhagen, Capital Region",3,0,0,0,0,0,0,Salary,,"Higher salary 
Nice people 
Nice office","Disorganized 
Lack of ownership 
Processes not clear",,,,0,0
E10384,Danske Bank,10000+ Employees,https://www.danskebank.com/careers,,21485808,2018-07-15T06:37:31.057,,False,0,REGULAR,,4,4,4,0,3,3,3,Data entry job,,"Good colleagues, Modern atmoshphere, Good bonuses","Strict working hours
Low salary rate",POSITIVE,NO_OPINION,POSITIVE,1,0
E10384,Danske Bank,10000+ Employees,https://www.danskebank.com/careers,,94523705,2025-01-22T06:39:25.123,Compliance Officer,True,0,REGULAR,Vilnius,4,5,5,5,4,3,5,Good,,"Good managers, good office, great location","Low pay, difficult to get bonuses",POSITIVE,APPROVE,POSITIVE,0,0
E10384,Danske Bank,10000+ Employees,https://www.danskebank.com/careers,,69659148,2022-10-01T04:40:56.697,,False,2,REGULAR,,1,1,1,1,1,1,1,Worst place I’ve worked.,stop hounding staff. Stop don’t tell people progression is rife when there’s zero progression.  You genuinely couldn’t stop for a second with operations breathing down your neck. The starting pay is horrendous also.,I honestly can’t think of anything I really enjoyed.,"Never be sick. Never have a loved one die. They guilt trip you for everything. 
My father in law was dying in hospital, I phoned to tell them I wouldn’t be in as he was taking his last breaths. My manager told me I should have logged in anyway and taken calls that morning as calls are very important between 8 and 9am. He died 4 hours later.my advice is never take a job in killeaton.",,,,1,0
E10384,Danske Bank,10000+ Employees,https://www.danskebank.com/careers,,50294468,2021-07-26T12:19:28.520,Senior Software Engineer,False,6,REGULAR,Vilnius,5,5,4,5,4,4,4,Pretty nice,,"Benefits, mature organization, loads of experienced peers to guide you, probably an organization where one could not look for another job and be fine.","Long feedback loop, organizational stuff such as performance appraisals, mandatory trainings, slow processes, constantly changing, trying to achieve ""startup feel"".",POSITIVE,NO_OPINION,POSITIVE,0,0
E10384,Danske Bank,10000+ Employees,https://www.danskebank.com/careers,,40953955,2021-01-18T15:08:50.667,Software Engineer,False,0,REGULAR,Vilnius,3,0,0,0,0,0,0,Decent,,Safe workplace. Job security y,Corporate environment to work in,,,,0,0
E10384,Danske Bank,10000+ Employees,https://www.danskebank.com/careers,,70372055,2022-10-21T06:18:50.853,Principal Software Engineer,True,9,REGULAR,"Copenhagen, Capital Region",3,4,3,3,1,2,1,Great people but horrible leadership,Where is the real IT leadership?,- Nice benefits and pension - Great People overall,- Salary - Leadership - Split objectives with no focus,NEGATIVE,NO_OPINION,NEGATIVE,1,0
E10384,Danske Bank,10000+ Employees,https://www.danskebank.com/careers,,94364739,2025-01-15T11:45:16.427,Software Engineer,True,4,REGULAR,Aarhus,5,5,5,5,4,5,4,Amazing company,Its a good company to work at.,"Good atmosphere, good colleagues and plenty of opportunity","Its an old banking company, so it has some technical debt",POSITIVE,APPROVE,POSITIVE,0,0
E10384,Danske Bank,10000+ Employees,https://www.danskebank.com/careers,,40985148,2021-01-19T03:30:30.720,Customer Service,True,2,REGULAR,"Belfast, Northern Ireland",3,5,3,4,3,2,4,Adviser,,Decent hours good social scene,Pay poor compared to competitors,,,,0,0
E10384,Danske Bank,10000+ Employees,https://www.danskebank.com/careers,,47358086,2021-05-24T00:31:48.727,Senior Surveyor,True,0,REGULAR,"Belfast, Northern Ireland",4,0,0,0,0,0,0,review,,"good leadership, great staff, good facilities","none, great place to work",,,,0,0
E10384,Danske Bank,10000+ Employees,https://www.danskebank.com/careers,,70516975,2022-10-26T10:14:57.337,Senior Software Engineer,True,0,REGULAR,,5,0,0,0,0,0,0,Data analyst,,Good work balance.Salary is decent,No cons so far I have seen,,,,1,0
E10384,Danske Bank,10000+ Employees,https://www.danskebank.com/careers,,66133121,2022-06-30T02:52:48.617,Microsoft Engineer,True,0,REGULAR,,4,4,5,5,5,4,4,Proud to be,,Proud to be a part of this company.,Some things to do better,POSITIVE,NO_OPINION,POSITIVE,0,0
E10384,Danske Bank,10000+ Employees,https://www.danskebank.com/careers,,55850905,2021-11-25T08:59:33.647,Financial Controller,True,0,REGULAR,"Denmark, SC",2,5,2,3,4,4,1,unprofessional,,"good benefits and remuneration packages, good working balance, offers hybrid working model with 3 days home based/week","unprofessional people, no structure and poor leadership skills",NEGATIVE,NO_OPINION,NEUTRAL,5,0
E10384,Danske Bank,10000+ Employees,https://www.danskebank.com/careers,,90779138,2024-09-06T09:57:49.277,Compliance Officer,False,0,REGULAR,"Copenhagen, Capital Region",4,0,0,0,0,0,0,v,,good offices and career opportunities,"no bonuses, no rewards for good performance",,,,0,0
E10384,Danske Bank,10000+ Employees,https://www.danskebank.com/careers,,77417718,2023-06-15T12:07:57.480,Student Software Engineer,True,4,PART_TIME,"Copenhagen, Capital Region",4,5,4,5,4,4,3,Great place to work,,"Nice and supportive colleagues, easy to work from home","hard to get approved to work from abroad, tasks may be little repetitive, development is generally slow",POSITIVE,APPROVE,POSITIVE,0,0
E10384,Danske Bank,10000+ Employees,https://www.danskebank.com/careers,,63014662,2022-04-20T02:28:41.200,,False,0,REGULAR,,5,5,5,4,5,4,4,Abc,,"Great culture and leadership, customer-centricity","Slow talent development cycle, often reorganizations",,,,0,0
E10384,Danske Bank,10000+ Employees,https://www.danskebank.com/careers,,87367328,2024-05-16T22:03:17.970,Change Manager,False,0,REGULAR,,4,5,5,5,5,3,4,Great financial institution to work for,,"Great working environment, friendly colleagues and managers. Amazing work life balance and flexible working conditions",Very frequent reorganizations in the company,POSITIVE,APPROVE,POSITIVE,0,0
E10384,Danske Bank,10000+ Employees,https://www.danskebank.com/careers,,91437961,2024-09-28T09:13:51.830,Head of Advisory,True,20,REGULAR,"Copenhagen, Capital Region",5,3,4,5,4,3,2,Fantastic place,,The culture and the down on earth environment,"The bank is a tier-1 bank in the Nordics, but not globally",POSITIVE,APPROVE,POSITIVE,0,0
E10384,Danske Bank,10000+ Employees,https://www.danskebank.com/careers,,82267677,2023-12-02T11:58:08.780,Senior Portfolio Manager,True,4,REGULAR,"Copenhagen, Capital Region",3,3,3,3,3,2,3,Asset management,,Strong brand and large funds,AML case has made business development challenging,POSITIVE,APPROVE,POSITIVE,0,0
E10384,Danske Bank,10000+ Employees,https://www.danskebank.com/careers,,56598740,2021-12-13T04:31:06.247,Platform Engineer,True,0,REGULAR,Vilnius,3,4,4,4,4,5,2,Its ok,,Good environmebt and lots of benefits,"Old school, poor management, a lot of escalations",,,,0,0
E10384,Danske Bank,10000+ Employees,https://www.danskebank.com/careers,,72925317,2023-01-24T02:04:44.987,,True,2,REGULAR,Vilnius,3,5,3,5,3,5,3,Your experience will depend on the team you land in,"I understand that the size of the company makes it harder for people to get to know each other, but I felt really detached from the company as an employee. Event with amazing benefits and beautiful offices. Also, I would suggest holding fellow managers to more accountability.","Generally I would rate it as a good employer. You can work from home, yearly salary reviews, good health benefits and lovely offices. There are occasional financial benefits depending on current situation (allowances for remote work office setup, allowances to fight heating prices and so on). You have a lot of freedom to create your own community (for hobbies, social issues etc.), but from my experience, they are not very active.","Everything related to work will depend on the team you land in. Some teams are very nice, some lack leadership. In my experience, a lot of decisions are based on emotions and opinions of highest payed person in the room. Lots of hoops to jump in order to complete your tasks, so the projects stretch out from months to years. This can become very draining and demotivating. I've noticed that some people put on a facade of work, but aren't performing in reality. It comes down to how well you can present yourself in front of others. Poor cross functionality. If an experienced employee leaves the company, they leave with the knowledge of the systems and processes they have created.",POSITIVE,APPROVE,NEUTRAL,1,0
E10384,Danske Bank,10000+ Employees,https://www.danskebank.com/careers,,77910484,2023-07-03T02:43:55.397,Chief Consultant,False,20,REGULAR,"Copenhagen, Capital Region",4,4,3,3,4,4,3,Internal consultant,,Lots of career opportunities in Danske Bank HQ.,Long processes for decision making.,POSITIVE,APPROVE,POSITIVE,0,0
E10384,Danske Bank,10000+ Employees,https://www.danskebank.com/careers,,13330576,2017-01-15T07:44:09.257,Vice President,False,4,REGULAR,"New York, NY",3,4,3,0,3,3,3,Pretty good place to work,de-centralize decision making,"Good at bonds, FX, rates",Less good at investment banking,POSITIVE,NO_OPINION,POSITIVE,0,0
E10384,Danske Bank,10000+ Employees,https://www.danskebank.com/careers,,31416698,2020-01-21T12:41:08.697,Customer Service,False,4,REGULAR,"Belfast, Northern Ireland",1,3,1,0,1,3,1,Upper management can decide to push you out,"Do not promote people before they are ready, try and see things from the lower staffs perspectives. 
If someone is struggling don't keep pushing them let them take their time. 
take care of your staff. Don't promote because a certain person thinks its a good idea. If a member of upper management needs reigned in tell them do not let them run amok

Dont offer new starts more money than current staff, push the current staff up .",Decent wage. Great Co Workers. Decent hours,"Location was awful.
Managment will take a disliking to you because you have your own ways of doing things and will not stop until you are out the door, be it watch you every day, read your emails, listen to your calls or just make up straight up lies about you. 
Never miss a day even when you are sick or really struggling with mental health issues (worsened by danske) but they treat you will be appalling 
I was one of the longest running on that floor and they decided they had no use for me and didn't stop until I quit.

It is just a call centre and at that they all come with problems, be it verbal abuse from customers or just over worked.

Some of the managers in there really should not have been in the positions they were in and the people who should have been promoted were caused to move elsewhere because they were over looked and disregarded. Everyone who was being over looked or treated poorly knew they were so they would not make the effort they needed to make because upper management should not be in their roles",NEGATIVE,DISAPPROVE,NEGATIVE,4,0
E10384,Danske Bank,10000+ Employees,https://www.danskebank.com/careers,,88867105,2024-07-05T00:47:23.467,AML Analyst,True,2,REGULAR,Kaunas,4,5,5,5,4,3,4,Hard to progress,,"Good culture, ralatively good benefits and nice office","Hard to progress in a role, when changing position, it is dificult to retain bargaining power. Advertised carreer apportunities are not as accesible as it is said. People comming from outside gets better positions and pay reven with less experience.",,,,0,0
E10384,Danske Bank,10000+ Employees,https://www.danskebank.com/careers,,46956126,2021-05-14T14:27:50.233,Software Engineer,True,2,REGULAR,Vilnius,2,5,1,4,2,2,3,"Looks great from the outside, but...",,"Great facilities
Decent benefit package
At least in my team we had a healthy balance of legacy technologies with new ones.
Good work-life balance.","You can easily negotiate a good salary at the start but you have pretty much no chance of getting a significant raise further on.
Tasks are boring as hell.
Sometimes management puts random pressure on some people.
Even though they publicly promote their values, the bureaucracy is extremely annoying, a lot of people play ping pong and point fingers at one another.
Onboarding process is a joke, I simply learnt the domain on the go and it took quite a bit of time.

After some time you will feel stuck for sure. To some people it's what they want, but most colleagues I've talked to often feel burnout and boredom.",NEGATIVE,NO_OPINION,POSITIVE,1,0
E10384,Danske Bank,10000+ Employees,https://www.danskebank.com/careers,,72861025,2023-01-21T23:00:04.600,Analyst,True,0,REGULAR,"Copenhagen, Capital Region",4,5,5,5,2,5,4,Great,,Good salary Good benefits Seven weeks vacation,Less exiting job tasks and bad career opportunities,,,,0,0
E10384,Danske Bank,10000+ Employees,https://www.danskebank.com/careers,,59182030,2022-02-06T05:57:00.340,Senior Compliance Officer,True,0,REGULAR,,4,0,0,0,0,0,0,Good Employer,,Amazing people  in the organisation really,Not the best Salaries compared to Other places,,,,0,0
E10384,Danske Bank,10000+ Employees,https://www.danskebank.com/careers,,45571637,2021-04-15T12:20:43.107,Operations Officer,False,2,REGULAR,Vilnius,4,5,4,4,4,4,3,Good,,"work life balance, canteen, office",nothing extraordinary from cons. just a shared services center,,,,0,0
E10384,Danske Bank,10000+ Employees,https://www.danskebank.com/careers,,27440141,2019-06-17T05:53:33.330,Software Engineer,False,1,REGULAR,Vilnius,3,4,2,0,3,4,2,Typical corporate bank wanna be agile and relevant,,"- job security
- workplace perks
- if lucky - it's possible to get into ""ok"" department","- a lot of ancient technology that is a career suicide
- low competence colleagues
- ineffective",NEGATIVE,NO_OPINION,NEUTRAL,7,0
E10384,Danske Bank,10000+ Employees,https://www.danskebank.com/careers,,41219977,2021-01-22T01:04:07.533,Senior Software Engineer,True,4,REGULAR,"Copenhagen, Capital Region",4,4,4,5,4,3,4,Ok,,"Nice collegues, big organizations with a lot of divisions to chopse from","Salary lower then market. Business have too much power in decisions making. Top down decision flow. Developers have not much to say, just been told what to do by business. Which result in accumulation of technical debt.",POSITIVE,APPROVE,POSITIVE,0,0
E10384,Danske Bank,10000+ Employees,https://www.danskebank.com/careers,,94269474,2025-01-12T03:47:50.860,Software Engineer,True,1,REGULAR,Aarhus,4,4,4,4,4,4,3,Career Development Opportunities,,"Large organizations often provide structured career paths, training programs, and opportunities for advancement within the company.","Complexity: Certain systems or technologies may be overly complicated, leading to confusion or frustration for users.",,,,0,0
E10384,Danske Bank,10000+ Employees,https://www.danskebank.com/careers,,74191148,2023-03-04T12:29:13.170,Chief Markets Specialist,True,4,REGULAR,Vilnius,4,5,5,5,4,4,3,Chief Markets Specialist position in Danske Bank Lithuania,,"Good organisational culture, good additional benefits package, nice office.",High people rotation. Constant organisational changes.,POSITIVE,NO_OPINION,POSITIVE,0,0
E10384,Danske Bank,10000+ Employees,https://www.danskebank.com/careers,,42385755,2021-02-12T02:44:01.607,Senior Development Director,False,20,REGULAR,Aarhus,4,3,4,4,4,5,4,"Challenging, but rewarding workplace",,Constant transformation agenda. Many opportunities for grows and challenges.,Danske Bank image perception is not good in the public. Too many scandals last 3-4 years.,POSITIVE,APPROVE,POSITIVE,0,0
E10384,Danske Bank,10000+ Employees,https://www.danskebank.com/careers,,34459785,2020-07-27T09:50:08.193,Compliance Officer,True,0,REGULAR,Høje Tåstrup,4,0,0,0,0,0,0,Decent place to work,,Good conditions to work. Possibility to advance in career.,"Location is outside Copenhagen, necessity to commute long distances each day.",,,,0,0
E10384,Danske Bank,10000+ Employees,https://www.danskebank.com/careers,,34055897,2020-07-05T08:46:40.283,Operations Specialist,True,4,REGULAR,Vilnius,2,3,3,0,2,4,2,Not competitive workplace,,All benefits Danske Bank provides,Pay raise is not competitive compared to other workplaces.,NEGATIVE,NO_OPINION,NEUTRAL,1,0
E10384,Danske Bank,10000+ Employees,https://www.danskebank.com/careers,,79405241,2023-08-23T07:23:25.097,Corporate Actions Specialist,True,1,REGULAR,Vilnius,4,4,4,4,5,2,3,Decent but lower wages than in home countries,"treat all employees the same, don't calculation average when it comes to wages","culture, offices, canteen, opportunities to learn",way lower wages than in nordics even though living costs are almost the same,POSITIVE,NO_OPINION,POSITIVE,0,0
E10384,Danske Bank,10000+ Employees,https://www.danskebank.com/careers,,53212519,2021-09-28T09:32:05.960,Technology Manager,True,4,REGULAR,,2,4,4,4,4,4,1,Stay away,Where to start. Listen to the people in the ground. The ground is boiling and you pretend everything is fine,"Good pay, Nordic working culture, opportunities to grow","After the re-organization there is exodus of senior and key people. Especially in Lithuania we are ""bleeding"" heavily. Only juniors are joining the bank nowdays
Scandals, scandals and scandals
Slow moving and uproductive
Its been 2 years now that i am not certain if the bank's management or the consulting firm they hired to support the transformation is running the company",NEGATIVE,DISAPPROVE,NEGATIVE,0,0
E10384,Danske Bank,10000+ Employees,https://www.danskebank.com/careers,,36231383,2020-09-22T07:43:19.293,Consultant,True,0,REGULAR,Vilnius,5,0,0,0,0,0,0,power of good work,,"great culture, great people, optima learning and growth potential","need to improve technology, speed up processes",POSITIVE,NO_OPINION,POSITIVE,0,0
E10384,Danske Bank,10000+ Employees,https://www.danskebank.com/careers,,44350615,2021-03-21T23:27:10.713,Head Of Customer Experience,True,0,REGULAR,"Copenhagen, Capital Region",3,3,1,3,4,4,2,Great benefits - poor culture,,"High base pay
Great perks en benefits","Very competitive culture
Still struggles with old legacy and conservative mindsets",NEGATIVE,NO_OPINION,POSITIVE,0,0
E10384,Danske Bank,10000+ Employees,https://www.danskebank.com/careers,,93776539,2024-12-18T22:53:10.190,Risk Expert,False,0,REGULAR,Vilnius,3,3,3,3,3,3,3,Review of salary,,Not applicable. they provide cheap lunch,Not applicable. I think the only challenge is rigidity to hybrid work,POSITIVE,NO_OPINION,NEUTRAL,0,0
E10384,Danske Bank,10000+ Employees,https://www.danskebank.com/careers,,65560440,2022-06-15T04:02:27.060,Head of Data Science,False,0,REGULAR,,5,5,5,5,3,3,4,Great place to work,,"It is a great place to work for those who value culture, inclusion and scandinavian culture.",Low salaries compared to the market,POSITIVE,NO_OPINION,POSITIVE,0,0
E10384,Danske Bank,10000+ Employees,https://www.danskebank.com/careers,,75093853,2023-04-01T03:34:26.927,Project Manager,True,0,REGULAR,Oslo,3,3,3,1,4,3,2,Great place,,Good place andd so many possibilities,Too few people dare to make decisions,POSITIVE,APPROVE,POSITIVE,0,0
E10384,Danske Bank,10000+ Employees,https://www.danskebank.com/careers,,73164838,2023-01-31T05:50:09.380,,True,0,REGULAR,,4,5,4,5,4,4,4,Overall good,,"Work-life balance, good colleagues, competitive salary","benefits, work place, canteen, social activities",POSITIVE,APPROVE,POSITIVE,0,0
E10384,Danske Bank,10000+ Employees,https://www.danskebank.com/careers,,34905498,2020-08-14T02:23:38.753,Consultant,True,0,REGULAR,"Copenhagen, Capital Region",4,0,0,0,0,0,0,Good workplace,,"Good Work life balance, development opportunities","Constant org changes, slow paced environment",,,,0,0
E10384,Danske Bank,10000+ Employees,https://www.danskebank.com/careers,,61838431,2022-03-27T10:48:48.163,AML Analyst,True,0,REGULAR,,5,0,0,0,0,0,0,Great company,,"Flexible hours, decent pay and benefits",Lots of registration in this job,,,,0,0
E10384,Danske Bank,10000+ Employees,https://www.danskebank.com/careers,,73353933,2023-02-06T06:39:21.647,Team Manager,False,0,REGULAR,Vilnius,4,0,0,0,0,0,0,Team Manager at Danske,,"Good atmosphere, plenty of benefits","Too many meetings, fast turnover",,,,0,0
E10384,Danske Bank,10000+ Employees,https://www.danskebank.com/careers,,8871652,2015-12-09T13:54:47.590,Regulatory Reporting Manager,True,2,REGULAR,"Belfast, Northern Ireland",4,4,4,0,4,2,4,Danske NI,Reward with £,"An open minded liberal business. A pleasant working environment, good holidays and good software systems. Unisex toilets, variable height tables.","Low pay, shrinking workforce, poor canteen, lotus notes, male dominated board, possible training in Denmark. No variable remuneration. Slow lifts.",POSITIVE,NO_OPINION,POSITIVE,0,0
E10384,Danske Bank,10000+ Employees,https://www.danskebank.com/careers,,24629883,2019-02-10T11:23:51.893,,False,0,REGULAR,,4,5,3,0,3,5,3,Good Bank,,"Nice office, kind people, good work life balance",It's very scandinavian and ultimately you need to be from the nordics to be successful,,,,0,0
E10384,Danske Bank,10000+ Employees,https://www.danskebank.com/careers,,58253953,2022-01-20T08:06:02.893,Senior Compliance Analyst,True,2,REGULAR,,5,5,5,4,5,4,5,Very professional and well structured bank.,,Friendly working environment with numerous positive incentives for employees.,Average age is generally quite old.,POSITIVE,,NEUTRAL,0,0
E10384,Danske Bank,10000+ Employees,https://www.danskebank.com/careers,,40826917,2021-01-16T06:59:10.610,Software Developer,True,0,REGULAR,Bengaluru,5,5,5,5,5,4,5,"Great work environment, strong leaders",,"- Work environment is awesome
- Leaders lead by example
- Encouraged to make decisions",None so far as per experience,POSITIVE,APPROVE,POSITIVE,0,0
E10384,Danske Bank,10000+ Employees,https://www.danskebank.com/careers,,89849811,2024-08-06T17:42:26.020,Senior Customer Advisor,False,20,PART_TIME,"Belfast, Northern Ireland",2,1,4,5,3,1,3,Poor pay for the responsibilities ,Care more about your staff. Be flexible with family work life balance. Pay your employees for their loyalty and workload. Unacceptable that new staff were paid more than staff there for years and we were expected to train them.,Team that I worked with,Management were not interested in your life outside of bank. All about what you can achieve for them.,NEGATIVE,APPROVE,POSITIVE,0,0
E10384,Danske Bank,10000+ Employees,https://www.danskebank.com/careers,,63127536,2022-04-22T03:49:23.937,,False,0,REGULAR,,2,5,2,4,4,2,1,Salaries are a joke,,"The job is quite easy, health insurance","Nobody wants to increase your salary, if it does, it will be only a few (2-3%) percent a year.",,,,0,0
E10384,Danske Bank,10000+ Employees,https://www.danskebank.com/careers,,74435896,2023-03-12T11:11:25.453,Associate AML Officer,True,2,REGULAR,"Warsaw, Masovia",5,5,5,5,4,5,4,Good place to have a growth in AML,,"- Not enormous target, you have time for education or other activity within company - They invested in employee by sending on various certification - Good atmosphere among teammates and management",Not so clear scheme of getting promotion,,,,0,0
E10384,Danske Bank,10000+ Employees,https://www.danskebank.com/careers,,88912646,2024-07-07T07:25:34.923,Software Engineer,False,4,REGULAR,Vilnius,5,0,0,0,0,0,0,I just want to see other reviews pls,,"mostly very nice people to work with, lots of space to grow","a lot of bureaucracy to get things moving, but that is expected in a bank",,,,0,0
E10384,Danske Bank,10000+ Employees,https://www.danskebank.com/careers,,38612956,2020-11-22T06:58:55.223,Official,True,2,REGULAR,"Belfast, Northern Ireland",5,5,5,5,5,5,5,Great,,Lots of opportunities for self development,Can't think of any at all,POSITIVE,APPROVE,POSITIVE,0,0
E10384,Danske Bank,10000+ Employees,https://www.danskebank.com/careers,,12585667,2016-11-07T06:15:43.997,Consultant,False,4,,"Copenhagen, Capital Region",5,0,0,0,0,0,0,Algorithmics Consultant,Nothing,Great people and place to work,Not much to mention here,,,,0,0
E10384,Danske Bank,10000+ Employees,https://www.danskebank.com/careers,,93142218,2024-11-25T02:54:21.640,,True,6,REGULAR,,3,5,3,3,1,3,1,aml,,"health insurance,many other benefits, discounts","bad management, no carrier opportunities",,APPROVE,,0,0
E10384,Danske Bank,10000+ Employees,https://www.danskebank.com/careers,,58659622,2022-01-27T12:22:05.473,Project Manager,True,6,REGULAR,"Copenhagen, Capital Region",4,5,4,4,5,4,4,Project manager in DB,Invest in IT infrastructure to make work more efficient,"Good career opportunities, great place to learn and improve, good benefits","Working facilities not great, a lot of change of company structure and management",POSITIVE,APPROVE,POSITIVE,0,0
E10384,Danske Bank,10000+ Employees,https://www.danskebank.com/careers,,93603272,2024-12-11T19:10:54.153,Business Analyst,False,0,REGULAR,"Helsinki, Southern Finland",5,4,5,4,5,5,5,Great place to work at with many growth possibilities ,,"1. Great leaderships
2. Probably depends on the team, but very supportive and trusting colleagues (across Nordics), who help with onboarding and give responsibility from day one
3. Stakeholders from different departments and levels are very friendly and great to work with
4. Good benefits (inc. sauna + gym facilities)
5. Good development possibilities","1. Some teams have larger work loads than others (however, this is very dependent on the business unit and type of a team)",POSITIVE,APPROVE,POSITIVE,0,0
E10384,Danske Bank,10000+ Employees,https://www.danskebank.com/careers,,73602522,2023-02-14T00:49:16.847,Customer Service Representative,False,0,REGULAR,,5,3,5,5,5,1,3,Customer Service Specialist,,Good Team and a professional atmosphere,non-remote work possibilities in the role,POSITIVE,APPROVE,POSITIVE,0,0
E10384,Danske Bank,10000+ Employees,https://www.danskebank.com/careers,,20049955,2018-04-06T15:38:12.907,,False,9,REGULAR,,5,3,5,0,3,4,5,Manager,,Very friendly place to work,Challenging work but rewarding and goof colleagues,POSITIVE,APPROVE,,0,0
E10384,Danske Bank,10000+ Employees,https://www.danskebank.com/careers,,86216060,2024-04-11T05:13:08.193,Cash Management Specialist,False,0,REGULAR,"Warsaw, Masovia",3,2,2,2,2,2,2,stay away from this employer ,,get ready to grind for the bare minimum,"way to low opportunities, highly unfair salary",NEGATIVE,DISAPPROVE,NEGATIVE,0,0
E10384,Danske Bank,10000+ Employees,https://www.danskebank.com/careers,,74383128,2023-03-10T04:33:07.237,Associate Business Analyst,True,0,REGULAR,Vilnius,4,0,0,0,0,0,0,Decent place to work at,,"Good company to work in, depending on the team, and has a nice work-life balance","Questionable upper management, uneven focus",,,,0,0
E10384,Danske Bank,10000+ Employees,https://www.danskebank.com/careers,,54924456,2021-11-04T12:23:46.093,Associate Director,True,0,REGULAR,,5,0,0,0,0,0,0,Good,,Good employer in the Nordics,No direct cons to mention,,,,0,0
E10384,Danske Bank,10000+ Employees,https://www.danskebank.com/careers,,42972998,2021-02-23T12:44:09.647,Java Software Developer,True,0,REGULAR,Vilnius,5,5,5,5,5,5,5,Nice place for non-stress work,,"Non-stress Scandinavian style job, there is time for self-improvement",Sometimes it is an old stack. But bank tries to move to new technologies,POSITIVE,APPROVE,POSITIVE,0,0
E10384,Danske Bank,10000+ Employees,https://www.danskebank.com/careers,,88781467,2024-07-02T10:47:39.497,Software Engineer,True,2,REGULAR,Vilnius,5,0,0,0,0,0,0,Good employer,,Good working conditions and salary,"Usual corporate stuff, meetings etc.",,,,0,0
E10384,Danske Bank,10000+ Employees,https://www.danskebank.com/careers,,21267686,2018-06-29T08:03:12.947,,True,4,REGULAR,,2,4,2,0,5,3,2,This is a great place to coast and do nothing for a reasonable amount of money.,"I don't care what you do, but could you at least stop pretending you are doing actual IT work?","Good Christmas parties and Friday bars.
The cafeteria is good as well. 

A good stepping stone for your career, as Danske Bank are great at finding A level people for C level tasks.","Developing IT at Danske Bank moves at a glacial pace, and it is more often than not completely impossible to find out whether project directions are based on product interests,  or just out of strategic organisational interests.
During my time at Danske Bank, I have experienced more than once that priorities have changed in the middle of a project, to something completely different, leaving a half-finished product to wait around for weeks, or even months.

I have seen (multiple times) developers in projects for months at a time, which ends up being thrown away because the product owner stops caring about it.

A developer in Danske Bank typically spends 30% of their time doing development work. The rest is spent on things like customer support, meetings, and whatever. In all honesty, we could spend 50% less time at the office and still get the same amount of development done.

The issues in Danske Bank has lead to challenges in attracting new talent. This leads to single individuals being the only maintainers of certain parts of software, which again means that entire development processes can be blocked if these individuals have time off or are sick.

The Bank has an extremely strict software policy, which means you can only use exactly those tools that the central IT group has whitelisted.
Their decisions are opaque and made within their own group, which means they aren't up for discussion, and neither do you get to know at least who made the decisions in the first place.
You probably won't get to work with your preferred tools.",NEGATIVE,DISAPPROVE,POSITIVE,2,0
E10384,Danske Bank,10000+ Employees,https://www.danskebank.com/careers,,42968391,2021-02-23T11:24:33.637,,False,1,PART_TIME,Vilnius,5,4,5,5,5,3,5,Great HR and culture,,"Loved the culture in the company.
HR was great and helpful
Depending on a team you get to work on interesting projects",The salary was not great,POSITIVE,APPROVE,,0,0
E10384,Danske Bank,10000+ Employees,https://www.danskebank.com/careers,,31715759,2020-02-06T05:31:49.877,Customer Service,True,1,PART_TIME,Linköping,5,5,4,0,5,4,4,Danske Bank,,"Good employer, perfect part time job as a student",Nothing in particular when working there as a student.,POSITIVE,APPROVE,POSITIVE,0,0
