reviewID,total_pros,total_cons
rw0001,1,1
rw0002,1,0
rw0003,1,2
rw0004,0,0
rw0005,5,1
rw0006,0,0
rw0007,3,0
rw0008,0,0
rw0009,0,0
rw0010,1,0
rw0011,0,4
rw0012,0,2
rw0013,1,0
rw0014,2,0
rw0015,1,6
rw0016,0,1
rw0017,1,1
rw0018,1,0
rw0019,0,0
rw0020,3,1
rw0021,3,0
rw0022,1,3
rw0023,2,1
rw0024,2,0
rw0025,3,1
rw0026,0,0
rw0027,0,2
rw0028,0,0
rw0029,0,1
rw0030,0,0
rw0031,0,1
rw0032,2,0
rw0033,0,0
rw0034,1,3
rw0035,5,0
rw0037,1,0
rw0038,0,0
rw0039,2,1
rw0040,1,3
rw0041,3,0
rw0042,2,1
rw0043,3,0
rw0044,1,1
rw0045,1,0
rw0046,2,0
rw0047,2,1
rw0048,7,2
rw0049,1,0
rw0051,2,3
rw0052,3,4
rw0053,1,1
rw0054,1,2
rw0055,1,1
rw0056,0,1
rw0057,1,1
rw0058,2,0
rw0059,1,6
rw0060,1,1
rw0061,0,1
rw0062,1,0
rw0063,3,4
rw0064,1,1
rw0065,1,1
rw0066,3,2
rw0067,1,2
rw0068,0,1
rw0069,0,5
rw0070,0,1
rw0071,2,2
rw0072,1,0
rw0073,2,2
rw0074,3,0
rw0075,1,1
rw0076,0,0
rw0077,2,1
rw0078,1,1
rw0079,2,1
rw0080,1,0
rw0081,0,4
rw0082,0,0
rw0083,2,4
rw0084,0,0
rw0085,0,0
rw0086,0,1
rw0087,1,0
rw0088,0,0
rw0089,0,1
rw0091,1,0
rw0092,1,1
rw0093,1,2
rw0094,1,0
rw0095,1,0
rw0096,0,0
rw0097,0,1
rw0098,2,2
rw0099,5,1
rw0100,2,1
rw0101,2,1
rw0102,0,0
rw0103,2,1
rw0104,1,0
rw0106,1,0
rw0107,0,1
rw0108,1,1
rw0109,0,1
rw0110,1,2
rw0111,0,4
rw0112,2,0
rw0113,1,0
rw0114,3,1
rw0115,1,0
rw0117,3,2
rw0118,0,1
rw0119,1,1
rw0120,0,0
rw0121,0,0
rw0122,3,2
rw0123,1,1
rw0124,1,1
rw0125,0,1
rw0126,1,0
rw0127,5,3
rw0128,0,1
rw0129,1,1
rw0130,0,2
rw0131,2,0
rw0132,0,1
rw0133,1,2
rw0134,1,0
rw0136,4,1
rw0138,3,1
rw0139,1,1
rw0141,1,0
rw0142,1,5
rw0143,0,2
rw0144,1,2
rw0145,2,2
rw0146,1,2
rw0147,1,1
rw0149,1,1
rw0151,2,1
rw0152,1,0
rw0153,1,2
rw0154,3,1
rw0157,0,1
rw0158,3,3
rw0159,1,0
rw0160,0,2
rw0161,0,0
rw0162,0,2
rw0163,1,2
rw0165,1,1
rw0166,1,1
rw0167,0,2
rw0168,1,1
rw0170,2,1
rw0171,0,0
rw0172,1,2
rw0173,3,2
rw0174,4,2
rw0175,1,2
rw0176,1,0
rw0177,0,2
rw0178,6,0
rw0179,1,0
rw0180,1,4
rw0181,3,0
rw0182,3,4
rw0183,0,5
rw0184,5,0
rw0185,0,1
rw0186,2,0
rw0187,6,5
rw0188,0,1
rw0189,0,3
rw0190,0,2
rw0191,4,5
rw0192,11,7
rw0193,1,1
rw0194,3,1
rw0195,2,2
rw0196,3,0
rw0197,3,2
rw0199,1,2
rw0200,4,6
rw0201,1,0
rw0202,2,2
rw0203,3,3
rw0204,1,1
rw0205,3,1
rw0206,0,1
rw0207,1,1
rw0208,2,1
rw0209,3,0
rw0210,3,2
rw0211,1,0
rw0212,1,2
rw0213,1,1
rw0214,1,1
rw0215,2,3
rw0216,3,1
rw0217,2,0
rw0218,3,6
rw0219,2,1
rw0220,1,1
rw0221,0,0
rw0223,0,1
rw0224,2,1
rw0225,1,0
rw0227,0,1
rw0228,1,1
rw0229,0,3
rw0230,1,1
rw0231,0,1
rw0232,1,0
rw0233,1,0
rw0234,0,2
rw0235,0,0
rw0236,2,1
rw0237,1,0
rw0238,2,2
rw0239,4,2
rw0240,1,0
rw0241,2,0
rw0242,1,0
rw0243,0,0
rw0244,0,1
rw0245,0,0
rw0246,2,1
rw0247,2,0
rw0248,2,0
rw0249,0,0
rw0250,2,1
rw0251,2,1
rw0252,0,0
rw0253,1,2
rw0254,2,2
rw0255,2,2
rw0256,1,0
rw0257,0,1
rw0258,0,0
rw0259,0,0
rw0260,0,1
rw0261,2,0
rw0262,1,0
rw0263,2,2
rw0264,0,2
rw0265,0,1
rw0266,2,2
rw0267,1,5
rw0268,2,2
rw0269,2,0
rw0270,4,0
rw0271,0,0
rw0272,1,1
rw0273,0,2
rw0274,0,1
rw0275,0,0
rw0276,1,0
rw0277,1,1
rw0278,0,1
rw0279,3,2
rw0280,0,1
rw0281,2,1
rw0282,1,1
rw0283,3,0
rw0284,1,0
rw0285,1,0
rw0286,0,0
rw0287,2,0
rw0288,1,1
rw0289,1,2
rw0290,0,0
rw0291,2,1
rw0292,1,0
rw0293,1,1
rw0294,1,0
rw0295,1,0
rw0296,0,2
rw0297,3,1
rw0298,2,1
rw0299,1,0
rw0300,1,2
rw0301,1,1
rw0303,1,2
rw0304,1,1
rw0305,2,1
rw0306,1,0
rw0307,1,0
rw0308,1,2
rw0309,2,2
rw0310,0,0
rw0311,0,0
rw0312,0,0
rw0313,0,0
rw0314,2,2
rw0315,1,1
rw0316,1,0
rw0317,1,0
rw0318,0,0
rw0319,0,0
rw0320,2,3
rw0321,0,0
rw0322,2,2
rw0323,3,0
rw0324,1,0
rw0325,1,1
rw0326,0,0
rw0327,3,1
rw0328,1,2
rw0329,1,0
rw0330,0,0
rw0331,0,0
rw0332,2,1
rw0333,2,1
rw0334,1,1
rw0335,2,1
rw0336,3,1
rw0337,0,0
rw0338,2,1
rw0339,0,0
rw0340,2,1
rw0341,2,1
rw0342,1,2
rw0343,0,1
rw0344,0,0
rw0345,1,1
rw0346,0,1
rw0347,2,0
rw0348,0,0
rw0349,0,8
rw0350,1,4
rw0351,2,9
rw0352,2,0
rw0353,2,2
rw0354,8,1
rw0355,4,0
rw0356,0,0
rw0357,0,0
rw0358,2,3
rw0359,1,3
rw0360,1,1
rw0361,1,0
rw0362,0,2
rw0363,2,0
rw0364,1,2
rw0365,0,1
rw0366,2,2
rw0367,1,0
rw0368,0,1
rw0369,0,1
rw0371,1,1
rw0372,0,5
rw0373,1,0
rw0375,2,2
rw0376,0,2
rw0377,1,0
rw0378,1,1
rw0379,0,1
rw0380,1,0
rw0381,0,0
rw0382,4,3
rw0383,2,0
rw0384,1,1
rw0387,0,1
rw0388,2,1
rw0389,2,8
rw0390,1,1
rw0391,0,1
rw0392,4,0
rw0393,0,0
rw0394,1,1
rw0395,1,0
rw0396,0,1
rw0397,1,2
rw0398,1,1
rw0399,0,0
rw0400,0,1
rw0401,1,1
rw0402,1,2
rw0403,0,1
rw0404,1,0
rw0405,0,0
rw0406,1,1
rw0407,1,0
rw0409,1,1
rw0411,4,0
rw0412,0,2
rw0413,1,1
rw0414,1,0
rw0415,0,0
rw0416,3,2
rw0417,0,1
rw0418,2,0
rw0419,1,0
rw0420,2,1
rw0421,2,1
rw0422,0,0
rw0423,0,1
rw0424,2,0
rw0425,1,1
rw0426,2,1
rw0427,1,1
rw0428,2,1
rw0429,2,0
rw0430,2,0
rw0431,1,2
rw0433,0,2
rw0434,1,1
rw0435,2,3
rw0436,1,0
rw0437,0,0
rw0438,0,0
rw0439,1,1
rw0440,2,3
rw0441,1,1
rw0442,1,0
rw0443,0,0
rw0444,0,0
rw0445,3,4
rw0448,1,1
rw0449,1,4
rw0450,2,1
rw0451,3,0
rw0452,1,0
rw0453,2,0
rw0454,1,1
rw0455,1,0
rw0456,1,0
rw0457,0,1
rw0458,0,0
rw0459,0,0
rw0460,0,5
rw0461,1,2
rw0462,1,0
rw0463,0,0
rw0464,1,1
rw0465,2,0
rw0466,2,0
rw0467,0,11
rw0468,0,0
rw0469,0,1
rw0470,3,0
rw0471,1,0
rw0472,1,1
rw0473,0,0
rw0474,2,1
rw0475,1,1
rw0476,1,1
rw0477,2,0
rw0478,0,1
rw0479,5,0
rw0480,2,1
rw0481,1,3
rw0482,1,0
rw0485,2,0
rw0486,2,0
rw0487,8,1
rw0488,3,1
rw0489,1,2
rw0490,1,0
rw0491,0,1
rw0492,1,2
rw0493,2,1
rw0494,0,3
rw0495,1,1
rw0496,1,0
rw0497,1,0
rw0498,0,0
rw0499,1,1
rw0500,0,0
rw0501,1,1
rw0502,1,1
rw0503,1,1
rw0504,0,1
rw0505,0,0
rw0506,2,0
rw0507,1,0
rw0508,3,0
rw0509,0,0
rw0510,1,0
rw0511,0,2
rw0512,1,1
rw0513,1,1
rw0514,3,0
rw0515,0,1
rw0516,2,1
rw0517,2,2
rw0518,1,1
rw0519,2,0
rw0520,4,6
rw0521,2,2
rw0522,1,0
rw0524,2,2
rw0525,0,0
rw0526,1,0
rw0527,0,7
rw0528,2,1
rw0529,0,0
rw0530,1,0
rw0531,3,1
rw0532,0,0
rw0533,1,2
rw0534,0,0
rw0535,0,2
rw0536,0,0
rw0537,0,0
rw0538,1,0
rw0539,2,1
rw0540,0,0
rw0541,3,0
rw0542,1,1
rw0543,0,0
rw0544,0,3
rw0545,0,0
rw0546,1,1
rw0547,0,0
rw0548,0,0
rw0549,0,0
rw0550,1,3
rw0551,1,2
rw0552,1,0
rw0553,1,0
rw0554,1,0
rw0555,0,2
rw0556,1,0
rw0557,2,2
rw0558,0,0
rw0559,0,1
rw0560,1,3
rw0561,0,1
rw0562,1,1
rw0564,3,0
rw0565,3,0
rw0566,1,0
rw0567,0,0
rw0568,1,0
rw0570,0,0
rw0571,2,2
rw0572,2,2
rw0573,1,1
rw0574,1,0
rw0575,0,0
rw0576,1,4
rw0577,0,1
rw0578,1,0
rw0579,1,0
rw0580,3,7
rw0581,4,0
rw0582,1,1
rw0583,0,0
rw0584,2,1
rw0586,0,0
rw0587,0,0
rw0588,1,1
rw0589,1,0
rw0590,2,1
rw0591,0,1
rw0592,1,0
rw0593,3,1
rw0594,1,1
rw0595,3,1
rw0596,1,0
rw0597,2,2
rw0598,1,0
rw0599,2,1
rw0600,1,1
rw0602,2,0
rw0603,0,0
rw0604,2,0
rw0605,1,1
rw0606,0,0
rw0607,0,1
rw0608,2,1
rw0609,0,0
rw0610,1,1
rw0611,2,1
rw0612,2,0
rw0613,0,0
rw0614,1,0
rw0615,0,0
rw0616,0,2
rw0617,1,0
rw0618,0,1
rw0619,1,0
rw0621,0,0
rw0622,0,0
rw0623,2,0
rw0624,1,2
rw0625,1,2
rw0626,0,2
rw0627,0,0
rw0628,1,0
rw0629,2,0
rw0630,2,3
rw0632,1,0
rw0633,0,2
rw0634,1,2
rw0635,1,0
rw0636,0,0
rw0637,0,0
rw0638,1,1
rw0639,2,1
rw0640,2,0
rw0641,2,0
rw0642,0,0
rw0643,2,1
rw0644,2,2
rw0645,0,1
rw0646,1,0
rw0647,0,1
rw0648,2,1
rw0649,2,1
rw0650,0,4
rw0651,1,1
rw0652,5,5
rw0653,7,3
rw0654,1,1
rw0655,0,0
rw0656,1,0
rw0657,1,1
rw0658,0,3
rw0659,1,0
rw0660,1,1
rw0661,1,1
rw0662,0,0
rw0663,1,1
rw0664,1,0
rw0665,1,0
rw0666,2,0
rw0667,0,0
rw0668,0,1
rw0669,0,3
rw0670,3,5
rw0671,0,2
rw0672,1,0
rw0673,2,0
rw0675,1,2
rw0676,4,2
rw0677,1,1
rw0678,2,1
rw0679,0,2
rw0680,0,2
rw0681,1,0
rw0682,1,0
rw0683,1,1
rw0684,0,1
rw0685,0,0
rw0686,1,0
rw0687,0,1
rw0688,1,0
rw0689,1,0
rw0690,1,2
rw0691,0,2
rw0692,2,6
rw0693,2,1
rw0694,0,0
rw0695,2,1
rw0696,4,1
rw0697,0,0
rw0698,2,0
rw0699,0,0
rw0700,2,0
rw0701,2,1
rw0702,0,1
rw0703,1,1
rw0704,4,3
rw0705,0,0
rw0706,1,1
rw0708,0,0
rw0709,1,1
rw0710,0,0
rw0711,1,0
rw0712,0,1
rw0713,2,3
rw0714,2,2
rw0715,0,2
rw0716,1,0
rw0717,1,1
rw0718,0,1
rw0719,0,0
rw0720,1,0
rw0721,0,1
rw0722,1,0
rw0723,1,0
rw0724,2,0
rw0725,1,0
rw0726,1,1
rw0727,2,1
rw0728,1,4
rw0729,2,1
rw0730,0,0
rw0731,0,0
rw0732,0,0
rw0733,2,1
rw0734,0,0
rw0735,1,2
rw0736,1,1
rw0737,0,0
rw0738,0,1
rw0739,2,1
rw0740,0,1
rw0741,0,0
rw0742,0,0
rw0743,1,1
rw0745,3,0
rw0746,2,2
rw0747,2,1
rw0748,0,1
rw0749,2,0
rw0750,0,0
rw0751,3,2
rw0752,1,0
rw0753,1,1
rw0754,0,0
rw0755,0,0
rw0756,2,0
rw0757,3,1
rw0758,1,1
rw0759,1,1
rw0761,1,1
rw0762,2,1
rw0763,2,1
rw0764,3,2
rw0765,0,2
rw0766,1,1
rw0767,1,1
rw0768,1,0
rw0769,1,0
rw0770,1,0
rw0771,1,0
rw0772,3,0
rw0773,1,0
rw0774,1,1
rw0775,0,2
rw0776,1,1
rw0777,0,1
rw0778,0,0
rw0779,0,3
rw0780,1,2
rw0781,0,0
rw0782,1,1
rw0783,2,2
rw0784,1,0
rw0785,1,2
rw0786,0,0
rw0787,1,0
rw0788,2,2
rw0789,1,0
rw0790,1,0
rw0791,1,1
rw0792,3,1
rw0793,1,3
rw0794,0,0
rw0796,1,1
rw0797,3,0
rw0798,0,2
rw0799,0,5
rw0800,1,1
rw0801,1,0
rw0802,2,1
rw0803,2,2
rw0804,1,1
rw0805,1,2
rw0806,0,0
rw0807,1,2
rw0808,0,0
rw0809,1,2
rw0810,0,1
rw0811,0,1
rw0812,2,0
rw0813,0,1
rw0814,5,0
rw0815,3,3
rw0816,0,0
rw0817,1,0
rw0818,0,1
rw0819,0,3
rw0820,3,2
rw0821,1,0
rw0823,1,1
rw0824,1,1
rw0825,1,0
rw0826,0,0
rw0827,0,1
rw0829,2,0
rw0830,1,1
rw0831,0,0
rw0832,1,2
rw0833,0,0
rw0834,0,3
rw0835,1,0
rw0836,1,1
rw0837,2,1
rw0838,0,2
rw0839,2,0
rw0840,3,3
rw0841,1,0
rw0842,1,1
rw0843,0,0
rw0844,0,1
rw0845,5,0
rw0846,1,1
rw0847,0,0
rw0848,1,1
rw0849,2,8
rw0850,2,2
rw0851,4,1
rw0852,0,0
rw0853,1,1
rw0854,0,1
rw0855,2,1
rw0856,1,0
rw0857,1,2
rw0858,1,0
rw0859,0,0
rw0860,1,2
rw0861,1,1
rw0862,2,1
rw0863,1,0
rw0864,1,0
rw0865,0,1
rw0866,1,1
rw0867,2,3
rw0868,0,1
rw0869,2,3
rw0870,0,1
rw0871,0,0
rw0872,2,0
rw0873,0,0
rw0874,1,0
rw0875,0,1
rw0876,1,0
rw0877,2,0
rw0878,0,0
rw0879,1,1
rw0880,1,0
rw0881,0,2
rw0882,4,4
rw0883,1,1
rw0884,0,2
rw0885,1,1
rw0886,0,0
rw0887,1,5
rw0888,1,1
rw0889,1,1
rw0890,1,1
rw0891,1,2
rw0892,0,1
rw0893,3,0
rw0894,1,1
rw0895,1,0
rw0896,2,0
rw0898,2,0
rw0899,3,1
rw0900,1,1
rw0901,2,2
rw0902,2,4
rw0903,2,2
rw0904,2,0
rw0905,0,2
rw0906,1,0
rw0907,1,0
rw0908,2,1
rw0909,0,0
rw0910,1,1
rw0911,0,2
rw0912,1,0
rw0913,2,2
rw0914,2,0
rw0915,2,6
rw0916,0,1
rw0917,5,0
rw0918,0,1
rw0919,2,4
rw0920,0,0
rw0921,1,1
rw0922,3,0
rw0923,1,0
rw0924,0,0
rw0925,1,2
rw0926,2,5
rw0927,2,2
rw0928,1,0
rw0929,0,0
rw0930,1,1
rw0931,0,2
rw0932,1,1
rw0933,2,1
rw0934,3,0
rw0935,1,0
rw0936,1,0
rw0937,0,2
rw0938,1,0
rw0939,0,2
rw0940,2,1
rw0941,1,1
rw0942,1,2
rw0943,0,0
rw0944,2,3
rw0945,1,2
rw0946,0,0
rw0947,2,0
rw0948,1,1
rw0949,0,2
rw0950,2,1
rw0951,1,1
rw0952,2,1
rw0953,0,0
rw0954,4,2
rw0955,3,7
rw0956,0,0
rw0957,2,0
rw0958,1,1
rw0959,1,0
rw0960,2,0
rw0961,1,0
rw0962,3,2
rw0963,2,1
rw0964,2,0
rw0965,0,3
rw0966,0,1
rw0967,4,0
rw0968,1,2
rw0970,1,4
rw0971,0,0
rw0972,1,1
rw0973,3,0
rw0974,0,0
rw0975,1,1
rw0976,1,1
rw0978,1,0
rw0979,6,1
rw0980,1,0
rw0981,2,1
rw0982,0,1
rw0983,1,2
rw0984,1,0
rw0985,0,0
rw0986,0,0
rw0987,1,2
rw0988,1,1
rw0989,1,0
rw0990,1,3
rw0991,0,0
rw0992,3,2
rw0993,0,0
rw0994,2,6
rw0995,1,0
rw0996,0,1
rw0997,1,3
rw0998,0,1
rw0999,0,1
rw1000,2,0
rw10000,2,1
rw10001,1,1
rw10002,0,0
rw10003,3,1
rw10004,3,2
rw10005,0,0
rw10006,2,0
rw10007,2,2
rw10008,0,0
rw10009,2,1
rw1001,0,1
rw10010,4,0
rw10011,1,1
rw10012,2,1
rw10013,1,3
rw10014,1,1
rw10015,0,1
rw10016,0,1
rw10017,0,0
rw10018,2,0
rw10019,1,0
rw1002,0,0
rw10020,1,1
rw10021,2,1
rw10022,3,1
rw10023,1,0
rw10024,0,0
rw10025,1,0
rw10026,1,0
rw10027,1,0
rw10028,5,2
rw10029,0,0
rw1003,1,4
rw10030,1,0
rw10031,2,1
rw10032,1,0
rw10033,3,0
rw10034,0,0
rw10035,1,0
rw10036,2,1
rw10037,1,0
rw10038,3,1
rw10039,1,0
rw1004,2,0
rw10040,3,2
rw10041,2,1
rw10042,0,0
rw10043,1,0
rw10044,2,0
rw10045,0,1
rw10046,0,0
rw10047,2,1
rw10048,2,0
rw10049,1,1
rw1005,1,2
rw10050,1,1
rw10051,1,2
rw10052,2,1
rw10053,3,2
rw10054,1,0
rw10055,0,1
rw10056,2,3
rw10057,0,2
rw10058,0,1
rw10059,1,1
rw1006,1,0
rw10060,1,2
rw10061,3,0
rw10062,1,0
rw10063,2,0
rw10064,1,0
rw10065,0,0
rw10066,0,1
rw10067,4,0
rw10068,2,0
rw10069,0,1
rw1007,0,1
rw10070,0,5
rw10071,0,0
rw10072,0,2
rw10073,1,0
rw10074,1,1
rw10075,1,1
rw10076,2,0
rw10077,1,0
rw10078,1,1
rw10079,3,0
rw1008,0,0
rw10080,0,0
rw10081,0,0
rw10082,1,4
rw10083,2,0
rw10084,1,0
rw10085,1,0
rw10086,0,1
rw10087,0,0
rw10088,1,0
rw10089,1,1
rw1009,1,1
rw10090,0,1
rw10091,0,0
rw10092,3,1
rw10093,1,7
rw10094,3,1
rw10095,1,1
rw10096,0,6
rw10097,1,0
rw10098,1,1
rw10099,3,2
rw1010,1,0
rw10100,2,1
rw10101,0,1
rw10102,1,1
rw10103,1,1
rw10104,2,0
rw10105,0,0
rw10106,3,1
rw10107,1,0
rw10108,0,1
rw10109,0,0
rw1011,1,0
rw10110,1,0
rw10111,0,1
rw10112,2,0
rw10113,2,2
rw10114,1,0
rw10115,1,0
rw10116,1,0
rw10117,2,1
rw10118,2,3
rw10119,1,0
rw1012,0,0
rw10120,0,2
rw10121,0,2
rw10122,1,1
rw10123,0,2
rw10124,1,0
rw10125,0,0
rw10126,2,0
rw10127,1,0
rw10128,1,0
rw10129,2,1
rw1013,0,2
rw10130,1,0
rw10131,0,1
rw10132,0,0
rw10133,1,0
rw10134,1,0
rw10135,1,0
rw10136,0,0
rw10137,1,0
rw10138,1,1
rw10139,3,0
rw1014,10,4
rw10140,1,3
rw10141,0,0
rw10142,0,0
rw10143,1,1
rw10144,2,0
rw10145,1,1
rw10146,0,0
rw10147,0,0
rw10149,1,1
rw1015,1,0
rw10150,2,1
rw10151,0,0
rw10152,1,1
rw10153,1,2
rw10154,5,1
rw10155,4,2
rw10156,1,0
rw10157,0,0
rw10158,2,1
rw10159,2,1
rw10160,1,0
rw10161,0,0
rw10162,0,0
rw10163,0,0
rw10164,3,2
rw10165,1,0
rw10167,1,0
rw10168,1,3
rw10169,1,0
rw1017,1,0
rw10170,1,3
rw10171,1,0
rw10172,0,0
rw10173,3,0
rw10174,2,1
rw10175,1,3
rw10176,2,0
rw10177,1,6
rw10178,2,1
rw10179,1,1
rw1018,0,0
rw10180,2,1
rw10181,1,0
rw10182,1,0
rw10183,1,0
rw10184,2,0
rw10185,1,1
rw10186,0,0
rw10187,2,2
rw10188,0,1
rw10189,1,0
rw1019,1,3
rw10190,3,0
rw10191,0,0
rw10192,2,2
rw10193,1,0
rw10194,1,0
rw10195,3,0
rw10197,5,0
rw10198,1,0
rw10199,1,0
rw1020,3,1
rw10200,3,0
rw10202,0,0
rw10203,0,1
rw10204,3,1
rw10205,1,1
rw10206,1,1
rw10207,5,1
rw10208,0,2
rw10209,1,1
rw1021,3,1
rw10211,1,0
rw10212,0,1
rw10213,4,1
rw10214,2,0
rw10215,2,1
rw10216,1,0
rw10217,0,0
rw10218,2,2
rw10219,1,0
rw1022,0,1
rw10220,0,0
rw10221,1,1
rw10222,0,0
rw10223,1,0
rw10224,2,1
rw10225,1,0
rw10226,2,0
rw10227,0,5
rw10229,0,0
rw1023,2,0
rw10230,0,1
rw10231,0,0
rw10232,1,0
rw10234,1,1
rw10235,1,0
rw10236,1,1
rw10237,5,2
rw10238,0,0
rw10239,1,0
rw1024,1,1
rw10240,0,0
rw10241,0,2
rw10242,0,0
rw10243,1,0
rw10244,1,3
rw10245,0,0
rw10246,2,6
rw10248,1,0
rw1025,0,1
rw10250,2,2
rw10252,0,4
rw10253,1,0
rw10254,1,0
rw10255,2,4
rw10256,0,0
rw10257,1,2
rw10258,0,1
rw10259,1,0
rw1026,0,0
rw10260,0,0
rw10261,2,0
rw10262,2,1
rw10263,0,4
rw10264,0,1
rw10266,2,0
rw10267,0,0
rw10268,3,0
rw10269,0,1
rw1027,1,0
rw10270,1,0
rw10271,6,2
rw10272,0,2
rw10273,4,1
rw10274,0,0
rw10275,1,0
rw10276,2,1
rw10277,1,0
rw10278,2,2
rw10279,1,0
rw1028,1,2
rw10280,2,0
rw10281,1,1
rw10282,1,0
rw10283,2,0
rw10284,3,2
rw10285,3,0
rw10286,1,2
rw10287,5,3
rw10288,1,1
rw10289,2,0
rw1029,1,1
rw10290,2,1
rw10291,1,1
rw10292,0,0
rw10293,0,0
rw10294,3,2
rw10295,1,1
rw10297,3,3
rw10298,3,1
rw10299,1,0
rw1030,1,0
rw10300,1,0
rw10301,0,2
rw10302,2,0
rw10303,1,1
rw10304,2,0
rw10305,1,1
rw10306,2,0
rw10307,1,0
rw10308,1,0
rw10309,1,0
rw1031,4,2
rw10310,3,1
rw10311,2,0
rw10312,1,1
rw10313,2,1
rw10314,0,0
rw10315,2,1
rw10316,2,0
rw10318,0,3
rw10319,0,0
rw1032,1,0
rw10320,2,1
rw10322,1,3
rw10323,2,0
rw10324,1,0
rw10325,2,0
rw10326,1,0
rw10327,2,1
rw10329,0,0
rw1033,1,2
rw10330,1,2
rw10331,0,1
rw10332,0,1
rw10333,3,0
rw10334,2,0
rw10335,2,0
rw10336,1,2
rw10337,1,0
rw10338,1,1
rw10339,3,0
rw1034,2,0
rw10340,2,0
rw10341,2,0
rw10342,1,1
rw10343,0,1
rw10344,0,4
rw10345,0,0
rw10346,1,0
rw10347,0,0
rw10348,3,1
rw10349,5,2
rw1035,0,3
rw10350,4,1
rw10352,1,2
rw10353,1,0
rw10354,0,1
rw10356,0,1
rw10357,1,2
rw10358,3,0
rw10359,1,0
rw1036,2,2
rw10360,0,0
rw10361,2,2
rw10362,0,1
rw10363,1,1
rw10364,3,0
rw10365,1,3
rw10366,0,1
rw10368,1,2
rw10369,0,1
rw1037,1,0
rw10370,0,0
rw10371,3,3
rw10372,1,0
rw10373,2,0
rw10374,1,0
rw10375,2,1
rw10377,1,1
rw10378,1,1
rw10379,1,2
rw1038,0,0
rw10380,2,0
rw10381,0,1
rw10382,2,1
rw10383,1,1
rw10384,1,0
rw10385,0,1
rw10386,0,0
rw10387,1,0
rw10388,2,4
rw10389,1,0
rw1039,2,0
rw10390,2,4
rw10391,1,1
rw10392,1,1
rw10393,3,0
rw10394,2,0
rw10395,0,0
rw10396,1,2
rw10397,0,2
rw10398,1,0
rw10399,3,1
rw1040,1,0
rw10400,1,0
rw10401,1,2
rw10402,1,0
rw10403,1,3
rw10404,1,1
rw10405,3,1
rw10406,1,1
rw10407,0,0
rw10408,0,6
rw10409,1,0
rw1041,1,1
rw10410,1,0
rw10411,3,1
rw10412,3,1
rw10413,0,1
rw10414,2,1
rw10415,2,1
rw10416,4,2
rw10417,1,0
rw10418,3,0
rw10419,1,0
rw1042,1,0
rw10420,0,0
rw10421,1,1
rw10422,0,0
rw10423,1,0
rw10424,1,1
rw10425,1,0
rw10427,1,0
rw10428,0,3
rw10429,1,0
rw1043,1,1
rw10430,0,1
rw10431,3,1
rw10432,2,0
rw10433,0,1
rw10434,2,0
rw10435,0,1
rw10436,0,1
rw10437,0,1
rw10438,1,0
rw10439,0,0
rw1044,0,1
rw10440,1,0
rw10441,1,1
rw10442,0,2
rw10443,3,1
rw10445,0,0
rw10446,2,2
rw10447,3,4
rw10448,1,0
rw10449,1,1
rw1045,0,1
rw10450,0,1
rw10451,2,1
rw10452,3,1
rw10453,0,3
rw10454,1,1
rw10455,2,1
rw10456,1,1
rw10457,4,1
rw10459,1,2
rw1046,1,0
rw10460,0,0
rw10461,2,1
rw10462,2,1
rw10463,1,1
rw10464,0,0
rw10465,2,0
rw10466,1,2
rw10467,2,0
rw10468,0,0
rw10469,2,1
rw10470,0,1
rw10471,1,1
rw10472,0,1
rw10473,2,0
rw10474,2,0
rw10475,1,0
rw10476,0,1
rw10477,1,1
rw10478,0,0
rw10479,1,1
rw1048,2,0
rw10480,1,1
rw10481,0,0
rw10482,3,0
rw10483,0,0
rw10484,1,0
rw10485,0,0
rw10486,2,3
rw10487,1,2
rw10489,1,2
rw1049,0,4
rw10490,1,0
rw10491,2,0
rw10492,2,2
rw10493,0,1
rw10494,0,0
rw10496,0,1
rw10497,2,0
rw10498,3,0
rw10499,1,1
rw1050,3,2
rw10500,2,0
rw10501,4,2
rw10502,2,3
rw10503,2,0
rw10504,1,1
rw10505,3,0
rw10506,1,1
rw10507,0,0
rw10508,0,1
rw1051,1,2
rw10510,1,0
rw10511,2,1
rw10512,5,1
rw10513,1,1
rw10514,2,0
rw10515,1,0
rw10516,1,0
rw10517,2,0
rw10518,2,0
rw10519,1,0
rw1052,3,0
rw10520,0,2
rw10521,1,1
rw10522,0,1
rw10523,2,0
rw10524,0,0
rw10525,2,1
rw10526,0,0
rw10527,1,0
rw10528,3,1
rw10529,2,0
rw1053,2,1
rw10530,1,1
rw10531,1,1
rw10532,0,0
rw10533,1,0
rw10534,1,0
rw10535,1,2
rw10537,0,0
rw10538,1,0
rw10539,1,0
rw1054,0,0
rw10540,2,1
rw10541,0,0
rw10542,1,1
rw10543,0,0
rw10544,0,1
rw10545,2,0
rw10546,3,1
rw10547,2,1
rw10548,0,2
rw10549,0,0
rw1055,3,1
rw10550,1,0
rw10551,0,0
rw10552,0,2
rw10553,4,2
rw10555,2,0
rw10556,1,1
rw10557,0,3
rw10558,0,1
rw10559,1,1
rw1056,0,1
rw10562,0,0
rw10563,0,0
rw10564,1,0
rw10565,2,0
rw10566,0,1
rw10567,1,0
rw10568,2,6
rw10569,1,1
rw1057,3,2
rw10570,2,1
rw10571,0,0
rw10573,1,0
rw10574,0,1
rw10575,0,1
rw10576,2,0
rw10577,1,0
rw10578,2,0
rw10579,1,1
rw1058,1,1
rw10580,0,0
rw10581,1,0
rw10582,2,0
rw10583,0,0
rw10584,0,4
rw10585,1,0
rw10587,0,1
rw10588,0,0
rw10589,3,1
rw1059,3,0
rw10590,2,0
rw10591,2,2
rw10592,2,1
rw10593,2,1
rw10594,1,0
rw10595,2,1
rw10596,1,0
rw10597,5,2
rw10598,2,3
rw1060,1,0
rw10600,0,4
rw10601,0,1
rw10602,0,2
rw10603,0,0
rw10604,0,1
rw10605,0,1
rw10606,2,1
rw10607,0,0
rw10608,1,1
rw10609,2,1
rw1061,1,0
rw10610,1,1
rw10611,2,1
rw10612,1,1
rw10613,1,2
rw10614,1,0
rw10615,0,1
rw10616,1,0
rw10617,2,1
rw10618,1,0
rw10619,2,0
rw1062,0,1
rw10620,0,0
rw10621,1,0
rw10622,1,2
rw10623,1,0
rw10624,0,1
rw10625,2,0
rw10627,3,0
rw10628,3,0
rw10629,1,0
rw1063,1,1
rw10630,3,0
rw10631,3,1
rw10632,0,1
rw10633,1,0
rw10634,1,1
rw10635,3,0
rw10636,0,1
rw10637,0,0
rw10638,2,1
rw10639,1,1
rw1064,1,2
rw10640,2,0
rw10641,1,1
rw10642,0,0
rw10643,2,0
rw10644,2,0
rw10645,2,0
rw10646,0,0
rw10647,2,0
rw10648,0,0
rw10649,1,1
rw1065,1,2
rw10650,1,1
rw10651,2,0
rw10652,0,1
rw10653,4,0
rw10654,0,2
rw10655,2,2
rw10656,1,0
rw10657,0,1
rw10658,2,0
rw10659,2,1
rw1066,0,0
rw10660,2,0
rw10661,1,0
rw10662,2,2
rw10663,0,2
rw10664,1,1
rw10665,0,1
rw10666,3,0
rw10667,1,0
rw10669,0,3
rw1067,0,0
rw10670,1,0
rw10671,0,0
rw10672,0,0
rw10673,1,0
rw10674,1,0
rw10675,3,1
rw10676,1,1
rw10677,0,0
rw10678,0,0
rw10679,0,0
rw1068,0,0
rw10680,1,2
rw10681,2,0
rw10682,1,1
rw10683,0,0
rw10684,1,0
rw10685,1,1
rw10686,1,0
rw10687,1,1
rw10688,1,0
rw10689,0,1
rw1069,0,1
rw10690,1,0
rw10691,1,2
rw10692,1,0
rw10693,0,0
rw10694,0,0
rw10695,0,0
rw10696,0,0
rw10697,1,0
rw10698,1,1
rw10699,0,1
rw1070,2,3
rw10700,1,0
rw10701,1,1
rw10702,1,2
rw10703,2,1
rw10704,1,1
rw10705,2,0
rw10707,0,0
rw10708,1,1
rw10709,2,1
rw1071,2,1
rw10710,1,1
rw10711,0,0
rw10712,1,0
rw10713,1,1
rw10714,1,0
rw10716,2,1
rw10717,2,1
rw10718,0,2
rw10719,0,1
rw1072,1,2
rw10720,5,0
rw10721,2,1
rw10722,2,4
rw10723,1,0
rw10724,0,0
rw10725,1,1
rw10726,1,0
rw10727,1,0
rw10728,0,2
rw1073,0,1
rw10730,1,1
rw10731,3,0
rw10732,2,1
rw10733,1,1
rw10734,1,0
rw10735,0,0
rw10736,1,0
rw10737,1,0
rw10738,1,1
rw10739,1,1
rw1074,2,1
rw10740,0,0
rw10741,3,1
rw10742,2,0
rw10743,0,1
rw10744,0,1
rw10745,1,0
rw10746,0,0
rw10747,1,1
rw10748,1,0
rw10749,0,0
rw1075,0,1
rw10750,0,0
rw10751,1,1
rw10752,1,2
rw10753,1,0
rw10754,1,2
rw10755,1,0
rw10756,1,1
rw10757,1,1
rw10758,1,0
rw10759,1,1
rw1076,0,4
rw10760,3,0
rw10761,2,0
rw10762,0,0
rw10763,1,0
rw10764,1,0
rw10765,1,1
rw10766,1,1
rw10767,2,0
rw10769,0,0
rw1077,1,2
rw10770,0,1
rw10771,3,0
rw10772,0,0
rw10773,0,0
rw10774,1,4
rw10775,2,1
rw10776,1,2
rw10777,1,1
rw10778,0,1
rw10779,1,2
rw1078,1,2
rw10780,2,0
rw10781,1,2
rw10782,2,0
rw10783,1,0
rw10784,0,0
rw10785,0,0
rw10786,2,1
rw10787,2,2
rw10788,1,0
rw10789,0,1
rw1079,0,0
rw10790,1,0
rw10791,3,4
rw10792,2,1
rw10793,2,4
rw10794,0,0
rw10795,0,1
rw10796,1,0
rw10797,0,0
rw10798,1,1
rw10799,4,2
rw1080,0,1
rw10800,3,0
rw10801,1,1
rw10802,0,0
rw10803,1,1
rw10805,0,0
rw10806,0,2
rw10807,0,1
rw10808,1,0
rw10809,1,0
rw1081,1,1
rw10810,0,0
rw10811,0,1
rw10812,0,0
rw10813,2,1
rw10814,2,1
rw10815,1,0
rw10817,1,0
rw10818,0,0
rw10819,2,1
rw1082,0,1
rw10820,5,2
rw10821,1,0
rw10822,3,1
rw10823,0,1
rw10825,0,0
rw10827,0,6
rw10828,7,2
rw10829,2,1
rw1083,1,1
rw10830,3,0
rw10831,1,0
rw10832,3,0
rw10833,0,0
rw10834,1,4
rw10835,0,1
rw10836,1,0
rw10837,3,0
rw10838,2,1
rw10839,1,0
rw1084,3,1
rw10841,1,0
rw10842,0,0
rw10843,1,0
rw10844,0,1
rw10845,2,0
rw10846,2,0
rw10847,1,1
rw10848,0,0
rw10849,0,1
rw1085,0,3
rw10850,3,2
rw10851,1,1
rw10852,1,0
rw10853,0,0
rw10854,1,1
rw10855,2,0
rw10856,2,2
rw10857,3,1
rw10858,1,0
rw10859,0,1
rw1086,1,0
rw10860,1,1
rw10861,1,0
rw10862,0,0
rw10863,2,3
rw10864,1,0
rw10865,1,0
rw10866,3,1
rw10867,2,2
rw10868,2,0
rw10869,2,3
rw1087,0,0
rw10870,1,0
rw10871,1,0
rw10872,1,0
rw10873,0,0
rw10874,0,2
rw10875,0,0
rw10876,0,0
rw10877,1,1
rw10878,0,1
rw10879,2,0
rw1088,1,0
rw10880,2,2
rw10881,2,0
rw10882,1,1
rw10883,2,1
rw10884,1,1
rw10885,1,0
rw10886,3,1
rw10887,0,0
rw10888,1,0
rw10889,3,0
rw1089,0,0
rw10890,2,2
rw10891,1,0
rw10892,0,1
rw10893,4,2
rw10894,3,2
rw10895,0,1
rw10896,2,1
rw10897,1,0
rw10898,0,1
rw10899,0,0
rw1090,0,0
rw10900,3,1
rw10901,1,0
rw10902,1,0
rw10903,2,0
rw10904,0,1
rw10905,1,1
rw10906,1,1
rw10907,1,1
rw10908,1,0
rw10909,2,0
rw1091,2,1
rw10910,1,1
rw10911,1,0
rw10912,0,2
rw10914,0,0
rw10915,0,0
rw10916,0,1
rw10917,1,0
rw10918,1,0
rw10919,4,0
rw1092,3,2
rw10920,2,2
rw10921,2,2
rw10922,0,0
rw10923,1,1
rw10924,1,1
rw10925,3,1
rw10926,1,1
rw10927,1,1
rw10928,1,1
rw10929,3,0
rw1093,2,0
rw10931,2,0
rw10932,1,0
rw10933,0,0
rw10934,1,1
rw10935,1,0
rw10936,0,0
rw10937,2,0
rw10938,0,0
rw10939,1,0
rw1094,0,0
rw10940,1,2
rw10941,2,0
rw10942,0,0
rw10943,2,1
rw10944,2,2
rw10946,1,0
rw10947,2,1
rw10948,1,1
rw10949,0,0
rw1095,0,2
rw10950,0,1
rw10951,1,0
rw10952,1,0
rw10953,1,0
rw10954,3,0
rw10955,1,2
rw10956,0,2
rw10957,2,1
rw10958,0,1
rw10959,0,3
rw1096,2,2
rw10960,1,0
rw10961,0,1
rw10962,1,5
rw10963,0,0
rw10964,0,0
rw10965,1,0
rw10966,2,0
rw10967,0,0
rw10968,0,1
rw10969,0,1
rw1097,1,0
rw10970,1,1
rw10971,0,0
rw10972,3,2
rw10973,1,0
rw10974,0,0
rw10975,2,1
rw10976,6,2
rw10977,1,1
rw10978,0,5
rw10979,2,4
rw1098,0,1
rw10980,2,1
rw10981,1,0
rw10982,1,1
rw10983,2,0
rw10984,0,0
rw10985,1,0
rw10986,0,1
rw10987,0,0
rw10988,0,0
rw10989,2,1
rw1099,1,0
rw10990,0,2
rw10991,0,0
rw10992,0,0
rw10993,3,0
rw10994,1,1
rw10995,1,0
rw10996,4,2
rw10997,2,1
rw10998,3,0
rw10999,0,1
rw1100,2,0
rw11000,0,1
rw11001,2,0
rw11002,0,1
rw11003,1,2
rw11004,3,1
rw11005,2,1
rw11006,2,2
rw11007,1,0
rw11008,1,0
rw11009,1,0
rw1101,3,2
rw11010,1,2
rw11011,2,0
rw11012,1,0
rw11013,2,1
rw11015,2,0
rw11016,1,0
rw11017,2,1
rw11018,0,1
rw11019,1,0
rw1102,2,0
rw11020,3,1
rw11021,1,0
rw11022,0,1
rw11023,0,0
rw11024,1,0
rw11025,2,2
rw11026,3,0
rw11027,2,1
rw11028,0,0
rw11029,1,0
rw1103,1,0
rw11030,2,0
rw11031,0,0
rw11032,0,1
rw11033,1,0
rw11034,0,0
rw11035,1,2
rw11036,0,0
rw11037,1,0
rw11038,1,0
rw11039,0,1
rw1104,1,1
rw11040,2,0
rw11041,3,0
rw11042,0,0
rw11043,0,1
rw11044,1,0
rw11045,1,2
rw11046,1,2
rw11047,1,3
rw11048,3,3
rw11049,1,0
rw11050,0,1
rw11051,0,0
rw11052,0,0
rw11053,3,0
rw11054,1,0
rw11055,3,0
rw11056,0,0
rw11057,1,3
rw11058,2,0
rw11059,1,0
rw1106,2,0
rw11060,2,2
rw11061,2,2
rw11062,0,1
rw11063,1,0
rw11064,1,0
rw11065,1,1
rw11066,0,0
rw11067,0,0
rw11068,0,0
rw11069,0,5
rw11070,2,0
rw11071,0,2
rw11072,0,0
rw11073,1,0
rw11074,0,1
rw11075,1,2
rw11076,0,0
rw11077,5,1
rw11078,0,0
rw11079,1,0
rw1108,0,1
rw11080,0,1
rw11081,4,1
rw11082,0,0
rw11083,1,0
rw11084,0,0
rw11085,1,1
rw11086,1,2
rw11087,1,0
rw11088,1,0
rw1109,3,1
rw11090,2,0
rw11091,1,1
rw11092,1,2
rw11093,0,1
rw11094,2,0
rw11095,1,1
rw11096,1,0
rw11097,1,0
rw11098,2,0
rw11099,1,1
rw1110,2,0
rw11100,0,0
rw11101,2,3
rw11102,0,1
rw11103,0,0
rw11104,3,0
rw11105,2,0
rw11107,1,0
rw11108,0,1
rw11109,2,2
rw1111,0,1
rw11110,1,0
rw11111,0,1
rw11112,2,1
rw11113,1,1
rw11114,2,0
rw11115,2,1
rw11116,2,2
rw11117,2,2
rw11118,2,0
rw11119,2,1
rw1112,2,0
rw11120,2,0
rw11121,1,2
rw11122,1,0
rw11124,0,1
rw11125,2,6
rw11127,3,1
rw11128,1,0
rw11129,1,0
rw1113,4,1
rw11130,1,3
rw11131,1,0
rw11132,0,0
rw11133,1,0
rw11134,1,0
rw11135,1,1
rw11136,2,1
rw11137,1,1
rw11138,1,1
rw11139,1,0
rw1114,1,0
rw11140,3,0
rw11141,0,0
rw11142,0,0
rw11143,0,0
rw11144,0,7
rw11145,0,2
rw11146,1,1
rw11147,1,0
rw11148,0,1
rw11149,1,0
rw1115,0,1
rw11150,1,0
rw11151,0,0
rw11152,2,0
rw11153,0,3
rw11154,1,0
rw11155,1,0
rw11156,4,0
rw11157,1,0
rw11158,1,2
rw11159,1,2
rw1116,0,2
rw11160,1,1
rw11161,1,0
rw11162,0,2
rw11163,2,0
rw11164,0,1
rw11165,2,1
rw11166,1,0
rw11167,0,1
rw11168,2,1
rw11169,1,0
rw1117,1,0
rw11170,0,0
rw11171,3,1
rw11172,0,0
rw11173,1,0
rw11174,0,0
rw11175,1,1
rw11176,0,0
rw11177,1,2
rw11178,2,0
rw11179,2,1
rw1118,1,0
rw11180,0,1
rw11181,1,1
rw11182,0,0
rw11183,2,1
rw11185,2,0
rw11186,1,0
rw11188,0,0
rw11189,1,0
rw1119,1,0
rw11190,1,0
rw11191,0,2
rw11192,0,1
rw11194,2,0
rw11195,1,0
rw11196,2,1
rw11197,0,1
rw11198,2,0
rw11199,2,2
rw1120,1,4
rw11200,1,1
rw11201,2,0
rw11202,1,0
rw11203,0,1
rw11204,1,0
rw11205,3,0
rw11206,0,0
rw11207,1,1
rw11208,0,1
rw11209,1,1
rw1121,0,0
rw11210,0,0
rw11211,1,0
rw11212,2,0
rw11213,2,0
rw11214,2,0
rw11215,0,0
rw11216,1,0
rw11217,0,1
rw11218,3,3
rw11219,1,0
rw1122,3,0
rw11220,1,0
rw11221,1,1
rw11222,2,16
rw11223,2,0
rw11224,1,3
rw11225,1,2
rw11226,1,2
rw11227,1,0
rw11228,0,2
rw11229,2,0
rw1123,5,16
rw11230,0,0
rw11231,2,1
rw11232,1,0
rw11233,3,1
rw11234,2,2
rw11235,2,0
rw11236,0,0
rw11237,2,1
rw11238,0,0
rw11239,3,1
rw1124,2,2
rw11240,2,3
rw11242,3,0
rw11243,1,3
rw11244,1,1
rw11245,3,0
rw11246,2,2
rw11247,1,1
rw11248,1,0
rw11249,1,1
rw1125,1,0
rw11250,4,1
rw11251,0,2
rw11252,1,1
rw11253,1,1
rw11255,0,1
rw11256,1,0
rw11257,2,0
rw11258,2,1
rw11259,1,0
rw11260,2,1
rw11261,0,0
rw11262,3,1
rw11263,1,0
rw11264,5,2
rw11265,1,0
rw11266,0,0
rw11268,1,1
rw11269,2,2
rw1127,2,0
rw11270,0,0
rw11271,2,3
rw11272,2,3
rw11273,4,8
rw11274,1,1
rw11275,0,0
rw11276,1,0
rw11277,2,0
rw11278,1,2
rw11279,3,1
rw1128,1,0
rw11280,0,0
rw11281,1,0
rw11282,2,1
rw11283,3,2
rw11284,2,2
rw11285,1,0
rw11286,2,1
rw11287,1,2
rw11288,1,0
rw11289,1,1
rw1129,1,0
rw11290,3,1
rw11291,1,1
rw11292,1,2
rw11293,0,1
rw11294,1,1
rw11295,0,0
rw11296,2,0
rw11297,1,0
rw11298,3,1
rw11299,1,4
rw1130,1,0
rw11300,1,0
rw11301,1,0
rw11302,4,2
rw11303,0,1
rw11304,1,0
rw11305,3,0
rw11306,0,2
rw11307,1,4
rw11308,4,0
rw11309,0,0
rw1131,1,2
rw11311,1,0
rw11312,1,0
rw11313,0,0
rw11315,1,1
rw11316,1,0
rw11317,3,0
rw11319,2,0
rw1132,1,0
rw11320,1,1
rw11321,0,0
rw11322,2,1
rw11323,1,0
rw11324,0,1
rw11325,2,1
rw11326,0,1
rw11327,1,0
rw11328,2,1
rw11329,1,0
rw1133,0,4
rw11330,0,1
rw11331,1,4
rw11332,3,2
rw11333,0,1
rw11334,2,0
rw11335,1,1
rw11336,1,0
rw11337,0,1
rw11339,2,1
rw1134,2,1
rw11340,1,1
rw11342,0,1
rw11343,0,0
rw11344,0,0
rw11345,2,1
rw11346,3,0
rw11347,2,0
rw11348,4,2
rw11349,0,0
rw1135,1,0
rw11350,2,0
rw11352,1,1
rw11353,1,0
rw11354,0,0
rw11355,0,0
rw11356,1,1
rw11357,1,1
rw11358,0,0
rw11359,2,1
rw1136,1,0
rw11360,4,2
rw11361,4,1
rw11362,3,3
rw11363,0,0
rw11364,0,1
rw11365,0,0
rw11366,0,3
rw11367,0,0
rw11368,0,1
rw11369,0,0
rw11370,1,1
rw11371,3,7
rw11372,0,0
rw11373,0,0
rw11374,1,1
rw11375,2,0
rw11376,1,1
rw11377,0,1
rw11378,0,1
rw11379,1,0
rw1138,1,0
rw11380,2,1
rw11381,0,1
rw11382,0,0
rw11383,0,1
rw11384,2,0
rw11385,1,5
rw11386,5,2
rw11387,1,1
rw11388,8,4
rw11389,0,0
rw11390,1,7
rw11391,1,4
rw11392,1,0
rw11393,2,1
rw11394,0,1
rw11395,0,2
rw11396,0,1
rw11397,2,0
rw11398,1,2
rw11399,0,1
rw1140,0,0
rw11400,1,0
rw11401,0,0
rw11402,4,2
rw11403,2,1
rw11404,1,0
rw11406,0,0
rw11407,1,2
rw11408,2,0
rw11409,2,8
rw1141,2,2
rw11410,0,1
rw11411,4,0
rw11413,1,1
rw11414,1,1
rw11415,2,0
rw11416,1,2
rw11417,3,5
rw11418,1,1
rw11419,1,1
rw1142,2,0
rw11420,0,0
rw11421,1,0
rw11422,0,2
rw11423,1,0
rw11424,1,0
rw11425,0,1
rw11426,1,1
rw11427,4,4
rw11428,0,0
rw11429,1,2
rw1143,0,0
rw11430,0,0
rw11432,2,0
rw11433,2,0
rw11434,0,0
rw11435,2,0
rw11436,1,0
rw11437,0,0
rw11438,0,0
rw11439,3,0
rw1144,2,0
rw11440,0,0
rw11441,1,1
rw11442,1,1
rw11443,3,2
rw11444,2,1
rw11445,2,2
rw11446,1,0
rw11447,1,3
rw11448,0,3
rw11449,0,0
rw1145,1,0
rw11450,3,1
rw11452,0,1
rw11454,1,0
rw11455,0,2
rw11456,1,0
rw11457,1,3
rw11458,2,0
rw11459,2,4
rw1146,1,0
rw11460,2,2
rw11461,2,1
rw11462,3,0
rw11463,1,1
rw11464,0,1
rw11465,2,0
rw11466,1,1
rw11467,1,2
rw11468,2,0
rw11469,1,1
rw1147,1,0
rw11470,0,0
rw11472,0,0
rw11473,0,2
rw11474,0,1
rw11475,1,1
rw11476,2,2
rw11477,1,1
rw11478,0,7
rw11479,1,0
rw1148,0,1
rw11480,1,0
rw11481,1,1
rw11482,0,2
rw11483,1,0
rw11484,0,1
rw11485,1,2
rw11486,0,1
rw11487,2,1
rw11488,2,0
rw11489,1,1
rw1149,0,0
rw11490,0,1
rw11491,0,1
rw11492,0,1
rw11493,1,2
rw11494,2,0
rw11495,0,0
rw11496,0,1
rw11497,2,1
rw11498,0,0
rw11499,2,0
rw1150,1,4
rw11500,3,1
rw11501,1,0
rw11502,2,1
rw11503,3,4
rw11504,1,0
rw11505,0,0
rw11506,2,3
rw11507,0,3
rw11508,1,8
rw11509,0,0
rw1151,1,1
rw11510,0,1
rw11511,0,0
rw11512,1,0
rw11513,0,0
rw11514,4,0
rw11515,0,0
rw11516,0,0
rw11517,2,0
rw11518,1,0
rw11519,1,1
rw1152,3,1
rw11520,2,6
rw11521,2,6
rw11522,1,1
rw11523,1,2
rw11524,2,2
rw11525,2,0
rw11526,3,3
rw11527,7,1
rw11528,3,2
rw11529,2,2
rw1153,2,0
rw11530,0,0
rw11531,0,0
rw11532,0,0
rw11533,4,0
rw11534,1,0
rw11535,1,1
rw11536,1,0
rw11537,0,0
rw11538,2,1
rw11539,0,0
rw1154,1,0
rw11540,1,0
rw11541,1,4
rw11542,0,0
rw11543,1,0
rw11544,0,0
rw11545,1,1
rw11546,1,0
rw11547,0,0
rw11548,0,0
rw11549,4,0
rw1155,5,4
rw11550,2,0
rw11551,2,0
rw11552,0,0
rw11554,1,1
rw11555,1,0
rw11556,0,0
rw11557,1,0
rw11558,1,1
rw11559,2,0
rw11560,2,0
rw11561,0,1
rw11562,0,0
rw11563,2,0
rw11564,1,2
rw11565,2,3
rw11567,1,1
rw11568,0,0
rw11569,2,0
rw1157,1,3
rw11570,0,1
rw11571,0,0
rw11572,1,0
rw11573,1,0
rw11574,0,0
rw11575,0,0
rw11576,1,1
rw11577,0,0
rw11578,1,6
rw11579,0,1
rw1158,1,0
rw11580,4,9
rw11581,4,6
rw11582,6,13
rw11583,1,0
rw11584,1,1
rw11585,4,2
rw11586,2,0
rw11588,0,1
rw11589,0,0
rw1159,1,3
rw11590,3,5
rw11591,1,3
rw11592,4,1
rw11593,2,2
rw11594,4,5
rw11595,0,3
rw11596,2,0
rw11597,4,4
rw11598,4,8
rw11599,8,2
rw1160,2,1
rw11600,1,2
rw11601,4,3
rw11602,0,0
rw11603,2,4
rw11604,1,3
rw11605,0,5
rw11607,3,6
rw11608,0,0
rw11609,6,2
rw1161,1,0
rw11611,0,1
rw11612,2,1
rw11613,2,3
rw11614,2,3
rw11615,2,1
rw11616,3,3
rw11617,2,3
rw11618,3,8
rw11619,1,4
rw1162,1,1
rw11620,5,1
rw11621,1,3
rw11622,0,2
rw11623,0,5
rw11624,4,3
rw11625,8,10
rw11627,4,7
rw11628,4,5
rw11629,3,1
rw1163,2,1
rw11630,1,4
rw11631,1,2
rw11633,3,0
rw11634,0,5
rw11635,1,6
rw11636,2,4
rw11637,1,1
rw11638,5,2
rw11639,3,5
rw1164,1,0
rw11641,0,3
rw11643,1,2
rw11644,0,4
rw11645,1,1
rw11646,2,4
rw11648,1,1
rw11649,3,0
rw1165,3,1
rw11650,2,2
rw11651,2,5
rw11652,2,1
rw11653,1,8
rw11654,0,1
rw11655,1,1
rw11656,1,4
rw11657,4,2
rw11658,6,2
rw11659,1,2
rw1166,3,1
rw11660,2,2
rw11661,0,2
rw11662,0,5
rw11663,3,9
rw11664,3,4
rw11665,1,1
rw11666,4,4
rw11667,0,0
rw11669,1,1
rw11670,3,1
rw11671,2,1
rw11672,3,0
rw11673,0,3
rw11674,1,3
rw11675,3,6
rw11676,1,2
rw11678,1,4
rw11679,2,3
rw1168,1,0
rw11680,2,3
rw11681,1,2
rw11682,0,3
rw11683,1,1
rw11685,3,5
rw11687,1,1
rw11688,4,0
rw11689,2,1
rw1169,2,0
rw11690,3,1
rw11691,0,4
rw11692,5,1
rw11693,5,1
rw11694,0,2
rw11695,0,3
rw11696,3,7
rw11697,1,2
rw11698,1,3
rw11699,0,4
rw1170,1,0
rw11700,1,1
rw11701,1,1
rw11702,2,1
rw11703,2,3
rw11704,1,6
rw11705,1,5
rw11706,2,1
rw11707,2,3
rw11708,0,2
rw11709,6,3
rw1171,2,0
rw11710,2,1
rw11711,1,2
rw11712,1,2
rw11713,2,1
rw11714,1,2
rw11715,2,2
rw11716,4,6
rw11717,2,1
rw11718,1,4
rw11719,3,3
rw1172,1,1
rw11720,4,2
rw11721,2,3
rw11722,1,4
rw11723,2,0
rw11724,1,2
rw11725,1,1
rw11726,0,5
rw11727,3,6
rw11728,0,2
rw11729,0,4
rw1173,0,2
rw11730,3,3
rw11731,2,3
rw11732,5,0
rw11734,3,9
rw11735,1,2
rw11736,0,2
rw11737,1,4
rw11738,2,1
rw11739,2,1
rw1174,2,1
rw11740,2,4
rw11741,2,1
rw11742,1,6
rw11743,1,1
rw11744,2,2
rw11745,1,2
rw11746,2,3
rw11747,5,2
rw11748,1,1
rw11749,1,10
rw1175,1,0
rw11750,1,3
rw11751,0,1
rw11753,2,3
rw11754,3,3
rw11755,1,2
rw11756,0,2
rw11757,0,3
rw11758,1,2
rw11759,3,3
rw1176,0,1
rw11760,2,4
rw11761,1,4
rw11762,0,1
rw11763,3,1
rw11764,1,1
rw11765,2,1
rw11766,0,2
rw11767,1,2
rw11768,2,2
rw11769,0,3
rw1177,0,1
rw11770,3,3
rw11771,0,3
rw11772,3,1
rw11773,3,3
rw11774,1,0
rw11775,3,3
rw11776,0,3
rw11777,2,1
rw11778,2,3
rw11779,6,1
rw1178,2,0
rw11780,3,1
rw11781,3,2
rw11784,2,4
rw11785,3,4
rw11786,3,1
rw11787,2,0
rw11788,2,2
rw11789,2,4
rw1179,0,0
rw11790,2,5
rw11791,1,3
rw11792,5,2
rw11793,1,1
rw11794,1,3
rw11795,1,1
rw11796,1,0
rw11797,4,0
rw11798,5,3
rw11799,2,3
rw1180,0,0
rw11800,3,8
rw11801,1,3
rw11803,1,0
rw11804,2,1
rw11805,6,2
rw11806,2,3
rw11807,4,4
rw11808,2,2
rw11809,4,1
rw1181,2,0
rw11810,1,2
rw11811,3,1
rw11812,0,2
rw11813,3,2
rw11814,0,4
rw11816,0,3
rw11817,2,1
rw11818,3,3
rw11819,0,1
rw1182,0,0
rw11820,3,3
rw11821,1,0
rw11822,3,4
rw11823,1,0
rw11824,3,7
rw11825,2,4
rw11826,2,2
rw11827,2,2
rw11828,0,2
rw11829,2,5
rw1183,0,0
rw11830,3,2
rw11831,1,3
rw11832,0,6
rw11833,3,7
rw11834,0,5
rw11835,0,0
rw11836,1,1
rw11837,2,0
rw11838,2,1
rw11839,1,4
rw11840,5,0
rw11842,0,2
rw11843,1,2
rw11844,0,2
rw11845,2,0
rw11846,0,2
rw11848,2,4
rw11849,2,1
rw1185,1,3
rw11850,2,0
rw11851,2,0
rw11853,0,1
rw11854,0,1
rw11855,2,3
rw11856,3,2
rw11857,1,3
rw11858,2,1
rw11859,1,4
rw1186,3,0
rw11860,1,8
rw11861,5,3
rw11862,2,6
rw11863,4,7
rw11864,0,4
rw11865,2,2
rw11866,0,5
rw11867,1,6
rw11868,1,0
rw11869,1,1
rw1187,2,0
rw11870,0,2
rw11871,1,2
rw11872,2,2
rw11873,2,0
rw11874,2,1
rw11875,3,1
rw11876,0,2
rw11877,1,1
rw11878,0,1
rw11879,0,0
rw1188,2,0
rw11880,2,0
rw11881,1,2
rw11882,2,3
rw11883,3,2
rw11884,1,0
rw11886,4,5
rw11887,2,1
rw11888,4,1
rw11889,2,1
rw1189,2,0
rw11890,2,2
rw11891,1,4
rw11892,0,3
rw11893,4,1
rw11894,0,0
rw11895,1,2
rw11896,1,5
rw11897,1,5
rw11898,0,1
rw11899,1,1
rw1190,0,0
rw11900,1,5
rw11901,2,5
rw11902,2,3
rw11903,8,8
rw11904,0,1
rw11905,5,6
rw11906,4,4
rw11907,1,1
rw11908,1,1
rw11909,1,4
rw1191,2,5
rw11910,3,2
rw11911,4,5
rw11912,3,2
rw11913,0,0
rw11914,3,1
rw11915,1,4
rw11916,1,1
rw11917,2,0
rw11918,4,1
rw11919,1,3
rw1192,1,0
rw11920,2,2
rw11921,3,5
rw11922,7,4
rw11923,18,19
rw11924,3,10
rw11926,2,2
rw11927,3,9
rw11928,3,13
rw1193,2,3
rw11931,2,4
rw11932,2,2
rw11933,4,2
rw11934,1,6
rw11936,1,4
rw11937,4,3
rw11938,2,2
rw11939,2,3
rw1194,0,0
rw11940,4,3
rw11941,10,3
rw11942,3,2
rw11943,1,3
rw11944,2,0
rw11945,1,3
rw11946,4,2
rw11947,0,1
rw11948,2,0
rw11949,5,1
rw1195,3,1
rw11950,2,4
rw11951,0,0
rw11952,1,4
rw11953,0,1
rw11954,1,0
rw11955,0,5
rw11956,1,0
rw11958,4,2
rw11959,2,0
rw1196,0,2
rw11961,0,0
rw11962,0,1
rw11963,3,1
rw11964,2,1
rw11965,2,3
rw11966,0,0
rw11967,0,8
rw11968,1,3
rw11969,3,2
rw1197,3,1
rw11970,2,1
rw11971,0,2
rw11972,5,3
rw11973,4,7
rw11974,1,0
rw11975,1,0
rw11976,0,1
rw11977,1,0
rw11978,1,2
rw11979,4,0
rw1198,1,1
rw11980,1,2
rw11981,1,2
rw11982,4,0
rw11983,1,1
rw11984,2,2
rw11985,1,0
rw11986,0,0
rw11987,5,3
rw11988,0,0
rw11989,3,5
rw1199,1,1
rw11990,2,2
rw11991,1,4
rw11992,3,2
rw11993,1,2
rw11994,2,3
rw11995,2,2
rw11996,2,1
rw11997,2,2
rw11998,0,2
rw11999,3,1
rw1200,1,1
rw12000,1,0
rw12001,3,0
rw12002,3,3
rw12003,2,2
rw12004,1,1
rw12005,2,0
rw12006,1,2
rw12007,2,2
rw12008,5,4
rw12009,0,4
rw12010,0,2
rw12012,1,0
rw12013,0,0
rw12014,2,1
rw12015,2,1
rw12016,4,3
rw12017,3,0
rw12018,1,0
rw12019,0,4
rw12020,0,0
rw12021,1,3
rw12022,4,1
rw12023,1,2
rw12024,1,0
rw12025,1,1
rw12026,1,3
rw12027,0,2
rw12028,3,1
rw12029,2,2
rw1203,2,0
rw12030,1,6
rw12031,0,1
rw12032,2,2
rw12033,2,4
rw12034,1,3
rw12035,3,3
rw12036,0,2
rw12037,2,2
rw12038,0,1
rw12039,2,6
rw1204,1,0
rw12040,0,0
rw12041,2,2
rw12042,1,0
rw12043,0,2
rw12044,2,1
rw12045,4,6
rw12046,3,0
rw12047,4,0
rw12049,1,3
rw1205,2,2
rw12051,3,2
rw12052,1,1
rw12053,2,3
rw12054,2,0
rw12055,1,1
rw12056,1,2
rw12057,1,3
rw12058,3,5
rw12059,1,0
rw1206,0,1
rw12061,0,3
rw12062,0,4
rw12063,2,0
rw12064,1,2
rw12065,2,2
rw12066,0,1
rw12067,1,1
rw12068,4,0
rw12069,2,1
rw1207,1,1
rw12070,0,1
rw12071,2,0
rw12072,2,1
rw12073,0,3
rw12074,3,2
rw12075,3,1
rw12076,1,3
rw12078,2,1
rw12079,2,2
rw1208,2,1
rw12080,1,3
rw12081,2,1
rw12082,1,4
rw12083,1,3
rw12084,2,5
rw12085,1,2
rw12086,2,2
rw12087,2,3
rw12089,1,1
rw1209,1,2
rw12090,1,4
rw12091,1,2
rw12092,3,2
rw12093,1,0
rw12095,1,1
rw12096,1,5
rw12097,2,2
rw12098,1,0
rw12099,1,0
rw1210,3,3
rw12100,3,2
rw12101,5,6
rw12102,2,0
rw12104,0,1
rw12105,1,3
rw12106,1,2
rw12107,3,2
rw12108,2,2
rw12109,2,0
rw1211,1,2
rw12110,2,4
rw12111,1,2
rw12112,3,4
rw12114,1,1
rw12115,1,0
rw12116,2,2
rw12117,0,3
rw12118,3,2
rw12119,0,1
rw1212,1,0
rw12121,1,0
rw12122,2,2
rw12123,0,0
rw12124,4,2
rw12125,0,0
rw12126,1,0
rw12127,1,2
rw12129,4,0
rw1213,1,2
rw12130,0,0
rw12131,1,0
rw12132,1,0
rw12133,1,4
rw12134,1,2
rw12135,2,3
rw12136,1,1
rw12137,1,1
rw12138,1,1
rw12139,2,4
rw1214,1,1
rw12140,2,0
rw12141,3,2
rw12142,1,1
rw12143,1,3
rw12144,0,3
rw12145,3,3
rw12146,1,3
rw12147,1,1
rw12148,1,0
rw12149,1,0
rw1215,3,2
rw12150,0,5
rw12151,2,1
rw12152,0,1
rw12153,2,1
rw12154,2,3
rw12155,0,1
rw12156,0,5
rw12157,4,0
rw12158,2,1
rw12159,1,1
rw12160,1,1
rw12161,4,2
rw12162,1,3
rw12164,1,3
rw12165,2,1
rw12166,2,1
rw12167,1,0
rw12168,3,0
rw12169,1,1
rw1217,1,0
rw12170,1,1
rw12171,3,5
rw12172,1,1
rw12173,0,3
rw12174,1,0
rw12175,3,1
rw12176,3,1
rw12177,1,2
rw12178,2,3
rw12179,0,1
rw1218,2,2
rw12180,2,0
rw12182,2,0
rw12183,2,3
rw12184,0,4
rw12185,2,3
rw12186,0,3
rw12187,2,6
rw12188,2,2
rw12189,2,0
rw1219,0,2
rw12190,1,6
rw12191,3,13
rw12192,3,4
rw12193,2,4
rw12194,1,1
rw12195,3,2
rw12198,2,0
rw12199,2,1
rw1220,1,0
rw12200,2,1
rw12201,1,0
rw12202,1,3
rw12203,0,2
rw12204,3,3
rw12205,2,2
rw12206,1,3
rw12207,1,0
rw12208,0,0
rw12209,2,2
rw1221,1,0
rw12210,0,4
rw12211,2,0
rw12212,2,2
rw12213,6,2
rw12214,2,1
rw12215,2,0
rw12216,2,2
rw12217,0,2
rw12218,0,2
rw12219,2,0
rw12220,3,1
rw12221,3,1
rw12222,0,1
rw12223,2,3
rw12224,1,1
rw12225,1,0
rw12227,1,3
rw12228,3,3
rw12229,2,0
rw1223,3,3
rw12230,2,0
rw12231,2,2
rw12232,0,1
rw12233,1,5
rw12234,0,2
rw12235,2,0
rw12236,3,3
rw12237,2,1
rw12238,5,1
rw12239,1,4
rw1224,0,0
rw12240,3,0
rw12241,2,6
rw12242,0,1
rw12244,0,1
rw12245,0,4
rw12246,3,2
rw12247,2,4
rw12248,2,1
rw1225,2,1
rw12252,0,1
rw12253,0,0
rw12254,2,1
rw12255,2,4
rw12256,1,1
rw12257,3,1
rw12258,1,1
rw12259,1,0
rw1226,0,2
rw12260,3,2
rw12261,1,1
rw12262,3,5
rw12263,1,2
rw12264,0,2
rw12265,0,1
rw12266,2,3
rw12267,4,2
rw12268,3,2
rw12269,1,3
rw1227,1,0
rw12270,0,2
rw12271,3,1
rw12272,6,10
rw12274,0,1
rw12275,1,2
rw12276,2,1
rw12277,0,3
rw12278,2,1
rw12279,2,3
rw1228,0,0
rw12280,3,6
rw12281,1,0
rw12282,1,0
rw12283,1,1
rw12284,4,0
rw12285,0,0
rw12286,2,2
rw12287,2,1
rw12288,1,4
rw12289,2,1
rw1229,1,1
rw12290,1,1
rw12291,2,1
rw12292,2,3
rw12293,3,2
rw12294,1,5
rw12295,1,3
rw12296,2,0
rw12297,0,1
rw12298,0,0
rw12299,0,0
rw1230,0,2
rw12300,2,1
rw12301,5,7
rw12302,1,2
rw12303,2,3
rw12304,4,1
rw12305,1,2
rw12306,2,1
rw12307,1,1
rw12308,0,0
rw12309,3,2
rw12310,0,0
rw12311,4,1
rw12312,2,3
rw12313,2,1
rw12314,1,0
rw12315,4,1
rw12316,1,1
rw12317,1,1
rw12318,2,1
rw12319,3,2
rw1232,1,0
rw12320,3,4
rw12321,1,1
rw12322,1,1
rw12323,0,4
rw12324,2,3
rw12325,1,4
rw12326,2,2
rw12327,0,4
rw12328,2,2
rw12329,1,1
rw1233,4,0
rw12330,1,3
rw12331,0,1
rw12332,1,1
rw12333,4,1
rw12334,0,1
rw12335,0,1
rw12336,2,0
rw12337,3,0
rw12338,0,1
rw12339,3,2
rw1234,0,0
rw12340,0,2
rw12341,2,2
rw12342,1,0
rw12343,1,2
rw12344,3,1
rw12345,1,5
rw12346,1,1
rw12347,0,3
rw12349,4,3
rw1235,0,0
rw12350,1,0
rw12351,5,0
rw12352,1,0
rw12353,0,1
rw12354,0,0
rw12355,2,1
rw12356,2,1
rw12357,0,2
rw12358,3,1
rw12359,0,1
rw1236,2,0
rw12360,0,0
rw12361,0,1
rw12362,3,1
rw12363,2,2
rw12364,0,4
rw12365,3,1
rw12366,3,2
rw12367,4,5
rw12368,2,1
rw12369,1,2
rw1237,1,1
rw12370,1,1
rw12371,1,0
rw12373,1,2
rw12374,1,1
rw12375,1,0
rw12376,0,2
rw12377,0,0
rw12378,0,1
rw12379,1,4
rw12380,1,1
rw12381,0,2
rw12382,1,2
rw12383,2,1
rw12384,1,3
rw12385,1,1
rw12386,3,4
rw12387,2,1
rw12388,0,3
rw12389,1,3
rw1239,1,0
rw12390,1,1
rw12391,1,0
rw12392,1,1
rw12393,0,3
rw12394,1,1
rw12395,1,1
rw12396,1,0
rw12397,3,1
rw12398,2,3
rw12399,6,1
rw12400,0,0
rw12401,0,0
rw12402,3,1
rw12403,1,7
rw12404,2,1
rw12405,0,0
rw12406,2,2
rw12407,4,2
rw12408,1,4
rw12409,0,2
rw1241,0,1
rw12410,1,0
rw12411,0,2
rw12412,1,1
rw12413,4,0
rw12414,3,0
rw12415,1,0
rw12416,5,0
rw12417,0,0
rw12418,4,0
rw12419,4,0
rw1242,3,1
rw12420,1,0
rw12421,3,4
rw12422,3,2
rw12423,4,2
rw12424,1,0
rw12425,1,2
rw12426,1,2
rw12427,3,2
rw12428,0,0
rw12429,0,1
rw1243,1,0
rw12430,2,2
rw12431,1,0
rw12432,1,2
rw12433,1,1
rw12434,0,1
rw12435,2,2
rw12436,1,3
rw12437,1,2
rw12438,1,0
rw12439,3,0
rw1244,0,9
rw12440,1,2
rw12441,2,3
rw12442,0,2
rw12443,1,3
rw12444,2,1
rw12445,3,2
rw12446,2,1
rw12447,2,0
rw12448,3,3
rw12449,0,1
rw1245,0,1
rw12450,1,0
rw12451,1,7
rw12452,0,2
rw12453,0,1
rw12454,1,3
rw12456,2,0
rw12457,1,2
rw12459,2,3
rw1246,5,1
rw12460,5,0
rw12461,3,1
rw12462,0,0
rw12463,2,3
rw12464,0,4
rw12465,0,1
rw12466,0,0
rw12467,1,1
rw12468,2,1
rw12469,1,0
rw1247,2,0
rw12470,1,0
rw12471,0,1
rw12472,0,1
rw12473,1,3
rw12474,0,1
rw12475,1,4
rw12476,2,4
rw12477,2,4
rw12478,0,1
rw12479,1,0
rw1248,3,1
rw12480,0,3
rw12481,0,1
rw12482,1,0
rw12483,1,0
rw12484,1,1
rw12485,0,1
rw12486,2,0
rw12487,1,0
rw12489,0,1
rw1249,3,0
rw12490,4,3
rw12491,0,1
rw12492,1,1
rw12493,2,0
rw12494,1,0
rw12495,1,2
rw12496,1,0
rw12497,1,1
rw12498,1,1
rw1250,1,0
rw12500,3,3
rw12501,0,0
rw12502,0,2
rw12503,1,6
rw12504,0,1
rw12505,0,0
rw12506,2,2
rw12507,1,0
rw12508,0,1
rw12509,2,0
rw1251,1,0
rw12510,1,1
rw12511,2,1
rw12512,3,0
rw12513,2,1
rw12514,1,0
rw12515,0,1
rw12516,2,2
rw12517,0,0
rw12518,1,2
rw12519,1,2
rw1252,1,3
rw12520,1,0
rw12521,1,2
rw12522,1,0
rw12523,3,0
rw12524,2,1
rw12525,0,2
rw12526,0,0
rw12527,0,1
rw12528,0,0
rw12529,2,0
rw1253,1,1
rw12530,2,2
rw12531,1,0
rw12533,1,1
rw12534,0,6
rw12535,2,2
rw12536,4,0
rw12537,0,1
rw12538,0,0
rw12539,1,0
rw1254,1,0
rw12540,0,2
rw12541,2,0
rw12542,0,1
rw12543,4,2
rw12544,2,0
rw12545,1,4
rw12546,3,1
rw12548,2,2
rw12549,0,3
rw1255,3,2
rw12550,2,0
rw12551,2,2
rw12552,1,0
rw12553,3,0
rw12554,0,1
rw12555,1,1
rw12556,5,0
rw12557,2,1
rw12558,2,0
rw12559,2,0
rw1256,0,4
rw12560,3,0
rw12561,1,0
rw12562,3,1
rw12563,1,1
rw12564,0,0
rw12565,1,0
rw12566,2,2
rw12567,2,3
rw12568,1,5
rw12569,2,1
rw1257,1,1
rw12570,1,1
rw12572,4,1
rw12573,2,0
rw12574,3,0
rw12575,0,1
rw12576,3,1
rw12577,2,2
rw12578,0,1
rw1258,5,1
rw12580,1,0
rw12581,3,0
rw12582,0,1
rw12583,2,1
rw12584,2,0
rw12585,2,1
rw12586,1,1
rw12587,1,2
rw12588,0,1
rw12589,0,1
rw1259,0,0
rw12591,3,0
rw12592,4,2
rw12594,2,1
rw12595,2,0
rw12596,4,1
rw12598,3,1
rw12599,1,1
rw1260,0,4
rw12600,1,1
rw12601,2,0
rw12602,1,0
rw12603,1,0
rw12604,0,4
rw12605,2,2
rw12606,2,2
rw12608,2,5
rw12609,2,0
rw1261,0,1
rw12610,1,1
rw12611,0,1
rw12612,2,2
rw12613,1,1
rw12614,1,1
rw12615,2,3
rw12616,0,2
rw12617,1,0
rw12618,2,0
rw12619,1,1
rw1262,1,0
rw12620,2,1
rw12621,2,1
rw12622,1,1
rw12623,4,1
rw12624,1,4
rw12625,2,0
rw12626,2,2
rw12627,2,3
rw12628,1,0
rw12629,1,1
rw1263,0,1
rw12630,1,0
rw12631,1,0
rw12632,1,0
rw12633,3,2
rw12634,1,2
rw12635,1,1
rw12636,1,1
rw12637,1,2
rw12638,1,0
rw12639,2,4
rw1264,0,0
rw12640,1,1
rw12641,0,0
rw12642,2,0
rw12643,3,3
rw12644,0,0
rw12645,0,0
rw12646,1,0
rw12647,3,1
rw12648,0,0
rw12649,1,0
rw1265,1,1
rw12650,3,1
rw12651,2,1
rw12652,1,0
rw12653,1,0
rw12654,1,1
rw12655,1,2
rw12656,0,1
rw12657,1,1
rw12658,1,1
rw12659,0,1
rw1266,6,4
rw12660,0,1
rw12661,0,0
rw12662,2,1
rw12663,2,0
rw12664,2,0
rw12665,0,2
rw12666,0,1
rw12667,1,1
rw12668,0,4
rw12669,1,0
rw1267,1,3
rw12670,3,1
rw12671,1,2
rw12672,1,1
rw12673,0,1
rw12674,0,0
rw12675,3,1
rw12676,1,0
rw12677,0,0
rw12678,1,0
rw12679,2,2
rw1268,1,1
rw12680,1,1
rw12681,0,0
rw12682,2,1
rw12683,2,5
rw12684,1,1
rw12685,0,1
rw12686,1,2
rw12688,0,2
rw12689,1,3
rw1269,0,2
rw12690,2,2
rw12691,1,0
rw12692,2,4
rw12693,3,3
rw12694,0,0
rw12695,0,0
rw12696,1,1
rw12697,0,0
rw12698,3,0
rw12699,0,2
rw1270,0,2
rw12700,0,2
rw12701,1,1
rw12702,2,1
rw12703,1,0
rw12704,0,1
rw12705,0,4
rw12706,1,0
rw12707,1,0
rw12708,5,1
rw12709,0,2
rw1271,1,0
rw12710,0,3
rw12711,0,0
rw12712,2,3
rw12713,1,1
rw12714,2,0
rw12715,2,2
rw12716,1,0
rw12717,1,0
rw12718,0,0
rw12719,1,0
rw1272,1,0
rw12720,3,1
rw12721,3,1
rw12722,2,0
rw12723,3,0
rw12724,1,0
rw12725,0,0
rw12726,0,1
rw12727,0,1
rw12728,1,1
rw12729,1,0
rw1273,0,1
rw12730,1,0
rw12731,1,1
rw12732,1,0
rw12733,0,2
rw12734,1,4
rw12735,2,1
rw12736,5,0
rw12737,0,1
rw12738,1,0
rw12739,1,0
rw1274,0,0
rw12740,0,4
rw12741,2,0
rw12742,2,1
rw12743,3,1
rw12744,1,0
rw12745,0,0
rw12746,0,2
rw12747,2,2
rw12749,3,1
rw1275,0,2
rw12750,0,0
rw12751,2,0
rw12752,0,0
rw12753,1,2
rw12754,3,1
rw12755,0,0
rw12756,2,3
rw12757,2,0
rw12758,3,0
rw12759,2,2
rw1276,2,1
rw12760,1,1
rw12761,1,0
rw12762,2,0
rw12763,1,0
rw12764,1,0
rw12765,4,0
rw12766,0,1
rw12767,1,1
rw12768,2,1
rw12769,0,2
rw1277,1,0
rw12770,0,1
rw12772,1,2
rw12773,3,1
rw12774,1,1
rw12775,2,3
rw12776,0,2
rw12778,0,0
rw12779,1,0
rw1278,1,2
rw12780,0,1
rw12781,3,0
rw12782,1,0
rw12783,1,0
rw12784,2,1
rw12785,1,2
rw12786,3,5
rw12787,0,1
rw12788,0,0
rw12789,1,0
rw1279,1,0
rw12790,2,2
rw12791,0,0
rw12792,0,1
rw12793,1,3
rw12794,0,4
rw12795,0,0
rw12796,3,1
rw12797,3,1
rw12798,3,0
rw12799,1,1
rw1280,1,0
rw12800,2,2
rw12801,0,1
rw12802,0,1
rw12803,0,2
rw12804,0,1
rw12805,1,1
rw12806,1,0
rw12807,0,0
rw12808,1,0
rw12809,0,1
rw1281,1,0
rw12810,2,0
rw12811,1,2
rw12812,0,2
rw12813,1,0
rw12814,2,0
rw12815,1,0
rw12816,2,1
rw12817,0,5
rw12818,1,0
rw12819,3,1
rw1282,1,1
rw12821,0,2
rw12822,1,3
rw12823,0,0
rw12824,0,0
rw12825,2,0
rw12826,1,1
rw12827,3,1
rw12828,3,2
rw12829,0,0
rw1283,0,6
rw12830,1,1
rw12831,3,2
rw12832,1,1
rw12833,0,2
rw12834,1,1
rw12835,1,0
rw12836,0,1
rw12837,0,1
rw12838,1,4
rw12839,0,1
rw1284,0,0
rw12840,0,1
rw12841,0,0
rw12843,2,1
rw12844,2,0
rw12846,0,1
rw12847,0,1
rw12848,1,2
rw12849,2,0
rw1285,1,0
rw12850,1,1
rw12851,2,2
rw12852,1,1
rw12853,1,1
rw12854,1,1
rw12855,0,0
rw12856,0,1
rw12857,3,0
rw12858,2,3
rw12859,1,0
rw1286,2,1
rw12860,2,1
rw12861,3,2
rw12862,0,3
rw12863,1,0
rw12864,1,0
rw12865,1,2
rw12866,1,0
rw12867,2,0
rw12868,2,0
rw12869,0,0
rw1287,1,0
rw12870,1,1
rw12871,1,2
rw12872,0,0
rw12873,0,3
rw12874,2,0
rw12875,3,3
rw12876,2,2
rw12877,1,0
rw12878,1,1
rw12879,1,0
rw1288,4,0
rw12880,2,0
rw12881,0,0
rw12882,1,1
rw12883,2,1
rw12884,0,2
rw12885,1,2
rw12886,1,0
rw12887,1,0
rw12888,2,0
rw12889,1,2
rw1289,0,0
rw12890,0,1
rw12891,2,0
rw12892,0,0
rw12893,3,5
rw12894,3,1
rw12895,2,2
rw12896,2,2
rw12897,1,0
rw12898,1,0
rw12899,2,4
rw1290,0,1
rw12900,2,1
rw12901,3,0
rw12902,1,1
rw12903,4,2
rw12904,0,0
rw12906,1,2
rw12907,1,1
rw12908,2,0
rw12909,0,2
rw1291,1,0
rw12910,1,0
rw12911,0,0
rw12913,0,3
rw12914,1,1
rw12915,0,0
rw12916,0,2
rw12917,1,0
rw12918,0,0
rw1292,1,0
rw12920,0,2
rw12921,2,0
rw12922,1,1
rw12923,2,0
rw12924,0,2
rw12925,2,0
rw12926,1,0
rw12927,1,4
rw12928,1,1
rw12929,4,2
rw1293,0,0
rw12930,0,0
rw12931,0,0
rw12932,4,3
rw12933,0,0
rw12934,1,0
rw12935,1,0
rw12936,2,3
rw12937,2,3
rw12938,0,0
rw12939,1,1
rw1294,1,0
rw12940,0,0
rw12941,1,0
rw12942,4,1
rw12943,0,0
rw12944,1,5
rw12945,0,0
rw12946,0,2
rw12947,1,1
rw12948,1,2
rw12949,1,0
rw1295,2,1
rw12951,1,0
rw12952,0,4
rw12953,2,0
rw12954,1,2
rw12955,1,1
rw12956,1,0
rw12957,0,1
rw12959,0,0
rw1296,1,0
rw12960,1,0
rw12961,1,2
rw12962,0,1
rw12964,2,1
rw12965,0,1
rw12966,0,0
rw12967,0,0
rw12968,2,1
rw12969,1,2
rw1297,1,1
rw12970,1,1
rw12971,1,2
rw12972,2,1
rw12973,2,1
rw12974,4,2
rw12975,1,2
rw12976,1,0
rw12977,0,0
rw12978,1,0
rw12979,1,0
rw1298,0,1
rw12980,2,2
rw12981,1,1
rw12982,1,1
rw12983,0,1
rw12984,0,0
rw12985,3,0
rw12986,1,1
rw12987,1,4
rw12988,2,1
rw12989,0,1
rw1299,0,0
rw12990,2,0
rw12991,0,0
rw12992,2,2
rw12994,1,0
rw12995,2,1
rw12997,1,1
rw12998,2,1
rw12999,1,1
rw1300,0,0
rw13000,0,1
rw13001,0,0
rw13002,1,1
rw13003,1,2
rw13004,1,0
rw13005,2,4
rw13006,1,2
rw13007,0,1
rw13008,1,1
rw13009,0,0
rw1301,2,0
rw13010,2,1
rw13012,2,1
rw13013,3,1
rw13015,2,2
rw13016,1,0
rw13017,1,0
rw13018,0,1
rw13019,1,1
rw1302,0,1
rw13020,2,1
rw13021,2,1
rw13022,0,0
rw13023,1,1
rw13024,1,4
rw13025,1,0
rw13026,3,1
rw13027,2,0
rw13028,0,1
rw13029,1,0
rw1303,0,1
rw13030,0,0
rw13031,0,0
rw13032,2,0
rw13033,1,0
rw13034,2,0
rw13035,3,2
rw13036,0,0
rw13037,1,0
rw13038,2,1
rw13039,1,1
rw1304,2,3
rw13040,0,0
rw13041,0,1
rw13042,2,2
rw13043,2,2
rw13044,0,0
rw13045,2,0
rw13046,1,2
rw13047,1,0
rw13048,1,0
rw13049,0,1
rw1305,1,0
rw13050,0,3
rw13051,2,1
rw13052,3,1
rw13053,1,1
rw13054,1,0
rw13055,1,0
rw13056,0,0
rw13057,1,1
rw13058,2,0
rw13059,2,1
rw1306,2,1
rw13060,1,2
rw13061,1,0
rw13062,0,1
rw13063,1,1
rw13064,3,0
rw13065,0,1
rw13066,1,0
rw13067,0,1
rw13068,1,1
rw1307,1,1
rw13070,0,1
rw13071,1,4
rw13072,0,2
rw13073,2,0
rw13074,2,5
rw13075,2,1
rw13076,2,1
rw13077,2,2
rw13078,2,2
rw13079,1,1
rw1308,0,0
rw13080,2,0
rw13082,1,2
rw13083,2,1
rw13084,2,4
rw13085,0,1
rw13086,1,0
rw13087,1,0
rw13088,3,0
rw13089,0,1
rw1309,1,0
rw13090,1,1
rw13091,0,1
rw13092,3,1
rw13093,0,2
rw13095,1,1
rw13096,0,0
rw13097,0,1
rw13098,1,1
rw13099,0,0
rw1310,0,0
rw13100,0,0
rw13101,0,1
rw13102,0,0
rw13103,1,1
rw13104,3,4
rw13105,2,0
rw13106,1,0
rw13107,1,0
rw13108,0,0
rw13109,1,3
rw1311,1,1
rw13110,0,0
rw13111,1,0
rw13112,0,0
rw13113,1,0
rw13114,2,0
rw13115,1,2
rw13116,0,0
rw13117,5,1
rw13118,1,0
rw13119,1,0
rw1312,0,0
rw13120,0,0
rw13121,2,0
rw13122,0,1
rw13123,2,0
rw13124,0,0
rw13125,2,0
rw13126,0,1
rw13127,1,0
rw13128,1,1
rw13129,2,1
rw1313,0,0
rw13130,1,0
rw13131,0,0
rw13132,1,1
rw13133,2,1
rw13134,0,0
rw13135,1,0
rw13136,1,0
rw13137,1,1
rw13138,2,0
rw13139,0,0
rw1314,1,0
rw13140,2,1
rw13141,0,0
rw13142,1,2
rw13143,2,0
rw13144,2,2
rw13145,1,2
rw13146,1,0
rw13147,1,0
rw13148,1,0
rw13149,2,0
rw1315,2,1
rw13150,0,2
rw13151,1,1
rw13153,2,1
rw13154,1,1
rw13155,3,1
rw13156,1,0
rw13157,2,0
rw13158,1,0
rw13159,0,0
rw1316,1,0
rw13160,0,0
rw13161,2,1
rw13162,3,1
rw13163,2,0
rw13164,0,1
rw13165,1,4
rw13166,0,1
rw13167,2,2
rw13168,0,2
rw13169,0,0
rw1317,0,0
rw13170,1,0
rw13171,2,2
rw13172,0,2
rw13173,0,0
rw13174,0,3
rw13175,0,1
rw13176,2,3
rw13177,0,0
rw13178,1,1
rw13179,1,1
rw13180,0,2
rw13181,1,0
rw13182,2,0
rw13183,1,1
rw13184,0,1
rw13185,2,0
rw13186,1,0
rw13187,0,1
rw13188,2,3
rw13189,0,1
rw1319,4,2
rw13190,0,0
rw13191,0,0
rw13192,0,1
rw13193,0,0
rw13194,2,1
rw13195,2,0
rw13196,1,2
rw13197,1,1
rw13198,0,1
rw13199,2,0
rw1320,10,5
rw13201,1,0
rw13202,0,0
rw13203,0,2
rw13204,1,0
rw13205,0,3
rw13206,3,1
rw13207,1,3
rw13208,0,2
rw13209,1,3
rw1321,1,0
rw13210,2,0
rw13212,0,1
rw13214,0,7
rw13215,1,0
rw13216,3,1
rw13217,1,0
rw13218,2,0
rw13219,1,0
rw1322,0,1
rw13220,2,1
rw13221,0,0
rw13222,0,0
rw13223,1,0
rw13224,1,1
rw13225,1,1
rw13226,1,0
rw13227,2,0
rw13228,0,6
rw13229,1,2
rw1323,4,10
rw13230,2,0
rw13231,0,1
rw13232,0,3
rw13233,4,0
rw13234,1,0
rw13235,0,2
rw13236,1,0
rw13237,3,1
rw13238,0,1
rw13239,0,1
rw1324,2,0
rw13240,3,2
rw13241,1,0
rw13242,1,0
rw13243,0,0
rw13244,1,1
rw13245,2,1
rw13246,0,0
rw13247,2,0
rw13248,2,2
rw13249,0,0
rw1325,1,1
rw13250,0,0
rw13251,0,6
rw13252,1,0
rw13253,4,1
rw13254,1,1
rw13255,3,2
rw13256,2,0
rw13257,4,0
rw13258,2,1
rw13259,2,1
rw1326,0,0
rw13260,2,1
rw13261,1,0
rw13262,2,1
rw13263,1,0
rw13264,1,0
rw13265,0,0
rw13266,4,0
rw13267,0,1
rw13268,3,0
rw13269,0,3
rw1327,0,0
rw13270,0,0
rw13271,0,0
rw13272,1,0
rw13273,0,2
rw13274,1,1
rw13275,1,1
rw13276,1,0
rw13277,1,0
rw13278,1,0
rw13279,0,0
rw1328,1,0
rw13280,0,0
rw13281,1,0
rw13282,0,1
rw13283,2,1
rw13284,2,0
rw13285,2,1
rw13286,0,1
rw13287,2,0
rw13288,0,2
rw13289,2,1
rw1329,0,1
rw13290,0,1
rw13291,0,0
rw13292,5,1
rw13293,1,0
rw13294,1,1
rw13295,0,1
rw13296,1,3
rw13297,1,2
rw13298,2,3
rw13299,1,1
rw1330,1,0
rw13300,2,0
rw13301,0,0
rw13302,1,2
rw13303,2,3
rw13304,1,1
rw13305,1,1
rw13306,0,1
rw13307,0,0
rw13308,2,2
rw13309,1,0
rw1331,0,0
rw13310,0,0
rw13311,2,1
rw13312,0,0
rw13313,2,1
rw13314,1,1
rw13315,0,1
rw13316,2,0
rw13317,2,1
rw13318,0,1
rw13319,3,4
rw1332,0,2
rw13320,0,1
rw13321,0,1
rw13322,1,0
rw13323,0,1
rw13324,1,1
rw13325,1,2
rw13326,3,1
rw13327,0,1
rw13328,0,2
rw13329,2,2
rw1333,1,0
rw13330,0,4
rw13331,2,4
rw13332,2,0
rw13333,1,0
rw13334,2,1
rw13335,4,0
rw13336,2,0
rw13337,3,1
rw13338,3,1
rw13339,1,3
rw1334,1,0
rw13340,1,1
rw13341,0,0
rw13342,2,0
rw13343,0,0
rw13344,0,0
rw13345,2,0
rw13346,2,0
rw13347,0,0
rw13348,0,0
rw13349,0,0
rw1335,3,1
rw13350,2,0
rw13351,3,0
rw13353,4,0
rw13354,0,0
rw13355,0,0
rw13356,2,0
rw13357,2,1
rw13359,2,1
rw1336,0,2
rw13360,2,1
rw13361,3,3
rw13362,1,0
rw13363,1,2
rw13364,1,0
rw13365,1,1
rw13366,1,1
rw13367,1,3
rw13368,1,1
rw13369,2,1
rw1337,0,0
rw13370,0,0
rw13371,2,1
rw13372,3,1
rw13373,1,0
rw13374,0,0
rw13375,1,0
rw13376,1,0
rw13377,0,0
rw13379,1,0
rw1338,1,3
rw13380,0,1
rw13381,1,2
rw13382,1,3
rw13383,1,0
rw13384,1,2
rw13385,1,0
rw13386,1,1
rw13387,1,1
rw13388,0,2
rw13389,3,1
rw1339,1,0
rw13390,2,0
rw13391,0,2
rw13392,0,1
rw13393,0,0
rw13394,1,3
rw13395,0,1
rw13396,0,1
rw13397,1,0
rw13398,1,0
rw13399,1,0
rw1340,2,0
rw13400,0,0
rw13401,2,0
rw13402,0,0
rw13403,1,1
rw13404,0,0
rw13405,1,1
rw13407,1,0
rw13408,0,0
rw13409,1,0
rw1341,2,4
rw13410,2,0
rw13411,0,2
rw13412,0,2
rw13413,1,0
rw13414,0,0
rw13415,1,0
rw13416,2,2
rw13417,0,2
rw13418,1,0
rw13419,0,0
rw1342,0,0
rw13420,1,0
rw13421,2,0
rw13422,1,2
rw13423,2,4
rw13424,0,0
rw13425,1,0
rw13426,1,0
rw13427,3,1
rw13428,1,0
rw13429,0,0
rw1343,1,1
rw13430,1,2
rw13431,1,0
rw13432,1,4
rw13433,1,1
rw13434,2,0
rw13435,0,0
rw13436,1,0
rw13437,1,0
rw13438,3,1
rw13439,1,1
rw1344,3,1
rw13440,2,1
rw13441,0,0
rw13442,2,1
rw13443,1,0
rw13444,1,0
rw13445,1,2
rw13446,2,0
rw13447,1,0
rw13448,1,2
rw13449,1,0
rw13450,0,1
rw13451,1,5
rw13452,2,1
rw13453,2,0
rw13454,2,3
rw13455,2,3
rw13456,0,0
rw13457,1,2
rw13458,1,3
rw13459,2,1
rw1346,0,1
rw13460,0,1
rw13461,3,0
rw13462,1,1
rw13463,0,2
rw13464,1,2
rw13465,3,1
rw13466,0,2
rw13467,1,0
rw13468,1,1
rw13469,0,1
rw1347,1,3
rw13470,0,0
rw13471,1,0
rw13472,1,1
rw13473,1,0
rw13474,2,0
rw13475,0,0
rw13476,0,3
rw13477,2,1
rw13478,0,0
rw13479,1,0
rw1348,1,1
rw13480,0,0
rw13481,0,0
rw13482,0,0
rw13483,1,1
rw13484,1,0
rw13485,1,0
rw13486,0,3
rw13487,0,2
rw13488,1,0
rw13489,1,0
rw1349,0,0
rw13490,0,0
rw13491,1,0
rw13492,0,0
rw13493,0,2
rw13494,0,1
rw13495,3,0
rw13496,0,1
rw13497,2,0
rw13498,1,4
rw13499,3,0
rw1350,8,1
rw13500,2,1
rw13501,2,0
rw13502,0,0
rw13503,0,1
rw13504,2,1
rw13505,0,1
rw13506,0,1
rw13507,0,0
rw13508,1,1
rw13509,1,1
rw1351,1,3
rw13510,1,0
rw13511,0,0
rw13512,2,4
rw13513,0,2
rw13514,1,1
rw13515,2,1
rw13516,1,0
rw13517,0,0
rw13518,4,2
rw13519,1,2
rw1352,1,0
rw13520,0,1
rw13521,0,0
rw13522,2,2
rw13523,1,0
rw13524,2,0
rw13525,1,3
rw13526,3,0
rw13527,3,1
rw13528,1,1
rw13529,1,1
rw1353,0,1
rw13530,0,1
rw13531,1,1
rw13533,0,0
rw13534,1,0
rw13535,1,2
rw13536,1,1
rw13537,1,1
rw13538,0,1
rw13539,2,0
rw1354,0,0
rw13540,0,0
rw13542,3,1
rw13543,2,1
rw13544,0,1
rw13545,2,1
rw13546,0,1
rw13547,1,0
rw13548,2,1
rw13549,0,0
rw1355,3,0
rw13550,1,0
rw13551,1,0
rw13553,0,0
rw13554,0,0
rw13555,0,0
rw13556,1,0
rw13557,2,1
rw13558,1,1
rw13559,2,0
rw1356,0,0
rw13560,0,0
rw13561,1,3
rw13562,2,1
rw13563,1,0
rw13564,1,0
rw13565,1,3
rw13566,1,1
rw13567,2,1
rw13568,2,0
rw13569,2,1
rw1357,1,0
rw13570,0,1
rw13571,3,0
rw13572,1,2
rw13573,1,1
rw13575,3,1
rw13576,0,2
rw13577,1,0
rw13578,0,0
rw13579,1,0
rw1358,2,3
rw13580,0,1
rw13581,1,0
rw13582,2,0
rw13583,0,0
rw13584,1,2
rw13585,1,0
rw13586,4,2
rw13587,0,3
rw13589,3,1
rw1359,3,1
rw13590,0,2
rw13591,1,1
rw13592,0,1
rw13593,1,0
rw13594,1,0
rw13595,1,0
rw13596,2,2
rw13597,0,0
rw13598,0,1
rw13599,0,0
rw1360,1,1
rw13600,0,2
rw13602,2,0
rw13603,0,0
rw13604,0,3
rw13605,3,0
rw13606,0,0
rw13607,1,1
rw13608,0,0
rw13609,3,2
rw1361,1,0
rw13610,3,2
rw13611,3,1
rw13612,0,3
rw13613,1,3
rw13614,2,2
rw13615,2,1
rw13616,0,1
rw13617,0,2
rw13618,0,0
rw13619,2,3
rw1362,0,1
rw13620,2,0
rw13621,0,1
rw13622,1,0
rw13623,1,0
rw13624,1,1
rw13625,0,1
rw13626,2,0
rw13627,1,0
rw13628,0,0
rw13629,0,0
rw1363,0,1
rw13630,2,4
rw13631,1,1
rw13632,0,0
rw13633,1,0
rw13634,2,0
rw13635,0,2
rw13636,1,0
rw13637,1,0
rw13638,2,2
rw13639,0,0
rw1364,0,0
rw13640,1,2
rw13641,3,0
rw13642,1,3
rw13643,0,0
rw13644,4,1
rw13645,2,1
rw13646,1,0
rw13647,0,0
rw13648,1,0
rw13649,1,0
rw1365,2,1
rw13650,4,0
rw13651,1,0
rw13652,1,0
rw13653,1,0
rw13655,1,0
rw13656,0,1
rw13657,1,1
rw13658,0,0
rw13659,0,0
rw1366,3,0
rw13660,2,2
rw13661,2,2
rw13662,2,3
rw13663,0,0
rw13664,0,1
rw13665,0,0
rw13666,1,1
rw13667,1,3
rw13668,1,0
rw13669,0,0
rw1367,0,2
rw13670,1,0
rw13671,1,2
rw13672,1,0
rw13673,1,0
rw13674,2,0
rw13675,0,1
rw13676,1,0
rw13677,0,0
rw13678,2,0
rw13679,0,0
rw1368,2,1
rw13680,0,1
rw13681,1,1
rw13682,2,0
rw13683,1,0
rw13684,1,0
rw13685,1,0
rw13686,0,0
rw13687,1,0
rw13688,1,1
rw13689,1,1
rw1369,1,2
rw13690,1,1
rw13691,0,1
rw13692,1,1
rw13693,1,3
rw13694,1,4
rw13695,0,2
rw13696,0,0
rw13697,1,1
rw13698,0,3
rw13699,1,1
rw1370,0,0
rw13700,3,0
rw13701,0,0
rw13702,1,0
rw13703,1,1
rw13704,1,0
rw13705,1,1
rw13706,0,1
rw13707,2,2
rw13708,3,2
rw13709,3,1
rw13710,1,0
rw13711,2,2
rw13712,2,2
rw13713,0,0
rw13714,1,0
rw13715,0,0
rw13716,0,1
rw13717,3,0
rw13718,0,0
rw13719,1,0
rw1372,2,1
rw13720,3,2
rw13721,0,2
rw13722,2,1
rw13723,2,0
rw13724,1,1
rw13725,1,0
rw13726,0,1
rw13727,1,1
rw13728,1,1
rw13729,1,3
rw1373,2,2
rw13731,1,0
rw13732,1,1
rw13733,2,1
rw13734,1,0
rw13735,0,0
rw13736,2,0
rw13737,0,2
rw13738,1,0
rw13739,0,0
rw1374,0,0
rw13740,0,3
rw13741,1,1
rw13742,1,2
rw13743,1,0
rw13744,0,2
rw13745,1,3
rw13746,1,0
rw13747,1,1
rw13748,0,0
rw13749,1,0
rw1375,1,0
rw13750,0,0
rw13751,0,0
rw13752,0,0
rw13753,1,0
rw13754,2,2
rw13755,1,0
rw13756,1,2
rw13757,1,0
rw13758,0,1
rw13759,2,1
rw1376,0,0
rw13760,1,1
rw13761,1,2
rw13762,2,0
rw13763,0,1
rw13764,1,0
rw13765,0,1
rw13766,1,0
rw13767,1,1
rw13768,0,1
rw13769,1,0
rw1377,0,1
rw13770,4,1
rw13771,3,1
rw13772,2,1
rw13773,1,3
rw13774,0,0
rw13775,2,3
rw13776,1,0
rw13777,2,1
rw13778,2,0
rw13779,0,1
rw1378,2,0
rw13780,1,0
rw13781,2,4
rw13782,0,1
rw13783,0,1
rw13784,0,1
rw13785,0,0
rw13787,0,2
rw13788,1,0
rw13789,1,1
rw1379,1,0
rw13790,0,0
rw13791,0,1
rw13792,0,0
rw13793,2,0
rw13794,0,0
rw13795,2,1
rw13796,1,0
rw13797,1,2
rw13798,0,0
rw13799,2,0
rw1380,1,0
rw13800,1,1
rw13801,0,1
rw13802,0,0
rw13803,0,0
rw13804,0,1
rw13805,0,2
rw13806,0,2
rw13807,1,1
rw13808,0,0
rw13809,1,0
rw1381,2,1
rw13810,1,0
rw13811,1,1
rw13812,0,0
rw13813,0,1
rw13815,0,2
rw13817,1,2
rw13818,1,0
rw13819,1,0
rw1382,3,4
rw13820,2,1
rw13821,1,1
rw13822,0,5
rw13823,1,1
rw13824,2,2
rw13825,0,0
rw13826,2,0
rw13827,2,0
rw13828,0,0
rw13829,1,0
rw1383,2,1
rw13830,0,1
rw13831,1,2
rw13832,1,2
rw13833,1,0
rw13834,0,1
rw13835,1,1
rw13836,0,0
rw13837,2,4
rw13838,0,0
rw13839,1,1
rw1384,1,0
rw13840,2,1
rw13841,2,0
rw13842,0,1
rw13843,0,1
rw13844,1,0
rw13845,2,0
rw13846,0,0
rw13847,0,0
rw13848,1,1
rw13849,1,0
rw1385,4,4
rw13850,0,1
rw13851,2,0
rw13852,0,1
rw13853,2,1
rw13854,0,0
rw13855,2,0
rw13856,0,0
rw13857,2,0
rw13858,1,1
rw13859,2,0
rw13860,0,0
rw13861,0,0
rw13862,3,1
rw13863,2,0
rw13864,0,1
rw13865,5,0
rw13866,0,1
rw13867,2,0
rw13868,0,1
rw13869,0,0
rw1387,0,0
rw13870,1,1
rw13871,1,0
rw13872,4,0
rw13873,0,1
rw13874,1,0
rw13876,0,0
rw13877,0,1
rw13878,2,0
rw13879,0,0
rw1388,1,0
rw13880,0,3
rw13881,0,0
rw13882,0,1
rw13883,0,1
rw13884,0,3
rw13885,5,1
rw13886,0,0
rw13887,1,0
rw13888,0,1
rw13889,0,0
rw1389,1,1
rw13890,3,0
rw13891,0,4
rw13892,1,0
rw13893,1,0
rw13894,0,0
rw13895,2,0
rw13896,0,0
rw13897,0,0
rw13898,2,0
rw13899,0,2
rw1390,1,1
rw13900,0,0
rw13901,1,1
rw13902,0,0
rw13903,2,0
rw13904,3,0
rw13905,1,2
rw13906,0,1
rw13907,1,0
rw13908,2,0
rw13909,0,3
rw1391,1,0
rw13910,2,0
rw13911,1,0
rw13912,1,0
rw13913,2,1
rw13914,2,2
rw13915,0,2
rw13916,0,2
rw13917,1,0
rw13918,0,1
rw13919,2,0
rw1392,7,0
rw13920,2,0
rw13921,1,1
rw13922,2,1
rw13923,1,0
rw13924,1,0
rw13925,2,0
rw13926,0,0
rw13927,2,1
rw13928,0,1
rw13929,2,1
rw1393,2,4
rw13930,1,1
rw13931,1,1
rw13932,0,0
rw13933,2,2
rw13934,0,0
rw13935,1,1
rw13936,1,1
rw13937,1,5
rw13938,2,2
rw13939,2,0
rw1394,2,0
rw13940,1,0
rw13941,1,0
rw13942,3,0
rw13943,0,1
rw13944,0,0
rw13945,0,0
rw13946,0,1
rw13947,1,2
rw13948,1,2
rw13949,1,0
rw1395,2,1
rw13950,0,0
rw13951,1,0
rw13952,0,0
rw13953,1,0
rw13954,0,0
rw13955,1,1
rw13956,1,0
rw13957,2,1
rw13958,1,3
rw13959,1,1
rw1396,3,1
rw13960,0,1
rw13961,2,2
rw13962,4,2
rw13963,1,1
rw13964,0,0
rw13965,3,0
rw13967,4,3
rw13968,1,0
rw13969,1,0
rw1397,0,0
rw13970,0,0
rw13971,0,0
rw13972,0,2
rw13973,0,0
rw13974,1,0
rw13975,1,0
rw13976,1,0
rw13977,0,0
rw13978,0,0
rw13979,1,0
rw1398,0,1
rw13980,2,1
rw13981,0,0
rw13982,1,0
rw13983,1,4
rw13984,3,0
rw13985,1,2
rw13986,3,0
rw13987,0,1
rw13988,1,1
rw13989,1,0
rw1399,0,0
rw13990,2,2
rw13991,2,3
rw13992,0,0
rw13993,0,0
rw13994,2,0
rw13995,0,1
rw13996,0,0
rw13997,1,0
rw13998,2,0
rw13999,0,1
rw1400,2,1
rw14000,0,0
rw14001,2,1
rw14002,1,0
rw14003,0,0
rw14004,0,0
rw14005,0,1
rw14006,0,0
rw14007,1,0
rw14008,0,0
rw14009,0,0
rw1401,0,0
rw14010,2,1
rw14011,1,1
rw14012,1,0
rw14013,2,0
rw14014,2,1
rw14016,0,0
rw14017,0,0
rw14018,2,1
rw14019,0,0
rw1402,2,0
rw14020,3,1
rw14021,0,1
rw14022,0,0
rw14023,0,0
rw14024,0,2
rw14025,0,0
rw14026,0,0
rw14027,2,2
rw14028,1,0
rw14029,0,1
rw1403,1,1
rw14030,0,0
rw14031,2,0
rw14032,2,0
rw14033,2,1
rw14034,1,0
rw14035,2,2
rw14036,2,1
rw14037,1,2
rw14038,2,0
rw14039,0,1
rw1404,1,1
rw14040,0,1
rw14041,2,1
rw14042,1,2
rw14043,1,1
rw14044,0,0
rw14045,0,0
rw14046,1,0
rw14047,0,0
rw14048,0,0
rw14049,1,1
rw1405,1,0
rw14050,1,1
rw14051,0,0
rw14052,0,0
rw14053,1,3
rw14054,1,2
rw14055,0,1
rw14056,1,0
rw14057,1,3
rw14058,2,0
rw14059,1,0
rw1406,1,3
rw14061,0,0
rw14062,0,0
rw14063,0,0
rw14064,0,0
rw14065,2,3
rw14066,0,0
rw14067,3,0
rw14068,3,0
rw14069,0,0
rw1407,0,0
rw14070,2,1
rw14071,0,0
rw14072,1,4
rw14073,1,0
rw14074,0,0
rw14075,2,1
rw14076,1,0
rw14077,0,0
rw14078,1,1
rw14079,0,0
rw1408,1,2
rw14080,1,3
rw14081,2,0
rw14082,2,0
rw14083,1,0
rw14084,0,0
rw14085,2,0
rw14086,0,0
rw14087,1,0
rw14088,2,1
rw14089,0,1
rw1409,1,2
rw14090,1,3
rw14091,3,1
rw14092,0,0
rw14093,0,0
rw14094,3,0
rw14095,0,0
rw14096,1,0
rw14097,1,1
rw14098,3,0
rw14099,0,0
rw1410,1,1
rw14100,0,0
rw14101,1,0
rw14102,2,0
rw14103,1,1
rw14104,2,1
rw14105,0,0
rw14106,0,0
rw14107,0,0
rw14108,2,0
rw14109,0,0
rw14110,0,0
rw14111,2,0
rw14112,0,0
rw14113,1,0
rw14114,0,0
rw14115,0,2
rw14116,0,0
rw14117,3,0
rw14118,0,1
rw14119,4,0
rw1412,1,0
rw14120,3,0
rw14121,1,2
rw14122,1,1
rw14123,0,0
rw14124,0,1
rw14125,0,0
rw14126,0,0
rw14127,2,0
rw14128,1,1
rw14129,2,0
rw1413,4,0
rw14130,0,1
rw14131,0,0
rw14132,1,0
rw14133,1,1
rw14134,0,2
rw14135,0,0
rw14136,3,1
rw14137,1,1
rw14138,1,0
rw14139,2,1
rw1414,2,0
rw14140,1,0
rw14141,0,0
rw14142,2,0
rw14143,1,1
rw14144,1,0
rw14145,2,1
rw14146,1,0
rw14147,0,1
rw14148,0,0
rw14149,1,0
rw1415,0,0
rw14150,1,1
rw14151,2,1
rw14152,1,0
rw14153,1,0
rw14154,0,0
rw14155,0,0
rw14156,3,0
rw14157,0,0
rw14158,2,0
rw14159,3,1
rw1416,1,0
rw14160,1,2
rw14161,0,0
rw14162,2,0
rw14163,2,0
rw14164,2,1
rw14165,1,1
rw14166,0,0
rw14167,1,0
rw14168,2,0
rw14169,1,0
rw1417,2,1
rw14170,2,3
rw14171,0,1
rw14172,2,2
rw14173,0,1
rw14174,0,0
rw14175,0,0
rw14176,0,1
rw14177,1,0
rw14178,0,0
rw14179,1,0
rw1418,1,0
rw14180,0,1
rw14181,1,3
rw14182,0,0
rw14183,0,1
rw14184,0,0
rw14185,2,1
rw14186,0,0
rw14187,1,1
rw14188,1,3
rw14189,0,0
rw1419,1,1
rw14190,1,0
rw14191,1,1
rw14192,1,3
rw14193,2,0
rw14194,0,0
rw14195,0,0
rw14196,0,1
rw14197,2,1
rw14198,2,0
rw14199,1,1
rw1420,1,5
rw14200,1,0
rw14201,0,0
rw14202,0,1
rw14203,0,4
rw14204,1,0
rw14205,2,3
rw14206,0,0
rw14207,0,2
rw14208,2,0
rw14209,0,0
rw1421,5,3
rw14210,0,2
rw14211,2,1
rw14212,1,0
rw14213,2,1
rw14214,0,0
rw14215,0,0
rw14216,2,1
rw14217,0,1
rw14218,0,1
rw14219,2,0
rw1422,0,1
rw14220,0,0
rw14221,1,2
rw14222,1,0
rw14223,0,0
rw14224,1,0
rw14225,0,0
rw14226,0,1
rw14227,2,2
rw14228,1,1
rw14229,1,1
rw1423,0,0
rw14230,1,3
rw14231,1,1
rw14232,1,1
rw14233,0,1
rw14234,0,1
rw14235,0,0
rw14236,2,0
rw14237,1,0
rw14238,2,1
rw14239,0,2
rw1424,1,0
rw14240,0,2
rw14241,0,0
rw14242,1,0
rw14243,0,1
rw14244,1,0
rw14245,2,1
rw14246,2,0
rw14247,2,1
rw14248,1,1
rw14249,1,1
rw1425,1,1
rw14250,0,0
rw14251,0,0
rw14252,2,1
rw14253,1,0
rw14254,1,0
rw14255,1,0
rw14256,2,0
rw14257,1,0
rw14258,0,1
rw14259,2,2
rw1426,2,2
rw14260,0,0
rw14261,0,0
rw14262,1,0
rw14263,0,1
rw14264,0,2
rw14265,1,0
rw14266,0,0
rw14267,1,0
rw14268,2,0
rw14269,0,0
rw1427,2,0
rw14270,0,0
rw14271,0,1
rw14272,2,0
rw14273,0,0
rw14274,1,1
rw14275,0,0
rw14276,3,1
rw14277,3,0
rw14278,0,0
rw14279,0,0
rw1428,1,1
rw14280,3,4
rw14281,1,1
rw14282,0,0
rw14283,1,1
rw14284,1,0
rw14285,0,0
rw14286,0,0
rw14287,0,0
rw14288,1,0
rw14289,0,0
rw1429,1,0
rw14290,1,2
rw14291,1,0
rw14292,2,0
rw14293,0,0
rw14294,1,1
rw14295,1,4
rw14296,0,0
rw14297,0,2
rw14298,1,0
rw14299,1,0
rw1430,2,0
rw14300,0,0
rw14301,1,1
rw14302,1,1
rw14303,3,0
rw14304,1,0
rw14305,0,0
rw14306,0,0
rw14307,0,1
rw14308,0,1
rw14309,1,0
rw1431,2,0
rw14310,0,2
rw14311,1,0
rw14312,1,0
rw14313,2,0
rw14314,0,0
rw14315,1,2
rw14316,0,0
rw14317,0,0
rw14318,0,0
rw14319,1,1
rw1432,1,0
rw14320,0,2
rw14321,0,1
rw14322,2,0
rw14323,0,0
rw14324,0,0
rw14325,3,0
rw14326,0,0
rw14327,0,0
rw14328,0,0
rw14329,0,0
rw1433,1,0
rw14330,2,1
rw14331,2,1
rw14332,3,0
rw14333,1,0
rw14334,0,0
rw14335,1,1
rw14336,1,1
rw14337,0,0
rw14338,0,0
rw14339,0,0
rw1434,3,1
rw14340,0,0
rw14341,2,2
rw14342,0,0
rw14343,0,0
rw14344,0,0
rw14345,0,3
rw14346,0,0
rw14347,0,0
rw14348,0,1
rw14349,1,0
rw1435,0,0
rw14350,1,0
rw14351,0,0
rw14352,0,0
rw14353,1,3
rw14354,1,2
rw14355,0,0
rw14356,1,1
rw14357,1,1
rw14358,2,0
rw14359,2,0
rw1436,1,0
rw14360,1,2
rw14361,2,1
rw14362,0,2
rw14363,1,1
rw14364,0,0
rw14365,0,1
rw14366,0,0
rw14367,1,0
rw14368,1,1
rw14369,0,0
rw1437,0,1
rw14370,0,0
rw14371,1,0
rw14372,3,0
rw14373,1,1
rw14374,0,1
rw14375,0,0
rw14376,3,1
rw14377,0,0
rw14378,0,0
rw14379,1,0
rw1438,2,0
rw14380,0,0
rw14381,1,0
rw14382,1,0
rw14383,2,1
rw14384,2,0
rw14385,0,2
rw14386,0,0
rw14387,2,1
rw14388,2,0
rw14389,1,0
rw1439,1,2
rw14390,0,1
rw14391,2,3
rw14392,0,0
rw14393,2,1
rw14394,0,1
rw14395,0,1
rw14396,1,1
rw14397,0,1
rw14398,0,0
rw14399,0,0
rw1440,1,0
rw14400,3,2
rw14401,2,0
rw14402,0,0
rw14403,0,1
rw14404,0,0
rw14405,2,0
rw14406,3,2
rw14407,2,1
rw14408,3,0
rw14409,1,0
rw1441,0,0
rw14410,1,0
rw14411,0,1
rw14412,0,0
rw14413,0,0
rw14414,2,0
rw14415,2,1
rw14416,1,0
rw14417,0,2
rw14418,5,0
rw14419,2,1
rw1442,2,1
rw14420,0,0
rw14421,0,0
rw14422,0,2
rw14423,0,0
rw14424,0,0
rw14425,1,0
rw14426,0,0
rw14427,0,1
rw14428,0,0
rw14429,0,0
rw1443,0,1
rw14430,2,0
rw14431,0,0
rw14432,0,0
rw14433,1,1
rw14434,1,2
rw14435,0,0
rw14436,0,0
rw14437,2,1
rw14438,0,0
rw14439,2,2
rw1444,4,1
rw14440,0,0
rw14441,1,2
rw14442,0,0
rw14443,3,2
rw14444,2,1
rw14445,0,0
rw14446,1,1
rw14447,0,0
rw14448,0,0
rw14449,0,0
rw1445,0,0
rw14450,1,0
rw14451,1,0
rw14452,0,0
rw14453,0,0
rw14454,0,0
rw14455,0,0
rw14456,0,3
rw14457,0,0
rw14458,2,1
rw14459,0,0
rw1446,0,3
rw14460,1,0
rw14461,0,0
rw14462,0,2
rw14463,2,0
rw14464,2,1
rw14465,2,0
rw14466,1,1
rw14467,1,0
rw14468,1,0
rw14469,0,1
rw1447,0,3
rw14470,0,1
rw14471,0,0
rw14472,2,0
rw14473,1,0
rw14474,2,0
rw14475,1,0
rw14476,1,1
rw14477,2,0
rw14478,0,0
rw14479,0,2
rw1448,1,3
rw14480,0,1
rw14481,0,0
rw14482,0,1
rw14483,2,0
rw14484,0,0
rw14485,0,3
rw14486,3,1
rw14487,1,0
rw14488,0,1
rw14489,0,0
rw1449,1,2
rw14490,1,1
rw14491,0,0
rw14492,2,2
rw14493,4,0
rw14494,0,3
rw14495,2,0
rw14496,1,1
rw14497,0,0
rw14498,0,3
rw14499,1,0
rw1450,1,0
rw14500,1,2
rw14501,2,1
rw14502,3,2
rw14503,1,0
rw14504,0,1
rw14505,2,2
rw14506,1,0
rw14507,0,6
rw14508,1,1
rw14509,0,0
rw1451,2,1
rw14511,1,1
rw14512,0,1
rw14513,0,1
rw14514,2,1
rw14515,0,0
rw14516,1,0
rw14517,2,1
rw14518,0,2
rw14519,0,0
rw1452,0,0
rw14520,1,2
rw14521,1,1
rw14522,1,2
rw14523,0,0
rw14524,0,2
rw14525,1,0
rw14526,0,1
rw14527,2,0
rw14528,1,0
rw14529,0,3
rw1453,0,0
rw14530,3,4
rw14531,2,2
rw14532,0,0
rw14533,0,1
rw14534,1,1
rw14535,1,1
rw14536,2,0
rw14537,2,1
rw14538,1,1
rw14539,0,0
rw1454,0,0
rw14540,1,0
rw14541,1,1
rw14542,1,1
rw14543,0,1
rw14545,1,1
rw14546,0,1
rw14547,1,2
rw14548,0,0
rw14549,0,0
rw1455,2,1
rw14550,1,0
rw14551,1,1
rw14552,2,1
rw14553,0,0
rw14554,0,0
rw14555,0,1
rw14556,1,1
rw14557,0,3
rw14558,1,2
rw14559,1,1
rw1456,0,1
rw14560,0,0
rw14561,0,1
rw14562,0,0
rw14563,1,1
rw14564,1,0
rw14565,2,1
rw14566,0,0
rw14567,2,1
rw14568,2,2
rw14569,2,1
rw1457,3,1
rw14570,0,0
rw14571,1,1
rw14572,1,1
rw14573,0,0
rw14574,1,0
rw14575,0,0
rw14576,3,1
rw14577,2,0
rw14578,1,2
rw14579,1,1
rw1458,1,1
rw14580,1,0
rw14581,1,0
rw14582,0,1
rw14583,0,1
rw14584,0,0
rw14585,1,0
rw14586,0,1
rw14587,0,1
rw14588,1,0
rw14589,2,1
rw1459,0,1
rw14590,2,1
rw14591,0,0
rw14592,0,0
rw14593,0,1
rw14594,1,0
rw14595,2,1
rw14596,0,1
rw14597,1,0
rw14598,1,2
rw14599,0,0
rw1460,1,2
rw14600,0,0
rw14601,0,1
rw14602,0,0
rw14603,0,2
rw14604,1,2
rw14605,2,0
rw14606,0,1
rw14607,0,4
rw14608,0,2
rw14609,1,1
rw1461,0,0
rw14610,0,1
rw14611,1,1
rw14612,1,0
rw14613,0,0
rw14614,0,0
rw14615,0,1
rw14617,0,1
rw14618,1,1
rw14619,0,0
rw1462,2,1
rw14620,1,0
rw14622,0,1
rw14623,2,0
rw14624,2,0
rw14625,0,0
rw14626,1,1
rw14627,0,1
rw14628,0,1
rw14629,0,0
rw1463,2,0
rw14630,2,4
rw14631,0,0
rw14632,2,0
rw14633,1,0
rw14634,0,2
rw14635,1,2
rw14636,0,0
rw14637,0,0
rw14638,2,0
rw14639,0,0
rw1464,0,0
rw14640,0,0
rw14641,0,0
rw14642,1,0
rw14643,0,1
rw14644,1,0
rw14645,0,0
rw14646,0,0
rw14647,0,0
rw14648,1,2
rw14649,2,1
rw1465,2,0
rw14650,1,1
rw14652,0,2
rw14653,0,0
rw14654,0,1
rw14655,2,4
rw14656,0,1
rw14657,2,0
rw14658,0,1
rw1466,0,0
rw14660,0,0
rw14661,1,1
rw14662,1,2
rw14663,1,3
rw14664,2,0
rw14665,5,0
rw14666,5,0
rw14667,2,1
rw14668,2,0
rw1467,1,0
rw14670,1,0
rw14671,4,3
rw14672,5,2
rw14673,4,0
rw14674,1,1
rw14675,3,0
rw14676,1,0
rw14677,2,0
rw14678,1,5
rw14679,1,0
rw14680,0,1
rw14681,2,4
rw14682,3,1
rw14683,2,3
rw14684,1,1
rw14685,0,6
rw14686,1,8
rw14687,2,1
rw14688,0,1
rw14689,5,5
rw1469,2,0
rw14690,0,1
rw14691,2,2
rw14692,4,3
rw14693,1,0
rw14694,2,0
rw14695,0,4
rw14696,2,3
rw14697,2,0
rw14698,1,1
rw14699,0,1
rw1470,1,1
rw14700,1,0
rw14701,2,4
rw14702,2,2
rw14703,2,0
rw14704,2,1
rw14705,1,0
rw14706,0,1
rw14707,0,2
rw14708,0,0
rw14709,1,0
rw1471,2,0
rw14711,1,0
rw14712,2,1
rw14713,1,4
rw14714,1,2
rw14715,1,0
rw14717,1,0
rw14718,0,1
rw14719,1,3
rw1472,2,2
rw14720,3,6
rw14721,1,1
rw14722,0,0
rw14723,3,3
rw14724,2,1
rw14725,1,3
rw14726,4,6
rw14727,1,3
rw14728,5,2
rw14729,2,4
rw1473,2,4
rw14730,2,4
rw14731,3,2
rw14732,0,3
rw14733,0,0
rw14734,1,0
rw14735,1,0
rw14736,1,1
rw14737,9,11
rw14738,2,1
rw14739,1,2
rw1474,2,1
rw14740,3,5
rw14741,2,2
rw14742,2,0
rw14743,5,0
rw14744,3,2
rw14746,2,1
rw14747,5,1
rw14748,2,1
rw14749,0,0
rw1475,1,0
rw14750,1,6
rw14751,1,1
rw14752,0,2
rw14753,1,2
rw14754,2,1
rw14755,5,6
rw14756,4,0
rw14757,0,0
rw14758,1,1
rw14759,2,1
rw1476,1,1
rw14760,3,0
rw14761,0,1
rw14762,1,0
rw14763,0,4
rw14764,1,1
rw14765,0,4
rw14766,1,3
rw14767,1,2
rw14768,0,0
rw14769,1,2
rw1477,1,0
rw14770,2,1
rw14771,3,2
rw14772,2,3
rw14773,3,9
rw14774,1,1
rw14775,2,0
rw14776,3,0
rw14778,2,2
rw14779,1,0
rw1478,1,0
rw14780,0,0
rw14781,1,0
rw14782,2,0
rw14783,2,0
rw14784,0,1
rw14785,2,0
rw14786,7,2
rw14787,1,1
rw14789,1,1
rw1479,1,0
rw14790,1,2
rw14791,4,0
rw14792,3,3
rw14793,2,1
rw14794,1,2
rw14795,4,1
rw14796,0,2
rw14797,1,1
rw14798,3,1
rw14799,2,0
rw1480,0,0
rw14800,2,2
rw14801,1,4
rw14802,1,0
rw14803,2,2
rw14804,1,2
rw14805,0,1
rw14806,2,1
rw14807,0,0
rw14808,0,1
rw14809,1,0
rw1481,4,2
rw14810,3,2
rw14811,1,1
rw14812,3,0
rw14813,2,0
rw14814,1,2
rw14815,0,2
rw14816,1,0
rw14817,1,0
rw14818,4,2
rw14819,2,3
rw1482,3,0
rw14820,2,1
rw14821,1,2
rw14822,1,4
rw14823,1,0
rw14824,2,0
rw14825,1,4
rw14826,1,0
rw14828,0,2
rw14829,3,4
rw1483,1,0
rw14830,1,0
rw14831,0,0
rw14832,2,1
rw14833,1,1
rw14834,1,0
rw14835,0,1
rw14836,4,0
rw14837,2,0
rw14838,0,0
rw14839,1,0
rw1484,3,0
rw14840,1,0
rw14841,0,5
rw14842,1,0
rw14843,1,2
rw14845,1,1
rw14846,2,2
rw14847,2,0
rw14849,0,5
rw1485,0,0
rw14850,5,1
rw14851,0,0
rw14852,18,1
rw14853,0,0
rw14854,0,1
rw14855,1,1
rw14856,1,3
rw14857,0,1
rw14858,2,4
rw14859,4,2
rw1486,2,3
rw14860,0,1
rw14861,1,1
rw14862,2,2
rw14863,1,1
rw14864,1,6
rw14865,2,0
rw14866,1,1
rw14867,2,1
rw14868,1,6
rw14869,0,0
rw1487,2,0
rw14870,3,5
rw14871,0,3
rw14872,2,1
rw14873,3,2
rw14874,1,0
rw14875,1,1
rw14876,2,0
rw14877,3,4
rw14878,2,0
rw14879,3,3
rw1488,1,0
rw14880,1,0
rw14881,0,0
rw14882,1,5
rw14883,1,1
rw14884,0,0
rw14885,2,0
rw14886,3,0
rw14887,1,0
rw14888,1,1
rw14889,1,0
rw1489,3,5
rw14890,1,0
rw14891,2,0
rw14892,1,1
rw14893,3,5
rw14894,0,0
rw14895,1,0
rw14896,0,1
rw14897,0,2
rw14898,0,1
rw14899,4,12
rw1490,0,0
rw14900,1,0
rw14901,2,1
rw14902,1,2
rw14903,0,0
rw14904,3,1
rw14905,0,0
rw14906,2,0
rw14907,2,8
rw14908,1,0
rw14909,0,0
rw1491,4,1
rw14910,0,1
rw14911,1,1
rw14912,1,1
rw14913,0,3
rw14914,1,0
rw14915,1,1
rw14916,2,2
rw14917,1,4
rw14918,1,1
rw14919,1,0
rw1492,0,0
rw14920,1,2
rw14921,0,1
rw14922,2,2
rw14923,1,6
rw14924,0,2
rw14925,1,0
rw14926,0,0
rw14927,2,1
rw14928,2,3
rw14929,3,5
rw1493,1,0
rw14930,2,0
rw14931,1,3
rw14932,1,0
rw14933,2,0
rw14934,3,1
rw14935,1,0
rw14936,1,1
rw14937,1,2
rw14938,1,1
rw14939,1,2
rw1494,1,4
rw14940,1,0
rw14941,2,0
rw14942,0,3
rw14943,0,0
rw14944,1,1
rw14945,2,1
rw14946,1,0
rw14947,1,0
rw14948,0,1
rw14949,1,0
rw1495,1,0
rw14950,4,1
rw14951,1,2
rw14953,1,2
rw14954,3,0
rw14955,0,0
rw14956,1,2
rw14957,2,2
rw14958,2,2
rw14959,1,2
rw1496,1,1
rw14960,5,2
rw14961,1,0
rw14962,2,0
rw14963,3,0
rw14964,0,4
rw14965,3,4
rw14966,2,0
rw14967,3,2
rw14968,2,3
rw14969,2,0
rw1497,1,1
rw14970,0,0
rw14971,0,0
rw14972,0,1
rw14973,2,4
rw14974,0,2
rw14975,2,0
rw14976,4,3
rw14977,0,0
rw14978,3,0
rw14979,2,1
rw1498,12,5
rw14980,1,0
rw14981,4,4
rw14982,3,0
rw14983,2,0
rw14984,2,2
rw14985,1,0
rw14987,3,1
rw14988,2,0
rw14989,0,1
rw1499,3,1
rw14990,4,3
rw14991,3,1
rw14992,2,1
rw14993,0,0
rw14994,3,1
rw14995,1,1
rw14996,1,0
rw14997,2,2
rw14998,0,0
rw14999,0,0
rw1500,0,0
rw15000,4,0
rw15001,2,1
rw15002,1,1
rw15004,3,6
rw15005,0,0
rw15006,0,1
rw15007,3,1
rw15008,0,9
rw15009,2,0
rw1501,1,2
rw15010,0,0
rw15011,2,1
rw15012,0,2
rw15013,1,2
rw15014,2,1
rw15015,2,0
rw15016,1,7
rw15017,2,2
rw15018,0,0
rw15019,2,0
rw1502,0,1
rw15020,0,4
rw15021,2,1
rw15022,2,2
rw15023,3,0
rw15024,0,0
rw15025,1,3
rw15026,2,1
rw15027,1,1
rw15028,0,0
rw15029,1,1
rw1503,1,1
rw15030,0,0
rw15031,1,1
rw15032,1,2
rw15033,1,1
rw15034,2,2
rw15035,1,1
rw15036,4,0
rw15037,1,1
rw15038,4,2
rw15039,3,1
rw1504,1,0
rw15040,0,2
rw15041,1,0
rw15042,1,0
rw15043,0,1
rw15044,1,3
rw15045,2,1
rw15046,0,0
rw15047,1,0
rw15048,2,1
rw15049,1,2
rw1505,5,3
rw15050,0,0
rw15051,0,1
rw15052,1,0
rw15053,1,2
rw15054,1,1
rw15055,0,4
rw15056,1,0
rw15057,0,5
rw15058,0,0
rw15059,1,2
rw1506,2,3
rw15060,2,0
rw15061,4,6
rw15062,1,1
rw15064,2,5
rw15065,0,1
rw15066,1,0
rw15067,1,1
rw15068,3,3
rw15069,1,1
rw1507,4,2
rw15070,2,1
rw15071,2,3
rw15072,1,0
rw15073,1,1
rw15074,1,2
rw15075,1,1
rw15076,0,0
rw15077,3,0
rw15078,2,1
rw15079,1,0
rw1508,0,4
rw15080,6,0
rw15081,1,0
rw15082,2,1
rw15083,0,3
rw15084,3,0
rw15085,0,2
rw15086,1,1
rw15087,1,2
rw15088,0,2
rw15089,1,1
rw15090,1,0
rw15091,0,0
rw15092,1,1
rw15093,0,2
rw15094,1,2
rw15095,1,4
rw15096,1,2
rw15097,2,6
rw15098,1,1
rw15099,1,0
rw1510,1,9
rw15100,2,0
rw15101,0,6
rw15102,0,1
rw15103,2,1
rw15104,1,1
rw15105,0,1
rw15106,0,2
rw15107,3,1
rw15109,3,3
rw1511,3,2
rw15110,0,0
rw15111,0,1
rw15112,2,2
rw15113,1,2
rw15114,2,3
rw15115,2,1
rw15116,2,1
rw15117,0,1
rw15118,1,0
rw15119,0,1
rw1512,3,1
rw15120,6,0
rw15121,1,0
rw15122,1,0
rw15123,1,0
rw15124,1,4
rw15125,1,1
rw15126,1,1
rw15127,1,1
rw15128,1,0
rw15129,0,0
rw1513,3,1
rw15130,2,4
rw15131,3,5
rw15132,2,2
rw15133,1,1
rw15134,4,3
rw15135,2,0
rw15136,0,1
rw15137,0,5
rw15138,2,7
rw15139,0,1
rw1514,1,3
rw15140,0,3
rw15141,2,2
rw15142,1,1
rw15143,2,2
rw15144,0,0
rw15145,1,1
rw15146,1,1
rw15147,1,0
rw15148,3,3
rw15149,0,2
rw1515,5,2
rw15150,3,0
rw15151,7,0
rw15152,0,0
rw15153,1,2
rw15154,1,0
rw15155,1,3
rw15156,2,1
rw15157,1,1
rw15158,1,2
rw15159,3,4
rw1516,4,2
rw15160,3,2
rw15161,0,0
rw15162,1,0
rw15163,3,3
rw15164,4,0
rw15166,1,0
rw15167,0,1
rw15168,3,4
rw15169,0,6
rw15170,2,2
rw15171,2,2
rw15172,1,0
rw15173,2,0
rw15174,1,0
rw15175,12,6
rw15176,1,0
rw15177,2,0
rw15178,5,0
rw15179,3,4
rw1518,1,2
rw15180,0,3
rw15181,1,1
rw15182,0,3
rw15183,2,3
rw15184,1,0
rw15185,1,3
rw15186,0,4
rw15187,1,1
rw15188,1,1
rw15189,0,0
rw1519,4,1
rw15190,1,3
rw15191,1,0
rw15192,1,2
rw15193,4,1
rw15194,0,2
rw15195,0,0
rw15196,0,0
rw15197,4,0
rw15198,3,1
rw15199,2,0
rw1520,6,6
rw15200,0,0
rw15201,1,0
rw15202,0,0
rw15203,1,1
rw15204,1,0
rw15205,0,1
rw15206,0,1
rw15207,2,0
rw15208,1,1
rw15209,1,3
rw1521,4,7
rw15210,0,0
rw15211,3,0
rw15212,2,0
rw15213,3,0
rw15214,2,2
rw15216,1,0
rw15217,3,3
rw15218,0,3
rw15219,1,4
rw1522,5,2
rw15220,0,0
rw15221,0,2
rw15222,3,1
rw15223,4,1
rw15224,1,0
rw15225,2,2
rw15226,6,2
rw15228,1,0
rw15229,1,4
rw1523,3,4
rw15230,1,1
rw15231,1,2
rw15232,1,1
rw15233,1,1
rw15234,1,0
rw15235,1,0
rw15236,0,0
rw15237,1,1
rw15238,0,1
rw15239,3,1
rw1524,8,4
rw15240,2,1
rw15241,0,0
rw15242,2,0
rw15243,0,0
rw15244,4,2
rw15245,1,0
rw15246,1,0
rw15247,1,1
rw15248,0,2
rw15249,0,1
rw1525,2,5
rw15250,5,3
rw15251,0,1
rw15252,1,0
rw15253,2,1
rw15254,3,0
rw15255,2,2
rw15256,1,0
rw15257,0,0
rw15258,0,0
rw15259,0,1
rw1526,2,2
rw15260,2,1
rw15261,1,0
rw15262,2,0
rw15263,0,0
rw15264,0,1
rw15265,1,1
rw15266,2,0
rw15267,1,1
rw15268,2,1
rw15269,2,2
rw1527,9,3
rw15270,2,5
rw15271,1,3
rw15272,2,0
rw15274,4,0
rw15275,3,1
rw15276,1,3
rw15277,1,0
rw15278,0,1
rw15279,1,0
rw1528,0,1
rw15280,4,0
rw15282,2,0
rw15283,2,1
rw15284,0,0
rw15285,0,0
rw15286,1,1
rw15287,0,0
rw15288,3,1
rw15289,1,1
rw1529,2,3
rw15290,0,0
rw15291,2,1
rw15292,3,2
rw15293,0,0
rw15294,0,4
rw15295,0,1
rw15296,2,5
rw15297,2,1
rw15298,1,0
rw15299,0,1
rw1530,1,4
rw15300,1,5
rw15301,2,2
rw15302,0,0
rw15303,2,3
rw15304,5,6
rw15305,3,4
rw15306,4,4
rw15307,3,0
rw15308,2,3
rw15309,4,4
rw1531,5,0
rw15310,4,4
rw15311,2,0
rw15312,2,3
rw15313,1,0
rw15314,1,0
rw15315,1,0
rw15316,2,4
rw15317,2,0
rw15318,2,1
rw15319,1,0
rw1532,2,1
rw15320,0,2
rw15322,1,1
rw15323,1,8
rw15324,0,1
rw15325,0,2
rw15326,0,4
rw15327,2,1
rw15328,0,4
rw15329,6,3
rw1533,1,3
rw15330,2,3
rw15331,1,0
rw15332,3,4
rw15333,0,0
rw15334,2,0
rw15335,6,8
rw15337,3,6
rw15338,2,1
rw15339,5,2
rw1534,2,3
rw15340,4,0
rw15341,1,0
rw15342,1,2
rw15343,4,1
rw15344,1,1
rw15345,2,3
rw15346,3,4
rw15347,0,6
rw15348,4,1
rw15349,1,2
rw1535,1,13
rw15350,0,3
rw15351,2,1
rw15352,4,6
rw15353,1,2
rw15354,6,3
rw15355,3,3
rw15356,2,8
rw15357,1,0
rw15358,3,3
rw15359,0,4
rw1536,3,3
rw15360,4,2
rw15361,0,2
rw15362,1,1
rw15363,4,1
rw15364,2,0
rw15367,0,5
rw15368,2,1
rw15369,5,3
rw1537,1,2
rw15370,2,1
rw15371,1,2
rw15372,3,1
rw15373,3,2
rw15374,4,0
rw15375,1,2
rw15377,4,0
rw15378,1,1
rw15379,0,1
rw1538,2,2
rw15380,5,6
rw15381,2,8
rw15382,4,1
rw15383,2,0
rw15385,0,1
rw15386,5,1
rw15387,7,1
rw15388,1,3
rw15389,4,2
rw1539,3,1
rw15390,1,0
rw15391,0,2
rw15392,1,5
rw15393,3,6
rw15394,3,4
rw15395,1,0
rw15396,5,0
rw15398,1,12
rw15399,9,2
rw1540,2,0
rw15400,0,1
rw15401,4,1
rw15402,2,0
rw15403,1,4
rw15404,1,1
rw15405,1,3
rw15406,2,2
rw15407,3,2
rw15408,2,1
rw15409,4,0
rw1541,2,4
rw15410,0,1
rw15411,0,0
rw15412,1,2
rw15413,2,2
rw15414,3,1
rw15415,2,2
rw15416,2,1
rw15418,0,5
rw15419,5,1
rw1542,2,8
rw15420,2,0
rw15421,3,2
rw15422,3,5
rw15423,3,4
rw15424,0,1
rw15425,4,4
rw15427,2,2
rw15428,3,1
rw15429,5,1
rw15430,3,0
rw15431,2,1
rw15432,1,0
rw15433,3,0
rw15434,0,0
rw15435,3,0
rw15436,1,0
rw15437,3,5
rw15438,4,4
rw15440,6,4
rw15441,3,1
rw15442,1,3
rw15443,0,0
rw15444,0,3
rw15445,5,2
rw15446,1,4
rw15447,1,1
rw15448,0,2
rw15449,0,0
rw1545,0,0
rw15450,0,1
rw15451,3,1
rw15452,4,1
rw15453,0,3
rw15455,2,1
rw15456,0,1
rw15457,2,3
rw15458,2,1
rw15459,1,2
rw1546,1,3
rw15460,2,0
rw15461,0,3
rw15462,0,4
rw15463,0,1
rw15464,3,1
rw15465,3,0
rw15466,1,1
rw15467,1,3
rw15468,2,0
rw15469,2,0
rw1547,3,2
rw15470,0,2
rw15472,2,2
rw15473,2,1
rw15474,2,2
rw15475,0,2
rw15476,0,0
rw15477,1,2
rw15478,1,1
rw15479,1,1
rw1548,4,1
rw15480,1,0
rw15481,1,0
rw15482,2,1
rw15483,1,3
rw15484,0,0
rw15485,2,2
rw15486,1,0
rw15487,1,0
rw15488,2,1
rw15489,5,1
rw1549,2,1
rw15490,3,0
rw15491,3,2
rw15492,1,2
rw15493,4,1
rw15494,1,0
rw15495,3,1
rw15496,2,0
rw15497,2,0
rw15498,2,3
rw15499,0,0
rw1550,1,3
rw15500,3,2
rw15501,1,1
rw15502,3,2
rw15503,2,0
rw15504,3,0
rw15505,1,1
rw15506,0,0
rw15507,1,3
rw15508,0,0
rw15509,4,2
rw1551,3,3
rw15510,0,0
rw15511,3,1
rw15512,2,0
rw15513,0,0
rw15514,1,0
rw15515,0,1
rw15516,4,3
rw15517,1,2
rw15518,1,0
rw15519,2,0
rw1552,3,4
rw15520,1,1
rw15521,0,0
rw15522,5,0
rw15523,0,1
rw15524,3,0
rw15525,1,2
rw15526,2,0
rw15527,0,1
rw15528,2,0
rw15529,2,4
rw1553,2,2
rw15530,0,0
rw15531,1,0
rw15532,0,1
rw15533,3,2
rw15535,0,0
rw15536,1,0
rw15537,2,0
rw15538,0,0
rw15539,0,0
rw1554,1,3
rw15540,1,3
rw15541,0,3
rw15542,1,1
rw15543,3,1
rw15544,0,1
rw15545,0,1
rw15546,3,0
rw15547,1,0
rw15548,1,4
rw1555,0,2
rw15550,1,0
rw15551,1,0
rw15552,5,1
rw15553,0,2
rw15554,4,1
rw15555,2,1
rw15556,2,1
rw15557,0,0
rw15558,3,1
rw15559,2,2
rw1556,3,1
rw15560,2,1
rw15561,2,1
rw15562,3,3
rw15563,3,1
rw15564,1,1
rw15566,2,0
rw15567,2,0
rw15568,2,3
rw1557,2,1
rw15570,2,2
rw15571,2,2
rw15572,2,0
rw15573,0,0
rw15574,0,2
rw15575,4,3
rw15576,0,0
rw15577,2,1
rw15578,0,1
rw15579,2,1
rw1558,1,3
rw15580,1,3
rw15581,3,0
rw15582,1,0
rw15583,1,0
rw15584,0,0
rw15585,0,1
rw15586,1,0
rw15587,3,5
rw15588,2,0
rw15589,4,2
rw1559,3,1
rw15590,0,0
rw15591,1,0
rw15592,2,1
rw15593,1,0
rw15594,2,1
rw15595,1,3
rw15596,2,0
rw15597,0,1
rw15598,1,0
rw15599,1,0
rw1560,2,0
rw15600,1,0
rw15601,4,0
rw15602,2,3
rw15603,3,3
rw15604,1,0
rw15605,1,1
rw15606,0,0
rw15607,2,0
rw15608,0,1
rw15609,0,0
rw1561,2,2
rw15610,1,1
rw15611,3,1
rw15612,2,0
rw15613,2,0
rw15614,2,1
rw15615,2,5
rw15616,0,2
rw15617,3,1
rw15618,5,1
rw15619,6,6
rw1562,0,1
rw15620,2,0
rw15621,0,0
rw15622,1,1
rw15623,1,1
rw15624,0,0
rw15625,0,0
rw15626,1,1
rw15627,2,0
rw15628,1,1
rw15629,1,0
rw1563,1,2
rw15630,1,1
rw15631,3,0
rw15632,2,0
rw15633,2,3
rw15634,0,1
rw15635,1,0
rw15636,1,2
rw15637,2,0
rw15638,0,4
rw15639,2,0
rw1564,2,4
rw15640,0,0
rw15641,2,0
rw15642,1,0
rw15643,0,3
rw15644,2,1
rw15645,1,0
rw15646,1,1
rw15647,0,0
rw15649,2,1
rw1565,1,3
rw15650,0,3
rw15651,3,1
rw15652,2,1
rw15653,2,1
rw15654,2,1
rw15655,0,0
rw15656,0,0
rw15657,1,0
rw15658,1,2
rw15659,2,3
rw1566,3,1
rw15660,3,0
rw15661,3,1
rw15662,2,2
rw15663,0,0
rw15664,1,1
rw15665,2,1
rw15666,1,0
rw15667,0,3
rw15668,0,0
rw15669,1,0
rw1567,9,9
rw15670,0,1
rw15671,2,0
rw15672,0,0
rw15673,0,2
rw15674,1,0
rw15675,1,1
rw15676,3,1
rw15677,1,1
rw15678,1,1
rw15679,1,1
rw1568,0,7
rw15680,0,0
rw15681,1,0
rw15682,0,0
rw15683,4,4
rw15684,0,0
rw15685,0,0
rw15686,0,0
rw15687,0,0
rw15688,0,0
rw15689,2,0
rw1569,2,1
rw15690,3,0
rw15691,1,0
rw15692,0,0
rw15693,1,0
rw15694,3,1
rw15695,2,1
rw15696,3,0
rw15697,0,0
rw15698,2,0
rw15699,2,2
rw1570,4,9
rw15700,4,1
rw15701,1,0
rw15702,1,0
rw15703,1,0
rw15704,1,1
rw15705,1,1
rw15706,3,2
rw15707,2,0
rw15708,4,1
rw15709,0,0
rw15710,0,1
rw15711,2,1
rw15712,2,1
rw15713,2,0
rw15714,0,0
rw15715,0,0
rw15716,0,1
rw15717,1,0
rw15718,0,0
rw15719,3,0
rw1572,2,1
rw15720,0,0
rw15721,3,2
rw15722,0,0
rw15723,0,0
rw15724,1,2
rw15725,0,0
rw15726,1,1
rw15727,2,0
rw15728,0,0
rw15729,3,0
rw1573,3,5
rw15730,1,2
rw15731,0,1
rw15732,0,0
rw15733,1,0
rw15734,3,2
rw15735,2,0
rw15736,3,0
rw15737,1,0
rw15738,1,1
rw15739,1,0
rw1574,3,1
rw15740,2,0
rw15741,3,1
rw15742,3,0
rw15743,0,0
rw15744,0,1
rw15745,0,0
rw15746,2,1
rw15747,1,3
rw15748,0,0
rw15749,1,0
rw1575,1,3
rw15750,2,0
rw15751,1,2
rw15752,3,2
rw15753,0,1
rw15754,2,0
rw15755,0,0
rw15756,1,2
rw15757,0,0
rw15758,1,1
rw15759,0,0
rw1576,6,3
rw15760,0,0
rw15761,1,0
rw15762,2,0
rw15763,0,0
rw15764,1,0
rw15765,0,0
rw15766,1,1
rw15767,0,0
rw15768,2,0
rw15769,3,1
rw1577,1,5
rw15770,2,3
rw15771,2,0
rw15772,1,0
rw15773,1,2
rw15774,0,0
rw15775,1,0
rw15776,0,0
rw15777,1,1
rw15778,1,0
rw15779,0,2
rw1578,4,3
rw15780,1,0
rw15781,2,1
rw15782,1,1
rw15783,2,0
rw15784,2,1
rw15785,4,0
rw15786,2,0
rw15787,1,2
rw15788,2,1
rw15789,5,1
rw1579,2,2
rw15790,0,1
rw15791,0,0
rw15792,0,0
rw15793,5,2
rw15794,1,1
rw15795,0,1
rw15796,1,1
rw15797,2,2
rw15798,2,0
rw15799,1,0
rw15800,2,1
rw15801,0,0
rw15802,1,1
rw15803,3,0
rw15804,1,0
rw15805,2,0
rw15806,0,0
rw15807,0,2
rw15808,2,0
rw15809,1,5
rw1581,0,7
rw15810,1,0
rw15811,2,0
rw15812,1,1
rw15813,0,1
rw15814,0,0
rw15815,2,1
rw15816,2,1
rw15817,0,0
rw15818,2,0
rw15819,4,1
rw1582,3,4
rw15820,1,0
rw15821,0,0
rw15822,1,0
rw15823,1,0
rw15824,2,0
rw15825,1,1
rw15826,0,2
rw15827,0,1
rw15828,2,1
rw15829,1,0
rw15830,2,1
rw15831,1,0
rw15832,1,1
rw15833,0,1
rw15834,0,0
rw15835,1,0
rw15836,1,1
rw15837,4,1
rw15838,2,0
rw15839,0,0
rw1584,4,4
rw15840,1,0
rw15841,1,1
rw15842,2,1
rw15843,0,0
rw15844,1,0
rw15845,2,0
rw15846,0,1
rw15847,2,2
rw15848,0,1
rw15849,2,0
rw1585,1,5
rw15850,0,0
rw15851,2,0
rw15852,0,0
rw15853,0,1
rw15854,1,0
rw15855,3,2
rw15856,0,1
rw15857,2,1
rw15858,2,0
rw15859,2,3
rw1586,1,0
rw15860,0,0
rw15861,0,0
rw15862,0,0
rw15863,3,0
rw15864,0,2
rw15865,0,0
rw15866,0,0
rw15867,1,1
rw15868,3,0
rw15869,2,0
rw15870,2,2
rw15871,1,5
rw15872,3,0
rw15873,0,0
rw15874,0,0
rw15875,0,1
rw15876,2,2
rw15877,1,1
rw15878,1,1
rw15879,0,0
rw1588,3,1
rw15880,2,2
rw15881,0,0
rw15882,4,0
rw15883,2,0
rw15884,2,0
rw15885,0,1
rw15886,1,0
rw15887,1,4
rw15888,1,1
rw15889,5,0
rw1589,0,1
rw15890,3,2
rw15891,0,3
rw15892,0,0
rw15893,0,0
rw15894,1,0
rw15895,0,1
rw15896,2,1
rw15897,1,0
rw15898,0,0
rw15899,0,0
rw1590,2,0
rw15900,1,3
rw15901,0,1
rw15902,0,1
rw15903,0,0
rw15904,1,2
rw15905,1,1
rw15906,1,1
rw15907,1,0
rw15908,2,1
rw15909,2,2
rw1591,4,1
rw15910,0,0
rw15911,0,1
rw15912,0,0
rw15913,0,0
rw15914,1,1
rw15915,0,0
rw15916,0,0
rw15917,0,0
rw15918,1,1
rw15919,2,0
rw1592,5,4
rw15921,0,0
rw15922,0,0
rw15923,0,0
rw15924,1,0
rw15925,0,0
rw15926,0,5
rw15927,2,0
rw15928,1,0
rw15929,0,2
rw1593,3,0
rw15930,2,3
rw15931,2,0
rw15932,1,2
rw15933,9,2
rw15935,0,0
rw15936,1,2
rw15937,0,0
rw15938,0,0
rw15939,0,0
rw1594,7,4
rw15940,0,2
rw15942,0,1
rw15943,1,0
rw15944,1,1
rw15945,1,0
rw15946,3,2
rw15947,3,1
rw15948,3,0
rw15949,1,0
rw1595,2,5
rw15950,0,0
rw15951,0,0
rw15952,0,0
rw15953,0,0
rw15954,2,1
rw15955,1,0
rw15956,2,1
rw15957,9,5
rw15958,2,0
rw15959,2,2
rw1596,0,3
rw15960,0,2
rw15961,2,0
rw15962,1,2
rw15963,1,0
rw15964,5,1
rw15965,4,3
rw15966,3,1
rw15967,4,3
rw15968,1,2
rw15969,1,1
rw1597,2,0
rw15970,1,1
rw15971,1,2
rw15972,1,0
rw15973,0,0
rw15974,2,2
rw15975,1,1
rw15976,0,0
rw15977,0,1
rw15978,2,2
rw15979,2,2
rw1598,0,0
rw15980,1,1
rw15982,2,2
rw15983,2,2
rw15985,2,1
rw15986,0,0
rw15987,1,0
rw15988,2,2
rw15989,0,4
rw1599,3,3
rw15990,2,1
rw15991,2,0
rw15992,0,1
rw15993,1,2
rw15994,2,0
rw15995,3,1
rw15996,0,2
rw15997,1,2
rw15998,0,1
rw15999,2,5
rw1600,3,3
rw16001,0,3
rw16002,1,0
rw16003,1,2
rw16004,2,4
rw16005,1,1
rw16007,2,2
rw16008,1,2
rw16009,1,0
rw1601,2,3
rw16010,2,0
rw16011,2,1
rw16012,1,1
rw16013,0,0
rw16014,1,4
rw16016,0,0
rw16017,1,0
rw16018,2,1
rw16019,1,1
rw1602,0,3
rw16020,2,2
rw16021,1,0
rw16022,1,1
rw16023,3,3
rw16024,0,0
rw16027,1,0
rw16028,2,1
rw16029,2,3
rw1603,0,3
rw16030,2,0
rw16031,1,1
rw16032,3,4
rw16033,1,2
rw16034,0,0
rw16035,2,2
rw16036,6,1
rw16037,0,0
rw16038,2,1
rw16039,1,1
rw1604,7,1
rw16040,1,2
rw16041,0,0
rw16042,3,6
rw16043,3,13
rw16044,1,0
rw16045,1,1
rw16046,0,0
rw16047,1,0
rw16048,2,0
rw16049,2,0
rw16050,0,0
rw16051,0,1
rw16052,0,0
rw16054,5,2
rw16055,1,0
rw16056,6,1
rw16057,0,0
rw16058,1,0
rw16059,0,0
rw1606,6,12
rw16060,2,0
rw16061,1,1
rw16062,1,2
rw16063,2,1
rw16064,3,4
rw16065,1,0
rw16066,4,1
rw16067,0,0
rw16068,0,0
rw16069,1,0
rw1607,2,1
rw16070,3,1
rw16071,1,2
rw16072,1,0
rw16073,1,2
rw16075,0,0
rw16076,2,1
rw16077,1,0
rw16078,0,3
rw16079,0,2
rw1608,4,2
rw16080,1,1
rw16081,2,0
rw16082,2,0
rw16083,2,3
rw16084,2,5
rw16085,2,1
rw16086,0,1
rw16087,1,0
rw16088,2,4
rw16089,2,2
rw1609,0,2
rw16090,0,0
rw16091,1,0
rw16092,2,0
rw16093,0,1
rw16094,2,0
rw16095,3,0
rw16096,2,7
rw16097,5,3
rw16098,2,2
rw16099,0,0
rw1610,6,3
rw16100,2,1
rw16101,2,0
rw16102,1,0
rw16103,0,1
rw16104,1,0
rw16105,1,0
rw16106,1,1
rw16107,0,0
rw16108,2,2
rw16109,1,2
rw1611,6,0
rw16110,0,0
rw16111,1,1
rw16112,3,6
rw16113,3,0
rw16114,1,0
rw16115,0,0
rw16116,2,2
rw16117,2,1
rw16118,2,0
rw16119,2,2
rw1612,2,0
rw16120,1,1
rw16121,1,0
rw16122,2,1
rw16123,1,0
rw16124,2,2
rw16125,1,0
rw16126,0,0
rw16127,2,1
rw16128,0,0
rw16130,2,0
rw16131,2,1
rw16132,0,4
rw16133,0,3
rw16134,1,1
rw16135,1,3
rw16136,3,3
rw16137,2,0
rw16138,2,0
rw16139,4,2
rw16140,2,1
rw16141,2,0
rw16142,2,2
rw16143,3,0
rw16144,2,1
rw16145,1,0
rw16146,1,0
rw16147,1,1
rw16148,1,0
rw16149,0,1
rw1615,2,3
rw16150,0,4
rw16151,1,0
rw16152,2,0
rw16153,2,1
rw16154,1,3
rw16157,2,0
rw16158,1,0
rw16159,0,3
rw1616,1,0
rw16160,2,0
rw16161,2,1
rw16162,1,0
rw16163,2,2
rw16164,1,4
rw16165,0,2
rw16166,0,0
rw16167,2,0
rw16168,1,0
rw16169,1,0
rw1617,5,4
rw16170,0,0
rw16171,1,2
rw16172,2,0
rw16173,1,4
rw16174,0,1
rw16175,1,1
rw16176,2,2
rw16177,2,2
rw16178,5,0
rw16179,2,2
rw1618,1,5
rw16180,2,1
rw16181,3,1
rw16182,3,0
rw16183,3,0
rw16184,6,1
rw16185,1,1
rw16186,0,0
rw16187,2,1
rw16188,1,3
rw16189,4,0
rw1619,2,3
rw16190,4,2
rw16191,1,0
rw16192,3,4
rw16193,1,0
rw16194,1,2
rw16195,2,4
rw16196,3,1
rw16197,3,0
rw16198,5,1
rw16199,1,0
rw1620,2,1
rw16200,1,0
rw16203,2,2
rw16204,1,1
rw16205,1,1
rw16206,1,1
rw16207,1,0
rw16208,2,0
rw16209,1,3
rw1621,1,2
rw16210,0,0
rw16211,3,5
rw16212,1,1
rw16213,3,1
rw16214,3,1
rw16215,0,0
rw16216,1,0
rw16217,2,0
rw16218,2,5
rw16219,0,0
rw1622,3,0
rw16220,0,0
rw16221,1,1
rw16222,0,2
rw16223,0,1
rw16224,1,1
rw16225,0,2
rw16226,2,0
rw16227,2,2
rw16228,3,2
rw16229,1,0
rw1623,2,4
rw16230,1,0
rw16231,4,1
rw16232,1,1
rw16233,2,6
rw16234,1,0
rw16235,2,3
rw16236,0,1
rw16237,2,1
rw16238,1,3
rw16239,2,8
rw1624,1,4
rw16240,0,0
rw16241,0,2
rw16242,1,2
rw16243,2,1
rw16244,3,1
rw16245,1,1
rw16246,0,1
rw16247,2,1
rw16248,0,0
rw1625,1,5
rw16250,3,1
rw16251,2,1
rw16252,0,1
rw16253,0,1
rw16254,1,0
rw16255,2,2
rw16256,2,0
rw16258,1,1
rw16259,2,0
rw1626,0,0
rw16260,0,0
rw16261,4,1
rw16262,2,1
rw16263,4,0
rw16264,1,0
rw16265,1,7
rw16267,1,2
rw16268,3,1
rw16269,2,0
rw1627,1,2
rw16270,1,0
rw16271,0,0
rw16273,0,3
rw16274,2,0
rw16275,7,0
rw16276,1,0
rw16277,1,0
rw16278,1,0
rw16279,2,6
rw1628,2,1
rw16280,0,2
rw16281,1,1
rw16282,0,0
rw16283,1,1
rw16284,3,3
rw16285,1,1
rw16286,1,0
rw16287,0,3
rw16288,1,0
rw16289,1,1
rw1629,3,1
rw16290,2,0
rw16291,0,0
rw16292,2,1
rw16293,2,0
rw16294,0,0
rw16295,0,0
rw16296,1,0
rw16297,0,3
rw16298,1,1
rw16299,3,3
rw1630,2,5
rw16300,1,0
rw16301,0,1
rw16302,1,1
rw16303,0,0
rw16304,0,0
rw16305,4,1
rw16306,1,1
rw16307,1,0
rw16308,3,1
rw16309,1,2
rw1631,2,1
rw16310,1,0
rw16311,2,2
rw16312,1,0
rw16313,2,5
rw16314,1,2
rw16315,0,0
rw16316,3,4
rw16317,1,2
rw16318,2,0
rw16320,1,1
rw16321,4,1
rw16322,6,3
rw16323,0,0
rw16324,0,1
rw16325,2,2
rw16326,2,0
rw16327,1,1
rw16328,1,0
rw16329,1,1
rw1633,3,13
rw16330,3,1
rw16331,2,1
rw16332,1,1
rw16333,1,1
rw16334,0,2
rw16335,0,0
rw16336,2,1
rw16337,0,4
rw16338,0,3
rw16339,2,1
rw1634,5,6
rw16340,2,3
rw16341,1,3
rw16342,1,1
rw16343,1,3
rw16344,2,1
rw16345,1,1
rw16346,1,0
rw16347,0,0
rw16348,0,0
rw16349,1,1
rw1635,2,2
rw16350,1,2
rw16351,0,0
rw16352,1,0
rw16353,1,0
rw16354,1,1
rw16355,0,0
rw16356,10,0
rw16358,2,1
rw16359,0,0
rw1636,3,8
rw16360,0,0
rw16361,1,0
rw16362,2,2
rw16363,0,1
rw16364,0,0
rw16365,0,0
rw16366,1,0
rw16367,1,1
rw16368,1,1
rw16369,1,0
rw1637,4,0
rw16370,1,0
rw16371,2,0
rw16372,2,0
rw16373,2,2
rw16374,0,1
rw16375,0,0
rw16376,1,2
rw16377,2,2
rw16378,2,0
rw16379,2,1
rw1638,2,2
rw16380,2,1
rw16381,2,0
rw16382,0,0
rw16383,0,2
rw16384,2,0
rw16385,1,1
rw16386,1,0
rw16387,1,1
rw16388,2,0
rw16389,0,2
rw1639,1,1
rw16390,3,1
rw16391,2,2
rw16392,1,1
rw16393,1,0
rw16394,1,2
rw16395,0,0
rw16396,1,0
rw16397,2,0
rw16398,0,0
rw16399,0,0
rw1640,1,2
rw16400,1,0
rw16402,1,1
rw16403,1,3
rw16404,1,0
rw16405,1,5
rw16406,1,1
rw16407,1,0
rw16408,0,0
rw16409,3,4
rw1641,2,3
rw16410,2,0
rw16411,1,0
rw16412,2,1
rw16413,2,0
rw16414,0,0
rw16415,2,1
rw16416,5,3
rw16417,1,2
rw16418,2,2
rw16419,0,0
rw1642,3,1
rw16420,1,1
rw16421,0,2
rw16422,3,4
rw16423,2,1
rw16424,0,0
rw16425,1,1
rw16426,1,0
rw16427,1,1
rw16428,1,0
rw16429,3,1
rw1643,3,1
rw16430,3,4
rw16431,0,1
rw16432,2,1
rw16433,0,1
rw16434,2,1
rw16435,0,1
rw16436,1,1
rw16437,0,1
rw16438,0,1
rw16439,2,1
rw16440,4,3
rw16441,2,0
rw16442,1,0
rw16443,1,1
rw16444,1,2
rw16445,2,2
rw16446,0,1
rw16447,0,0
rw16448,2,0
rw1645,1,5
rw16450,0,1
rw16451,1,0
rw16452,1,1
rw16453,1,0
rw16454,1,4
rw16455,4,2
rw16456,0,0
rw16458,1,9
rw16459,3,2
rw1646,5,1
rw16460,1,0
rw16461,3,4
rw16462,3,1
rw16463,3,3
rw16464,2,4
rw16465,0,2
rw16466,0,0
rw16467,5,4
rw16468,2,0
rw16469,1,4
rw1647,2,6
rw16470,0,7
rw16471,0,0
rw16473,0,4
rw16474,1,2
rw16475,3,2
rw16476,3,4
rw16478,1,5
rw16479,5,2
rw1648,0,1
rw16481,2,1
rw16482,1,7
rw16484,2,3
rw16485,2,2
rw16486,1,2
rw16487,1,5
rw16488,2,1
rw16489,1,4
rw1649,1,3
rw16490,4,1
rw16491,1,1
rw16492,3,1
rw16493,1,1
rw16494,2,4
rw16495,3,3
rw16496,0,0
rw16497,4,0
rw16498,0,3
rw16499,1,0
rw1650,15,4
rw16500,1,4
rw16501,1,0
rw16502,1,2
rw16503,0,0
rw16504,0,1
rw16505,1,0
rw16506,1,1
rw16507,5,3
rw16508,1,1
rw16509,2,0
rw1651,1,1
rw16510,1,3
rw16511,2,2
rw16512,3,2
rw16513,0,2
rw16514,1,0
rw16515,1,1
rw16516,2,0
rw16517,1,1
rw16518,2,3
rw16519,3,0
rw1652,2,4
rw16520,2,1
rw16521,1,2
rw16522,3,2
rw16523,0,1
rw16524,0,0
rw16525,2,0
rw16526,1,1
rw16527,0,0
rw16528,2,4
rw16529,2,2
rw1653,0,4
rw16530,0,1
rw16532,2,0
rw16533,2,2
rw16534,0,2
rw16535,1,0
rw16536,2,1
rw16537,1,0
rw16538,0,1
rw16539,0,0
rw1654,2,0
rw16540,2,1
rw16541,0,0
rw16542,1,0
rw16543,1,1
rw16544,1,2
rw16545,2,0
rw16546,2,2
rw16547,0,0
rw16548,3,0
rw16549,0,0
rw1655,2,1
rw16550,0,0
rw16551,2,2
rw16552,1,3
rw16553,0,0
rw16554,2,0
rw16555,0,0
rw16556,0,0
rw16557,0,2
rw16558,0,1
rw16559,2,2
rw1656,1,0
rw16560,2,0
rw16561,0,1
rw16562,2,2
rw16563,5,0
rw16564,2,0
rw16565,1,1
rw16566,2,0
rw16567,0,1
rw16568,0,0
rw16569,0,1
rw16571,0,1
rw16572,1,1
rw16573,4,1
rw16574,1,3
rw16575,2,0
rw16576,1,0
rw16577,2,1
rw16578,3,4
rw16579,1,3
rw1658,2,3
rw16580,2,3
rw16581,1,0
rw16582,0,1
rw16583,1,3
rw16584,1,1
rw16585,2,0
rw16586,2,2
rw16587,1,0
rw16588,0,0
rw16589,3,0
rw1659,3,4
rw16590,0,0
rw16591,0,0
rw16592,0,0
rw16593,0,1
rw16594,1,1
rw16595,2,0
rw16596,0,1
rw16597,3,0
rw16598,1,1
rw16599,0,0
rw16600,2,1
rw16601,1,2
rw16602,2,0
rw16603,0,1
rw16604,0,0
rw16605,3,1
rw16606,1,2
rw16607,2,0
rw16608,0,2
rw16609,2,0
rw1661,0,6
rw16610,0,2
rw16611,2,1
rw16612,2,2
rw16613,2,2
rw16614,1,0
rw16615,0,0
rw16616,2,1
rw16617,2,0
rw16618,1,0
rw16619,0,0
rw1662,1,1
rw16620,0,1
rw16621,0,1
rw16622,2,1
rw16623,1,2
rw16624,0,0
rw16625,1,1
rw16626,2,0
rw16627,0,0
rw16628,0,0
rw16629,1,0
rw16630,1,1
rw16631,0,0
rw16632,0,0
rw16633,2,2
rw16634,1,0
rw16635,0,0
rw16636,1,2
rw16637,0,1
rw16638,0,1
rw16639,1,1
rw1664,2,5
rw16640,1,0
rw16641,0,2
rw16642,0,0
rw16643,0,0
rw16644,3,0
rw16645,0,0
rw16646,1,1
rw16647,2,1
rw16648,1,1
rw16649,2,0
rw1665,5,3
rw16650,1,2
rw16651,0,4
rw16652,2,1
rw16653,1,2
rw16654,0,0
rw16655,2,1
rw16656,2,0
rw16657,1,0
rw16659,2,2
rw1666,2,4
rw16660,0,0
rw16661,0,3
rw16662,0,0
rw16663,1,1
rw16664,1,0
rw16665,0,0
rw16666,1,0
rw16667,0,1
rw16668,0,0
rw16669,0,0
rw1667,2,0
rw16670,0,0
rw16671,3,0
rw16672,2,2
rw16673,1,0
rw16674,1,1
rw16675,1,0
rw16676,0,1
rw16677,1,1
rw16678,2,0
rw16679,1,0
rw1668,1,2
rw16680,2,1
rw16681,0,0
rw16682,1,2
rw16683,1,1
rw16684,2,0
rw16685,0,1
rw16686,0,1
rw16687,0,3
rw16688,1,0
rw16689,0,0
rw1669,1,2
rw16690,1,0
rw16691,1,1
rw16692,1,1
rw16693,1,1
rw16694,0,1
rw16695,0,0
rw16697,0,0
rw16698,1,1
rw16699,3,1
rw1670,1,1
rw16700,2,0
rw16701,1,1
rw16702,1,0
rw16703,2,0
rw16704,1,0
rw16705,0,2
rw16706,1,0
rw16707,0,0
rw16708,1,2
rw16709,0,1
rw16710,0,0
rw16711,0,0
rw16712,1,0
rw16713,1,1
rw16714,1,0
rw16715,0,0
rw16716,0,1
rw16717,3,2
rw16718,0,0
rw16719,1,5
rw1672,2,5
rw16720,0,1
rw16721,0,0
rw16722,2,1
rw16723,0,0
rw16724,8,3
rw16725,2,2
rw16726,0,0
rw16727,0,0
rw16728,1,0
rw16729,0,0
rw1673,0,0
rw16730,1,0
rw16731,1,1
rw16732,1,0
rw16733,0,2
rw16734,1,2
rw16735,1,0
rw16736,0,1
rw16737,2,0
rw16738,3,1
rw16739,1,0
rw1674,0,3
rw16740,1,3
rw16741,0,2
rw16742,5,10
rw16743,0,1
rw16744,1,0
rw16745,1,2
rw16746,1,0
rw16747,0,0
rw16748,1,0
rw16749,1,2
rw1675,1,1
rw16750,2,1
rw16751,1,0
rw16752,1,1
rw16753,1,0
rw16754,1,0
rw16755,1,0
rw16756,1,0
rw16757,0,0
rw16758,0,0
rw16759,1,1
rw1676,2,3
rw16760,1,1
rw16761,0,3
rw16762,0,0
rw16763,0,0
rw16764,2,0
rw16765,0,0
rw16766,2,1
rw16767,0,0
rw16768,2,0
rw16769,1,0
rw1677,6,3
rw16770,2,1
rw16771,0,0
rw16772,2,2
rw16773,0,1
rw16774,1,0
rw16775,1,0
rw16776,1,1
rw16777,1,0
rw16778,1,0
rw16779,3,0
rw1678,1,0
rw16780,0,2
rw16781,1,2
rw16782,0,0
rw16783,3,1
rw16784,1,1
rw16785,2,0
rw16786,1,0
rw16787,1,1
rw16788,0,0
rw16789,1,0
rw1679,1,4
rw16790,1,1
rw16791,0,0
rw16792,0,0
rw16793,3,1
rw16794,1,1
rw16795,1,1
rw16796,2,3
rw16797,2,1
rw16798,0,0
rw16799,3,7
rw1680,2,2
rw16800,0,0
rw16801,1,0
rw16802,1,0
rw16803,2,1
rw16804,1,0
rw16805,2,1
rw16806,0,1
rw16807,3,2
rw16808,1,0
rw16809,2,2
rw1681,2,1
rw16810,1,1
rw16811,1,4
rw16812,2,0
rw16813,1,0
rw16814,1,1
rw16815,1,0
rw16817,3,2
rw16819,0,1
rw1682,0,5
rw16820,0,0
rw16821,0,0
rw16822,2,2
rw16823,0,1
rw16824,3,0
rw16825,1,0
rw16826,0,0
rw16827,2,0
rw16828,3,2
rw16829,1,0
rw16830,1,0
rw16831,3,1
rw16832,0,0
rw16833,0,2
rw16834,2,0
rw16836,1,1
rw16837,1,2
rw16838,0,0
rw16839,0,1
rw1684,1,3
rw16840,1,0
rw16841,1,0
rw16842,1,0
rw16843,4,2
rw16844,0,0
rw16845,5,0
rw16846,3,1
rw16847,2,1
rw16848,0,0
rw16849,1,0
rw1685,2,2
rw16850,0,0
rw16851,1,1
rw16852,1,4
rw16853,2,0
rw16854,2,1
rw16855,0,0
rw16856,0,0
rw16857,1,1
rw16858,0,0
rw16859,1,1
rw1686,1,1
rw16860,0,1
rw16861,0,1
rw16862,1,1
rw16863,2,0
rw16864,2,1
rw16865,1,0
rw16866,0,2
rw16867,0,0
rw16868,0,1
rw16869,1,1
rw1687,0,1
rw16870,1,1
rw16871,1,1
rw16872,0,0
rw16873,1,1
rw16874,2,2
rw16875,1,1
rw16876,16,5
rw16877,1,1
rw16878,1,2
rw16879,0,0
rw1688,3,0
rw16880,3,0
rw16881,0,1
rw16882,2,1
rw16883,1,0
rw16884,2,1
rw16885,0,1
rw16886,2,1
rw16887,0,0
rw16888,0,0
rw16889,0,1
rw1689,1,0
rw16890,1,2
rw16891,1,0
rw16892,2,0
rw16893,3,0
rw16894,0,0
rw16895,0,0
rw16896,0,0
rw16897,0,0
rw16898,3,0
rw16899,2,1
rw1690,0,2
rw16900,0,0
rw16901,1,0
rw16902,3,0
rw16903,0,1
rw16904,2,0
rw16905,2,0
rw16906,0,0
rw16907,0,1
rw16908,1,0
rw16909,2,1
rw16910,0,0
rw16911,0,0
rw16912,3,0
rw16913,0,0
rw16914,1,1
rw16915,0,0
rw16916,0,0
rw16917,0,2
rw16918,0,2
rw16919,0,0
rw1692,1,0
rw16920,0,1
rw16921,0,1
rw16922,0,0
rw16923,2,2
rw16924,4,1
rw16925,5,0
rw16926,0,1
rw16927,1,0
rw16928,0,0
rw16929,0,1
rw1693,1,2
rw16930,0,0
rw16931,1,1
rw16932,0,0
rw16933,2,0
rw16934,0,0
rw16935,0,0
rw16936,1,0
rw16937,1,1
rw16938,0,2
rw16939,1,0
rw1694,5,1
rw16940,1,0
rw16941,3,0
rw16943,1,1
rw16944,0,2
rw16945,1,1
rw16946,1,1
rw16947,0,0
rw16948,1,0
rw16949,0,0
rw1695,1,0
rw16950,4,0
rw16951,2,1
rw16952,1,0
rw16953,1,0
rw16954,1,1
rw16955,1,0
rw16956,3,0
rw16958,1,2
rw16959,1,0
rw1696,0,0
rw16960,2,2
rw16961,0,0
rw16962,0,0
rw16963,4,0
rw16964,1,1
rw16965,1,2
rw16966,1,0
rw16967,0,2
rw16968,1,0
rw16969,2,0
rw1697,1,1
rw16970,0,0
rw16971,0,0
rw16972,0,0
rw16973,1,2
rw16974,0,0
rw16976,0,1
rw16977,0,1
rw16978,0,0
rw16979,0,0
rw1698,1,2
rw16980,1,1
rw16981,3,3
rw16983,1,1
rw16984,2,3
rw16985,0,1
rw16986,0,0
rw16987,0,0
rw16988,0,0
rw16989,2,2
rw1699,2,1
rw16990,0,0
rw16991,1,1
rw16992,0,0
rw16993,0,0
rw16994,0,1
rw16995,0,2
rw16996,2,0
rw16997,1,1
rw16998,0,0
rw16999,1,1
rw1700,2,3
rw17000,0,1
rw17001,0,0
rw17002,0,6
rw17003,1,0
rw17004,0,2
rw17005,0,0
rw17006,1,2
rw17007,1,1
rw17008,1,3
rw17009,2,4
rw1701,2,0
rw17010,1,2
rw17011,0,3
rw17012,3,0
rw17013,0,1
rw17014,0,1
rw17015,4,0
rw17016,1,0
rw17017,7,4
rw17018,2,1
rw17019,1,4
rw1702,2,2
rw17020,0,0
rw17022,3,5
rw17023,0,5
rw17024,4,1
rw17025,0,3
rw17026,1,4
rw17027,2,1
rw17028,1,0
rw17029,0,0
rw1703,0,1
rw17030,4,1
rw17031,3,6
rw17032,1,2
rw17033,1,0
rw17035,1,4
rw17036,2,2
rw17037,1,4
rw17038,0,1
rw17039,3,5
rw17040,2,2
rw17041,1,3
rw17042,0,0
rw17043,0,3
rw17044,1,1
rw17045,1,1
rw17046,0,3
rw17047,0,0
rw17048,0,2
rw17049,2,0
rw1705,0,1
rw17050,5,1
rw17051,1,3
rw17052,1,4
rw17053,0,0
rw17054,2,4
rw17055,2,1
rw17056,2,1
rw17057,3,2
rw17058,0,1
rw17059,1,5
rw1706,3,0
rw17060,0,0
rw17061,2,0
rw17062,0,2
rw17063,2,1
rw17064,1,0
rw17065,1,1
rw17066,1,1
rw17067,1,0
rw17068,0,0
rw17069,1,1
rw1707,1,1
rw17070,0,1
rw17071,2,0
rw17072,1,4
rw17073,0,2
rw17074,1,1
rw17075,2,1
rw17076,1,0
rw17077,3,2
rw17078,0,1
rw17079,2,4
rw1708,1,2
rw17080,0,0
rw17081,0,1
rw17082,3,4
rw17083,4,1
rw17084,0,0
rw17085,3,0
rw17086,2,0
rw17087,0,2
rw17088,0,1
rw17089,2,3
rw1709,0,2
rw17090,4,1
rw17091,2,3
rw17092,3,0
rw17093,0,3
rw17094,2,3
rw17095,0,0
rw17096,0,0
rw17097,5,2
rw17098,2,3
rw17099,0,2
rw1710,1,2
rw17100,4,2
rw17101,1,0
rw17102,1,0
rw17103,1,3
rw17104,2,2
rw17105,1,0
rw17106,1,1
rw17108,0,0
rw17109,2,2
rw1711,4,1
rw17110,1,0
rw17111,0,1
rw17112,1,0
rw17113,3,2
rw17114,0,0
rw17115,2,1
rw17116,1,2
rw17118,2,0
rw17119,2,2
rw1712,1,3
rw17121,0,0
rw17122,3,0
rw17123,0,0
rw17124,1,1
rw17125,2,2
rw17126,3,2
rw17127,2,0
rw17128,0,1
rw17129,1,1
rw1713,0,1
rw17130,0,0
rw17131,1,2
rw17132,3,4
rw17133,0,1
rw17134,2,2
rw17135,2,0
rw17136,2,0
rw17137,0,0
rw17138,3,1
rw17139,4,0
rw1714,0,0
rw17140,0,1
rw17141,2,1
rw17142,0,1
rw17143,4,2
rw17144,1,0
rw17145,2,2
rw17146,0,2
rw17147,1,0
rw17148,3,2
rw17149,1,1
rw1715,0,0
rw17150,3,4
rw17152,1,2
rw17153,0,4
rw17154,0,1
rw17155,1,1
rw17156,1,0
rw17157,1,1
rw17158,2,3
rw1716,3,2
rw17160,1,0
rw17161,0,1
rw17162,1,0
rw17163,0,4
rw17164,0,9
rw17165,0,0
rw17166,0,2
rw17167,0,1
rw17168,2,6
rw17169,3,2
rw1717,0,0
rw17170,3,3
rw17171,0,0
rw17172,1,1
rw17173,2,2
rw17174,1,2
rw17175,1,0
rw17176,0,0
rw17177,0,0
rw17178,0,3
rw17179,0,2
rw1718,0,2
rw17181,2,0
rw17182,2,0
rw17183,3,1
rw17184,1,0
rw17186,0,1
rw17187,1,1
rw17188,0,0
rw17189,2,0
rw1719,1,1
rw17190,2,2
rw17191,1,0
rw17192,0,0
rw17193,0,2
rw17194,3,1
rw17195,2,2
rw17196,0,1
rw17197,0,1
rw17198,0,2
rw17199,2,1
rw1720,7,9
rw17200,1,2
rw17201,0,0
rw17202,2,2
rw17203,1,3
rw17204,0,0
rw17205,1,0
rw17206,0,0
rw17207,0,1
rw17208,2,0
rw17209,1,2
rw1721,2,2
rw17210,1,0
rw17211,2,0
rw17213,1,1
rw17214,1,1
rw17215,1,3
rw17216,1,2
rw17217,0,0
rw17218,0,1
rw17219,0,0
rw1722,2,0
rw17220,0,0
rw17221,1,2
rw17222,0,0
rw17223,1,0
rw17224,0,0
rw17225,2,1
rw17226,3,0
rw17227,0,0
rw17228,0,0
rw17229,1,2
rw1723,0,0
rw17230,0,0
rw17231,2,2
rw17232,0,0
rw17233,0,3
rw17234,0,3
rw17235,1,1
rw17236,1,2
rw17237,2,0
rw17239,0,2
rw17240,2,1
rw17241,0,1
rw17242,0,0
rw17243,2,2
rw17244,0,0
rw17246,3,1
rw17247,2,1
rw17248,0,3
rw17249,2,1
rw1725,3,2
rw17250,2,1
rw17251,1,2
rw17252,3,1
rw17253,2,0
rw17254,0,0
rw17255,0,4
rw17256,1,2
rw17257,1,0
rw17258,2,1
rw17259,1,2
rw1726,1,9
rw17260,2,1
rw17261,1,0
rw17262,1,0
rw17263,1,0
rw17264,2,2
rw17265,0,0
rw17266,2,0
rw17267,0,1
rw17268,1,1
rw17269,2,4
rw1727,0,2
rw17270,0,2
rw17271,2,1
rw17272,1,1
rw17273,1,0
rw17274,2,0
rw17275,0,0
rw17276,2,0
rw17277,2,0
rw17278,1,0
rw17279,0,0
rw1728,0,0
rw17280,1,1
rw17281,3,2
rw17282,0,2
rw17283,1,0
rw17284,0,0
rw17285,0,0
rw17286,0,0
rw17287,2,0
rw17288,0,1
rw17289,0,0
rw1729,0,1
rw17290,0,1
rw17291,2,1
rw17292,0,0
rw17293,0,2
rw17294,3,0
rw17295,0,1
rw17296,2,0
rw17297,0,2
rw17298,1,1
rw17299,2,1
rw17300,0,0
rw17301,1,3
rw17302,1,3
rw17303,1,2
rw17307,1,2
rw17308,0,0
rw17309,0,1
rw1731,1,1
rw17310,1,2
rw17311,2,1
rw17312,3,0
rw17313,3,0
rw17314,1,1
rw17315,0,0
rw17316,0,1
rw17317,0,2
rw17318,2,2
rw17319,1,2
rw1732,3,4
rw17320,0,7
rw17321,4,0
rw17322,3,2
rw17323,1,0
rw17324,0,1
rw17325,0,1
rw17326,1,1
rw17327,0,0
rw17328,1,1
rw17329,0,0
rw1733,0,1
rw17330,0,2
rw17331,2,0
rw17332,0,1
rw17333,3,0
rw17334,1,2
rw17335,3,3
rw17337,1,0
rw17338,0,1
rw17339,0,6
rw1734,1,1
rw17340,1,0
rw17341,1,0
rw17342,1,2
rw17343,0,0
rw17344,0,0
rw17345,3,6
rw17346,0,1
rw17347,0,1
rw17348,2,0
rw17349,1,0
rw1735,0,2
rw17350,1,0
rw17351,0,1
rw17353,3,0
rw17354,1,3
rw17355,2,2
rw17356,0,2
rw17357,3,1
rw17358,1,1
rw17359,2,2
rw17360,0,2
rw17361,0,3
rw17362,0,6
rw17363,0,4
rw17364,3,2
rw17365,3,4
rw17366,0,0
rw17367,3,1
rw17369,0,1
rw1737,1,1
rw17370,1,3
rw17371,1,3
rw17372,1,1
rw17373,1,1
rw17374,4,1
rw17375,0,0
rw17376,1,4
rw17377,2,3
rw17378,1,1
rw17379,0,4
rw1738,2,1
rw17380,1,7
rw17382,0,2
rw17383,4,8
rw17384,1,0
rw17385,2,0
rw17386,2,6
rw17387,3,5
rw17388,3,5
rw17389,0,2
rw1739,1,0
rw17390,1,1
rw17391,3,20
rw17392,0,2
rw17394,3,2
rw17395,1,2
rw17396,4,0
rw17397,0,5
rw17398,2,4
rw17399,1,6
rw1740,4,0
rw17401,5,2
rw17402,1,0
rw17404,1,2
rw17405,1,5
rw17406,3,5
rw17407,1,3
rw17408,1,0
rw17409,1,3
rw1741,6,6
rw17410,2,1
rw17411,1,0
rw17412,4,3
rw17413,1,3
rw17414,1,3
rw17415,1,4
rw17416,0,4
rw17417,2,2
rw17418,0,1
rw17419,0,4
rw1742,2,5
rw17420,2,3
rw17421,0,0
rw17422,0,7
rw17423,0,0
rw17424,2,2
rw17425,2,2
rw17426,1,6
rw17427,2,2
rw17428,0,1
rw17429,0,0
rw1743,2,1
rw17430,1,0
rw17431,0,2
rw17432,4,4
rw17433,0,4
rw17434,2,1
rw17435,1,5
rw17436,0,1
rw17437,1,0
rw17438,0,3
rw17439,1,4
rw1744,1,1
rw17442,2,0
rw17443,0,1
rw17444,3,4
rw17445,1,4
rw17446,0,1
rw17448,2,1
rw17449,0,1
rw1745,0,1
rw17450,0,7
rw17451,2,3
rw17452,1,1
rw17453,2,2
rw17454,0,1
rw17455,0,1
rw17456,0,3
rw17457,1,4
rw17458,0,1
rw17459,2,1
rw1746,3,3
rw17460,1,0
rw17461,2,1
rw17462,1,6
rw17463,1,1
rw17464,0,2
rw17465,1,1
rw17467,2,1
rw17469,1,0
rw1747,4,0
rw17470,3,1
rw17471,1,1
rw17472,2,1
rw17473,2,3
rw17474,0,0
rw17475,2,2
rw17476,2,5
rw17477,1,0
rw17478,0,0
rw17479,0,0
rw1748,3,4
rw17480,1,0
rw17481,1,0
rw17482,1,1
rw17483,0,0
rw17484,0,3
rw17485,2,2
rw17486,1,0
rw17487,1,0
rw17488,1,1
rw17489,1,0
rw1749,1,1
rw17490,4,1
rw17491,4,1
rw17492,2,1
rw17493,0,2
rw17494,3,1
rw17495,2,1
rw17496,3,2
rw17497,3,0
rw17498,3,1
rw17499,0,0
rw1750,0,1
rw17500,3,6
rw17502,2,5
rw17503,1,1
rw17504,0,1
rw17505,0,0
rw17506,2,2
rw17507,1,1
rw17508,2,1
rw17509,1,0
rw1751,2,1
rw17510,1,0
rw17511,0,0
rw17512,0,0
rw17513,2,2
rw17514,0,1
rw17515,3,1
rw17517,3,1
rw17518,1,0
rw17519,1,0
rw1752,0,2
rw17521,0,0
rw17522,1,0
rw17523,4,0
rw17524,0,0
rw17525,1,2
rw17526,0,0
rw17527,3,1
rw17528,2,1
rw17529,1,0
rw1753,0,2
rw17530,1,0
rw17531,0,2
rw17532,1,0
rw17533,1,0
rw17534,1,1
rw17535,0,0
rw17536,2,0
rw17537,3,1
rw17538,0,1
rw17539,1,3
rw1754,1,1
rw17540,2,0
rw17541,0,2
rw17542,1,0
rw17543,0,1
rw17544,0,0
rw17545,0,0
rw17546,0,1
rw17547,1,0
rw17548,2,1
rw17549,0,0
rw1755,1,2
rw17550,1,1
rw17551,0,5
rw17552,2,1
rw17553,0,0
rw17554,1,2
rw17555,1,0
rw17556,0,2
rw17557,1,0
rw17558,2,2
rw17559,1,2
rw1756,1,2
rw17560,1,0
rw17561,2,0
rw17562,1,1
rw17563,0,1
rw17564,2,0
rw17565,1,0
rw17566,0,1
rw17567,2,0
rw17568,0,1
rw17569,0,1
rw1757,0,2
rw17570,2,0
rw17571,1,1
rw17572,1,1
rw17573,5,2
rw17574,0,1
rw17575,2,1
rw17576,3,2
rw17577,0,3
rw17578,1,1
rw17579,1,0
rw1758,2,3
rw17580,2,0
rw17581,0,1
rw17582,0,2
rw17583,0,1
rw17585,4,0
rw17586,1,1
rw17587,0,1
rw17588,1,1
rw17589,0,2
rw1759,2,3
rw17590,1,3
rw17591,1,0
rw17592,0,0
rw17593,0,1
rw17594,0,0
rw17595,2,0
rw17596,0,0
rw17597,0,0
rw17598,0,1
rw17599,2,0
rw1760,1,0
rw17600,1,0
rw17601,1,0
rw17602,1,2
rw17603,1,3
rw17604,1,3
rw17605,1,1
rw17606,1,3
rw17607,1,1
rw17608,1,1
rw17609,0,1
rw1761,0,11
rw17610,3,1
rw17611,1,1
rw17612,1,1
rw17613,1,1
rw17614,0,1
rw17615,2,1
rw17616,0,1
rw17617,0,0
rw17618,2,1
rw17619,2,1
rw1762,2,5
rw17620,1,2
rw17621,3,1
rw17622,1,0
rw17623,0,0
rw17624,1,0
rw17625,0,1
rw17626,1,0
rw17627,2,1
rw17628,1,0
rw17629,1,1
rw17631,2,0
rw17632,0,0
rw17633,0,0
rw17634,2,0
rw17635,2,1
rw17636,0,0
rw17637,2,1
rw17638,2,0
rw17639,2,0
rw1764,1,6
rw17640,4,0
rw17641,1,1
rw17642,0,1
rw17643,0,0
rw17644,1,0
rw17645,0,3
rw17646,1,0
rw17647,0,0
rw17648,1,0
rw17649,2,1
rw1765,1,3
rw17650,1,1
rw17651,0,0
rw17652,0,0
rw17653,0,0
rw17654,2,2
rw17655,2,1
rw17656,2,1
rw17657,1,0
rw17658,0,0
rw17659,1,1
rw17660,2,0
rw17661,2,0
rw17662,0,0
rw17663,0,0
rw17664,0,1
rw17665,0,0
rw17666,1,0
rw17667,2,1
rw17668,1,1
rw17669,0,0
rw17670,1,0
rw17671,0,1
rw17672,1,0
rw17673,1,1
rw17674,2,1
rw17675,1,2
rw17676,1,2
rw17677,0,1
rw17678,1,0
rw17679,0,0
rw1768,1,3
rw17680,1,0
rw17681,0,2
rw17682,1,2
rw17683,2,1
rw17684,1,1
rw17685,3,1
rw17686,0,1
rw17687,0,1
rw17688,3,2
rw17689,0,0
rw1769,0,1
rw17690,2,1
rw17691,2,1
rw17692,1,1
rw17693,3,1
rw17694,0,2
rw17696,1,1
rw17697,1,0
rw17698,0,0
rw17699,0,1
rw1770,1,0
rw17700,0,0
rw17701,0,1
rw17702,0,2
rw17703,3,1
rw17704,3,2
rw17705,2,0
rw17706,0,5
rw17707,1,1
rw17708,0,0
rw17709,0,2
rw1771,0,5
rw17710,1,1
rw17711,1,0
rw17712,0,7
rw17713,1,3
rw17714,1,2
rw17715,1,1
rw17716,1,0
rw17717,2,0
rw17718,0,0
rw17719,2,2
rw1772,1,1
rw17720,0,1
rw17721,2,1
rw17722,0,0
rw17724,1,0
rw17725,2,1
rw17726,0,2
rw17727,1,1
rw17728,1,0
rw17729,4,0
rw1773,4,4
rw17730,0,1
rw17731,3,2
rw17732,2,3
rw17733,4,2
rw17734,2,2
rw17735,2,0
rw17736,0,0
rw17737,1,2
rw17738,2,0
rw17739,2,2
rw1774,3,1
rw17740,0,0
rw17741,0,2
rw17743,2,1
rw17744,1,3
rw17745,0,0
rw17746,0,1
rw17747,1,1
rw17748,1,1
rw17749,1,2
rw1775,3,1
rw17750,1,0
rw17752,1,0
rw17753,2,0
rw17754,2,3
rw17755,2,0
rw17756,2,0
rw17757,2,0
rw17758,1,0
rw17759,2,1
rw1776,3,0
rw17760,1,1
rw17761,1,1
rw17762,1,1
rw17763,0,0
rw17764,0,4
rw17765,3,0
rw17766,3,3
rw17768,2,4
rw17769,0,0
rw1777,3,1
rw17770,0,0
rw17771,3,0
rw17772,1,0
rw17773,0,1
rw17774,0,0
rw17775,3,0
rw17776,4,1
rw17777,0,0
rw17778,0,0
rw17779,0,0
rw1778,1,0
rw17780,2,1
rw17781,2,2
rw17782,1,0
rw17783,2,2
rw17784,1,0
rw17785,3,0
rw17786,1,1
rw17787,1,0
rw17788,0,4
rw17789,3,0
rw1779,1,1
rw17790,0,3
rw17791,1,4
rw17792,0,0
rw17793,1,1
rw17794,2,0
rw17795,1,0
rw17796,1,2
rw17797,0,0
rw17798,1,0
rw17799,2,0
rw1780,1,7
rw17800,1,3
rw17801,1,0
rw17802,3,2
rw17803,1,0
rw17804,0,1
rw17805,1,0
rw17806,5,7
rw17807,2,2
rw17808,2,1
rw17809,2,0
rw1781,3,0
rw17810,1,0
rw17811,1,0
rw17813,1,0
rw17814,1,0
rw17815,0,0
rw17816,1,3
rw17817,1,1
rw17818,1,2
rw17819,1,2
rw1782,2,4
rw17820,1,0
rw17821,1,1
rw17822,1,1
rw17823,1,0
rw17824,1,1
rw17826,1,0
rw17827,2,1
rw17828,2,2
rw17829,3,1
rw1783,2,2
rw17830,0,0
rw17831,0,1
rw17832,1,0
rw17833,1,1
rw17834,0,0
rw17835,0,1
rw17836,1,0
rw17837,0,0
rw17838,1,0
rw17839,1,1
rw1784,1,3
rw17840,0,1
rw17841,1,1
rw17842,1,0
rw17843,0,0
rw17844,2,0
rw17845,3,3
rw17846,1,0
rw17847,2,2
rw17848,1,1
rw17849,3,1
rw17850,2,0
rw17851,0,0
rw17853,0,0
rw17854,2,1
rw17855,1,0
rw17856,0,1
rw17857,3,0
rw17858,0,1
rw17859,1,0
rw17860,0,0
rw17861,3,2
rw17862,0,0
rw17863,3,1
rw17864,0,0
rw17865,1,1
rw17866,1,1
rw17867,1,1
rw17868,0,0
rw17869,2,1
rw1787,0,1
rw17870,0,0
rw17871,1,1
rw17872,0,2
rw17873,1,2
rw17876,0,0
rw17877,1,1
rw17878,0,0
rw17879,0,0
rw1788,0,5
rw17880,0,6
rw17881,0,1
rw17882,1,1
rw17883,1,1
rw17884,2,0
rw17885,2,0
rw17886,0,0
rw17887,0,0
rw17888,1,0
rw17889,0,1
rw1789,2,1
rw17890,0,1
rw17891,0,2
rw17892,1,1
rw17893,2,0
rw17894,0,1
rw17895,0,1
rw17896,1,0
rw17897,1,1
rw17898,1,1
rw17899,1,0
rw1790,1,3
rw17900,0,2
rw17901,2,0
rw17902,3,1
rw17903,1,0
rw17904,2,3
rw17905,0,5
rw17906,1,0
rw17907,1,0
rw17908,3,3
rw17909,1,0
rw1791,2,2
rw17910,1,2
rw17911,2,3
rw17912,1,1
rw17913,0,6
rw17914,2,2
rw17915,0,0
rw17916,0,0
rw17917,1,0
rw17918,2,3
rw17919,1,0
rw17920,0,0
rw17921,1,0
rw17922,4,0
rw17923,0,2
rw17924,1,4
rw17925,0,0
rw17926,0,0
rw17927,1,0
rw17928,0,0
rw17929,1,2
rw1793,0,0
rw17930,3,2
rw17931,1,0
rw17932,1,1
rw17933,1,1
rw17934,1,0
rw17935,2,2
rw17936,3,1
rw17937,1,1
rw17938,0,0
rw17939,1,0
rw1794,3,2
rw17940,2,3
rw17941,0,1
rw17942,0,0
rw17943,1,0
rw17944,3,2
rw17945,1,4
rw17946,1,0
rw17947,1,1
rw17948,1,3
rw17949,1,1
rw1795,1,0
rw17950,2,0
rw17951,0,0
rw17952,2,0
rw17953,2,2
rw17954,1,1
rw17955,0,0
rw17956,1,1
rw17957,0,0
rw17958,1,2
rw17959,2,1
rw1796,0,1
rw17960,2,3
rw17961,1,0
rw17962,2,1
rw17963,1,0
rw17964,0,1
rw17965,1,1
rw17966,1,0
rw17967,0,0
rw17968,1,0
rw17969,1,2
rw1797,2,3
rw17970,0,1
rw17971,0,1
rw17972,0,1
rw17973,0,1
rw17974,1,0
rw17975,1,1
rw17976,1,2
rw17977,2,3
rw17978,0,1
rw17979,0,1
rw1798,2,0
rw17980,2,1
rw17981,1,0
rw17982,3,1
rw17983,2,1
rw17984,2,1
rw17985,1,0
rw17986,1,1
rw17987,2,1
rw17988,0,1
rw17989,0,2
rw1799,1,0
rw17990,1,1
rw17991,1,3
rw17992,1,0
rw17993,2,0
rw17994,0,0
rw17995,1,1
rw17996,3,1
rw17997,0,2
rw17998,0,0
rw17999,2,3
rw1800,3,2
rw18000,0,0
rw18001,1,2
rw18002,1,0
rw18003,2,2
rw18004,3,1
rw18005,0,1
rw18006,3,1
rw18007,0,1
rw18008,2,1
rw18009,1,3
rw1801,1,1
rw18010,0,0
rw18011,0,0
rw18012,0,0
rw18013,0,1
rw18014,0,2
rw18015,1,0
rw18016,2,3
rw18017,0,2
rw18018,2,1
rw18019,1,0
rw1802,3,1
rw18020,2,1
rw18021,0,1
rw18022,2,6
rw18023,0,2
rw18024,1,0
rw18025,0,2
rw18026,1,1
rw18027,2,2
rw18028,1,0
rw18029,1,0
rw1803,2,0
rw18030,2,0
rw18031,2,1
rw18032,0,0
rw18033,0,1
rw18034,1,0
rw18035,1,0
rw18036,3,0
rw18037,0,0
rw18038,0,0
rw18039,1,2
rw1804,2,0
rw18041,4,1
rw18042,0,1
rw18044,1,0
rw18045,4,2
rw18046,1,0
rw18047,1,2
rw18048,1,2
rw18049,1,0
rw1805,1,0
rw18050,0,0
rw18051,0,1
rw18052,1,1
rw18053,0,1
rw18055,3,4
rw18056,1,0
rw18057,1,0
rw18058,1,2
rw18059,0,2
rw1806,0,0
rw18060,2,0
rw18061,0,1
rw18062,0,1
rw18063,4,0
rw18064,2,0
rw18065,0,1
rw18066,0,2
rw18067,1,3
rw18068,3,1
rw18069,1,1
rw1807,1,1
rw18070,4,2
rw18071,0,1
rw18072,0,0
rw18073,1,0
rw18074,1,0
rw18076,2,0
rw18077,4,0
rw18078,0,1
rw18079,1,3
rw1808,0,2
rw18080,1,0
rw18081,0,0
rw18082,3,1
rw18083,4,1
rw18084,0,0
rw18086,3,1
rw18087,1,12
rw18088,29,3
rw18089,1,1
rw18090,1,1
rw18091,1,1
rw18092,1,0
rw18093,0,0
rw18094,2,1
rw18095,1,0
rw18096,4,13
rw18097,1,0
rw18098,1,0
rw18099,1,1
rw1810,0,0
rw18100,0,2
rw18101,0,0
rw18102,0,1
rw18103,2,1
rw18104,1,0
rw18105,0,1
rw18106,1,2
rw18107,1,1
rw18108,2,0
rw18109,2,1
rw1811,1,1
rw18110,2,1
rw18111,1,1
rw18112,1,1
rw18113,0,0
rw18114,0,0
rw18115,0,3
rw18116,1,1
rw18117,1,0
rw18118,3,1
rw18119,0,2
rw1812,2,4
rw18120,3,4
rw18121,1,1
rw18122,2,2
rw18123,2,0
rw18124,1,1
rw18125,0,0
rw18126,0,0
rw18127,2,1
rw18128,0,0
rw1813,3,1
rw18130,2,1
rw18131,0,0
rw18132,0,1
rw18133,1,1
rw18134,0,1
rw18135,1,1
rw18136,0,0
rw18137,0,5
rw18138,3,2
rw18139,2,0
rw1814,3,1
rw18140,2,2
rw18141,1,1
rw18142,2,0
rw18143,2,0
rw18144,2,3
rw18145,1,1
rw18146,0,0
rw18148,1,1
rw18149,1,1
rw1815,0,0
rw18150,0,0
rw18151,1,1
rw18152,0,0
rw18153,0,0
rw18154,2,2
rw18155,3,1
rw18156,1,1
rw18157,3,4
rw18158,0,1
rw18159,2,1
rw1816,3,0
rw18160,1,0
rw18161,2,1
rw18162,1,3
rw18163,3,2
rw18164,2,0
rw18165,1,0
rw18166,1,0
rw18167,2,1
rw18168,1,2
rw18169,1,0
rw1817,0,1
rw18170,2,0
rw18171,0,1
rw18172,1,2
rw18174,2,2
rw18175,2,1
rw18176,1,0
rw18177,0,0
rw18178,1,1
rw18179,0,0
rw1818,3,2
rw18180,0,1
rw18181,1,1
rw18182,1,1
rw18183,0,0
rw18184,0,1
rw18185,2,1
rw18186,1,2
rw18187,1,0
rw18188,0,2
rw1819,2,1
rw18190,1,3
rw18191,0,2
rw18192,1,1
rw18193,3,1
rw18194,0,0
rw18195,2,0
rw18196,0,0
rw18197,1,0
rw18198,1,1
rw18199,2,0
rw1820,0,2
rw18200,0,6
rw18201,1,5
rw18202,4,1
rw18203,0,0
rw18204,2,1
rw18205,0,1
rw18206,2,3
rw18207,0,3
rw18208,1,3
rw18209,0,8
rw1821,1,3
rw18210,3,2
rw18211,0,0
rw18212,0,1
rw18213,1,2
rw18214,2,1
rw18215,1,1
rw18216,0,1
rw18217,0,1
rw18218,2,1
rw18219,3,2
rw1822,1,3
rw18220,0,2
rw18221,2,0
rw18222,1,2
rw18223,0,0
rw18224,3,3
rw18225,0,2
rw18226,1,1
rw18227,4,0
rw18228,2,1
rw18229,0,0
rw1823,3,1
rw18230,0,0
rw18231,0,0
rw18232,1,1
rw18233,1,0
rw18234,2,0
rw18235,1,0
rw18236,0,0
rw18237,1,1
rw18238,0,0
rw18239,3,1
rw1824,1,1
rw18240,0,0
rw18241,0,1
rw18242,2,1
rw18243,1,2
rw18244,1,1
rw18245,2,1
rw18246,2,1
rw18247,0,0
rw18248,0,0
rw18249,3,0
rw1825,0,4
rw18250,1,1
rw18251,2,0
rw18252,0,0
rw18253,0,0
rw18254,1,0
rw18255,2,0
rw18256,1,1
rw18257,1,0
rw18258,1,1
rw18259,0,1
rw1826,2,4
rw18260,1,1
rw18261,2,0
rw18262,3,0
rw18263,0,0
rw18264,1,1
rw18265,2,0
rw18266,2,0
rw18267,0,1
rw18268,1,0
rw18269,3,0
rw1827,1,0
rw18271,1,0
rw18272,1,0
rw18273,2,0
rw18274,1,0
rw18275,0,1
rw18276,2,2
rw18277,1,1
rw18278,0,0
rw18279,1,2
rw1828,0,0
rw18280,2,2
rw18281,1,1
rw18282,1,1
rw18283,1,2
rw18284,2,1
rw18285,1,1
rw18286,1,0
rw18287,0,3
rw18288,0,1
rw18289,1,0
rw18290,2,1
rw18291,0,2
rw18292,2,3
rw18293,1,1
rw18294,2,3
rw18295,1,0
rw18296,0,1
rw18297,1,4
rw18298,1,0
rw18299,1,0
rw1830,0,2
rw18300,1,3
rw18301,1,1
rw18302,1,0
rw18303,5,1
rw18304,2,0
rw18305,1,1
rw18306,2,0
rw18307,1,0
rw18308,0,0
rw18309,1,1
rw1831,3,4
rw18310,1,0
rw18311,2,0
rw18312,0,0
rw18313,1,0
rw18314,0,0
rw18315,0,0
rw18316,1,1
rw18318,2,0
rw18319,0,0
rw1832,1,1
rw18321,0,0
rw18322,1,3
rw18323,1,3
rw18324,0,1
rw18325,1,1
rw18326,0,0
rw18327,0,1
rw18328,1,2
rw18329,0,0
rw1833,1,3
rw18330,0,0
rw18331,0,0
rw18332,0,1
rw18333,2,0
rw18334,0,3
rw18335,0,3
rw18336,2,0
rw18337,1,0
rw18338,1,3
rw18339,0,3
rw1834,2,2
rw18340,1,0
rw18341,0,2
rw18342,1,1
rw18343,4,1
rw18344,3,0
rw18345,1,0
rw18346,0,0
rw18347,1,1
rw18348,0,0
rw18349,0,0
rw1835,0,1
rw18350,1,1
rw18351,0,0
rw18352,1,3
rw18353,1,16
rw18354,0,0
rw18355,1,3
rw18356,1,1
rw18357,0,2
rw18358,2,0
rw18359,0,1
rw1836,0,0
rw18360,1,2
rw18361,1,2
rw18362,0,0
rw18363,0,0
rw18364,1,0
rw18365,3,0
rw18366,0,0
rw18367,1,2
rw18368,1,0
rw18369,1,1
rw18370,1,0
rw18371,1,0
rw18372,0,0
rw18373,1,2
rw18374,1,1
rw18375,1,3
rw18376,2,0
rw18377,0,3
rw18378,3,6
rw18379,1,3
rw1838,3,3
rw18380,1,0
rw18381,1,0
rw18382,0,0
rw18383,2,1
rw18384,1,1
rw18385,2,1
rw18386,0,0
rw18387,2,1
rw18388,0,1
rw18389,2,0
rw1839,1,1
rw18390,1,1
rw18391,2,1
rw18392,2,4
rw18393,2,0
rw18394,0,1
rw18395,1,1
rw18396,1,2
rw18397,2,1
rw18398,1,1
rw18399,2,0
rw1840,2,1
rw18400,1,0
rw18401,0,1
rw18402,0,0
rw18403,0,1
rw18404,0,0
rw18405,1,5
rw18406,0,0
rw18407,2,2
rw18408,0,3
rw18409,0,1
rw1841,1,1
rw18410,2,0
rw18411,2,0
rw18412,1,1
rw18413,0,0
rw18414,1,0
rw18415,0,1
rw18416,0,1
rw18417,1,0
rw18418,0,0
rw18419,1,0
rw1842,1,3
rw18420,2,0
rw18421,0,2
rw18422,0,1
rw18423,2,0
rw18424,1,1
rw18425,1,2
rw18426,3,0
rw18427,0,1
rw18428,3,2
rw18429,1,0
rw1843,1,2
rw18431,1,0
rw18432,3,1
rw18433,3,2
rw18434,7,3
rw18435,2,0
rw18436,1,1
rw18437,0,1
rw18438,1,0
rw18439,2,2
rw18440,1,0
rw18441,2,1
rw18443,0,0
rw18444,2,1
rw18445,0,0
rw18446,2,2
rw18447,1,1
rw18448,1,0
rw18449,2,0
rw1845,1,2
rw18450,1,0
rw18451,1,1
rw18452,0,3
rw18453,3,0
rw18454,0,3
rw18455,2,0
rw18456,0,2
rw18457,1,0
rw18458,0,2
rw18459,0,0
rw1846,1,0
rw18460,2,0
rw18461,1,0
rw18462,1,3
rw18464,3,1
rw18465,1,1
rw18466,1,3
rw18468,0,0
rw18469,0,1
rw1847,2,0
rw18470,0,1
rw18471,2,2
rw18472,1,1
rw18473,1,1
rw18474,0,0
rw18475,0,0
rw18476,0,0
rw18477,1,0
rw18478,1,1
rw18479,0,1
rw1848,3,2
rw18480,0,1
rw18481,1,1
rw18482,0,0
rw18483,1,0
rw18484,0,1
rw18485,1,2
rw18486,0,0
rw18487,3,0
rw18488,2,0
rw18489,0,2
rw1849,1,2
rw18490,1,8
rw18491,0,0
rw18492,1,0
rw18493,0,1
rw18494,1,0
rw18495,0,0
rw18496,0,0
rw18497,1,0
rw18498,1,0
rw18499,1,2
rw1850,0,3
rw18500,8,3
rw18501,0,0
rw18502,1,1
rw18503,0,0
rw18504,1,0
rw18506,1,0
rw18507,0,1
rw18508,0,4
rw18509,0,1
rw1851,3,1
rw18510,0,2
rw18511,1,3
rw18512,0,2
rw18513,3,0
rw18514,1,1
rw18515,1,0
rw18516,1,1
rw18517,1,1
rw18518,2,2
rw18519,2,0
rw1852,2,0
rw18520,2,2
rw18521,0,0
rw18522,1,1
rw18523,2,0
rw18524,1,0
rw18525,0,1
rw18526,0,0
rw18527,3,1
rw18528,0,1
rw18529,2,0
rw1853,2,2
rw18530,0,0
rw18531,1,2
rw18532,0,1
rw18533,1,0
rw18534,0,0
rw18536,1,1
rw18537,0,1
rw18538,2,0
rw18539,1,0
rw1854,0,0
rw18540,1,0
rw18541,0,0
rw18542,2,0
rw18543,0,1
rw18544,2,2
rw18545,1,1
rw18546,1,2
rw18547,1,1
rw18548,0,0
rw18549,2,3
rw1855,1,1
rw18550,2,0
rw18551,0,2
rw18552,4,3
rw18553,3,0
rw18554,0,2
rw18555,0,1
rw18556,1,1
rw18557,2,5
rw18558,2,2
rw18559,0,2
rw1856,0,1
rw18560,1,0
rw18561,2,0
rw18562,0,0
rw18563,0,1
rw18564,0,1
rw18565,1,0
rw18566,0,4
rw18567,1,0
rw18568,2,0
rw18569,0,0
rw1857,5,0
rw18570,0,1
rw18572,0,3
rw18573,0,4
rw18574,2,1
rw18575,1,1
rw18576,2,2
rw18577,0,0
rw18578,1,0
rw18579,0,0
rw1858,0,2
rw18580,2,0
rw18581,1,0
rw18582,2,1
rw18583,3,4
rw18584,2,0
rw18585,2,1
rw18586,3,1
rw18587,1,0
rw18588,1,1
rw18589,0,0
rw1859,3,0
rw18590,0,0
rw18591,2,0
rw18592,1,3
rw18593,1,0
rw18594,0,1
rw18595,0,0
rw18596,0,0
rw18597,0,0
rw18598,1,2
rw18599,3,1
rw1860,1,1
rw18600,0,0
rw18601,0,2
rw18602,0,0
rw18603,1,1
rw18604,1,2
rw18605,3,1
rw18606,0,0
rw18607,1,0
rw18608,2,1
rw18609,1,2
rw1861,2,2
rw18610,0,1
rw18611,1,1
rw18612,0,1
rw18613,2,1
rw18614,1,0
rw18615,2,1
rw18616,1,0
rw18617,0,0
rw18618,1,1
rw18619,1,2
rw18620,1,2
rw18621,1,1
rw18622,1,2
rw18623,1,0
rw18624,1,0
rw18625,2,1
rw18626,1,2
rw18627,1,1
rw18628,2,2
rw18629,1,1
rw1863,2,0
rw18630,0,3
rw18631,1,5
rw18632,2,0
rw18633,0,0
rw18634,0,2
rw18635,1,1
rw18636,0,1
rw18637,2,0
rw18638,0,0
rw18639,1,0
rw1864,0,2
rw18640,0,0
rw18641,0,0
rw18642,2,0
rw18643,1,1
rw18644,1,0
rw18645,0,0
rw18646,1,0
rw18647,1,1
rw18648,0,1
rw18649,1,1
rw1865,5,0
rw18650,0,1
rw18651,1,0
rw18652,1,1
rw18653,1,1
rw18654,1,0
rw18655,1,2
rw18656,0,0
rw18657,3,0
rw18658,1,0
rw18659,2,0
rw1866,2,1
rw18660,0,1
rw18661,4,1
rw18662,0,0
rw18663,2,2
rw18664,0,3
rw18665,0,0
rw18666,1,0
rw18667,0,0
rw18668,1,0
rw18669,1,0
rw1867,3,1
rw18672,0,0
rw18673,1,0
rw18674,2,0
rw18675,0,0
rw18676,1,0
rw18677,0,1
rw18678,3,2
rw18679,1,0
rw1868,2,2
rw18680,0,1
rw18681,0,1
rw18682,1,1
rw18683,1,1
rw18684,1,1
rw18685,1,1
rw18686,0,0
rw18687,1,0
rw18688,0,0
rw18689,0,1
rw1869,1,1
rw18690,3,3
rw18691,1,3
rw18692,0,1
rw18693,1,0
rw18694,0,4
rw18695,2,1
rw18696,1,1
rw18697,0,0
rw18698,1,0
rw18699,0,1
rw1870,1,0
rw18700,2,0
rw18701,1,0
rw18702,1,0
rw18703,0,0
rw18704,0,1
rw18705,2,0
rw18706,0,0
rw18707,1,0
rw18708,1,2
rw18709,1,1
rw18710,2,0
rw18711,2,0
rw18712,5,3
rw18713,2,0
rw18714,2,2
rw18715,1,1
rw18716,2,1
rw18717,3,0
rw18718,1,5
rw18719,1,4
rw1872,3,1
rw18720,1,0
rw18721,2,3
rw18722,3,0
rw18723,2,1
rw18724,1,0
rw18725,2,0
rw18726,1,1
rw18727,1,0
rw18728,0,1
rw18729,0,1
rw18730,1,4
rw18731,1,1
rw18732,0,1
rw18733,0,1
rw18734,1,1
rw18735,3,1
rw18736,1,1
rw18737,2,0
rw18738,1,1
rw18739,0,1
rw1874,0,1
rw18740,0,0
rw18741,2,2
rw18742,3,0
rw18743,3,0
rw18744,0,0
rw18745,2,1
rw18746,3,1
rw18747,1,1
rw18749,0,0
rw1875,2,3
rw18750,1,1
rw18751,1,2
rw18752,2,3
rw18753,4,2
rw18754,2,0
rw18755,1,0
rw18756,0,2
rw18757,0,1
rw18758,0,2
rw18759,0,0
rw1876,3,2
rw18760,1,1
rw18761,1,2
rw18762,2,0
rw18763,1,0
rw18764,0,1
rw18766,0,0
rw18767,2,0
rw18768,2,1
rw18769,2,2
rw18770,0,1
rw18771,2,1
rw18772,1,1
rw18773,1,1
rw18774,1,2
rw18775,1,1
rw18776,1,3
rw18777,1,1
rw18778,3,1
rw18779,0,1
rw1878,1,2
rw18780,3,1
rw18781,2,1
rw18782,0,6
rw18783,1,0
rw18784,1,0
rw18785,3,0
rw18787,1,0
rw18788,3,1
rw18789,1,0
rw1879,1,0
rw18790,2,1
rw18791,1,1
rw18792,0,3
rw18793,0,0
rw18794,2,1
rw18795,0,1
rw18796,0,0
rw18797,1,0
rw18798,2,0
rw18799,3,0
rw1880,2,1
rw18800,0,0
rw18801,0,6
rw18802,0,2
rw18803,2,0
rw18804,1,1
rw18805,1,1
rw18806,3,2
rw18807,0,0
rw18808,0,0
rw18809,0,0
rw1881,2,0
rw18810,0,0
rw18811,2,3
rw18812,0,0
rw18813,1,1
rw18814,1,4
rw18815,1,3
rw18816,2,1
rw18817,0,0
rw18818,1,1
rw18819,2,1
rw1882,2,2
rw18820,0,0
rw18821,3,2
rw18822,0,1
rw18823,0,0
rw18824,0,0
rw18825,1,1
rw18826,0,0
rw18827,2,1
rw18828,1,1
rw1883,4,1
rw18830,2,3
rw18831,2,1
rw18832,2,1
rw18833,1,1
rw18834,0,0
rw18835,1,0
rw18836,1,0
rw18837,1,1
rw18838,2,1
rw18839,3,2
rw1884,4,3
rw18840,0,1
rw18841,0,1
rw18842,1,2
rw18843,0,1
rw18844,1,3
rw18845,0,1
rw18846,0,0
rw18847,0,0
rw18848,0,0
rw18849,0,2
rw1885,1,0
rw18850,0,0
rw18851,0,1
rw18852,0,1
rw18853,1,1
rw18854,4,1
rw18855,3,1
rw18856,3,1
rw18857,3,0
rw18858,1,0
rw18859,0,1
rw1886,1,3
rw18860,0,0
rw18861,1,1
rw18862,0,0
rw18863,3,0
rw18864,1,0
rw18865,1,0
rw18866,0,0
rw18867,4,3
rw18868,1,0
rw18869,2,1
rw1887,2,0
rw18870,0,1
rw18871,0,2
rw18872,1,1
rw18873,3,0
rw18874,0,0
rw18875,0,0
rw18876,3,3
rw18877,3,5
rw18878,0,3
rw18879,0,0
rw1888,2,0
rw18880,1,1
rw18881,0,0
rw18882,0,0
rw18883,2,1
rw18884,1,0
rw18885,1,1
rw18887,1,0
rw18888,1,1
rw18889,0,2
rw1889,1,1
rw18890,1,0
rw18891,2,4
rw18892,2,2
rw18893,0,0
rw18894,2,0
rw18895,1,1
rw18896,1,2
rw18897,2,0
rw18898,1,2
rw18899,4,11
rw1890,2,2
rw18900,1,0
rw18901,2,0
rw18902,1,0
rw18903,2,0
rw18904,0,0
rw18905,0,0
rw18906,1,0
rw18907,0,1
rw18908,1,1
rw18909,1,2
rw18910,2,1
rw18911,1,0
rw18912,0,2
rw18913,0,0
rw18914,0,0
rw18915,2,0
rw18916,1,0
rw18917,2,1
rw18918,2,2
rw18919,2,2
rw1892,2,1
rw18920,1,0
rw18921,0,2
rw18922,2,2
rw18923,0,0
rw18924,1,3
rw18925,2,0
rw18926,1,2
rw18927,1,1
rw18928,0,1
rw18929,0,2
rw1893,1,0
rw18930,2,4
rw18931,1,1
rw18932,2,1
rw18933,2,3
rw18934,0,0
rw18935,1,1
rw18936,1,0
rw18937,0,0
rw18938,0,1
rw18939,2,0
rw1894,4,3
rw18940,0,1
rw18941,1,1
rw18942,1,0
rw18943,1,2
rw18944,1,2
rw18945,0,2
rw18946,1,2
rw18947,2,1
rw18948,3,0
rw18949,1,0
rw1895,0,2
rw18950,0,4
rw18951,1,1
rw18952,2,1
rw18953,1,0
rw18954,2,2
rw18955,3,2
rw18956,2,0
rw18957,0,0
rw18959,2,0
rw1896,2,0
rw18961,1,0
rw18962,1,1
rw18963,2,1
rw18964,1,0
rw18965,1,1
rw18966,2,0
rw18967,0,2
rw18968,0,2
rw18969,1,0
rw1897,1,0
rw18970,1,0
rw18971,0,0
rw18972,2,4
rw18973,2,0
rw18974,3,0
rw18976,2,3
rw18977,3,2
rw18978,1,1
rw1898,2,1
rw18980,1,0
rw18981,0,1
rw18982,0,1
rw18983,2,1
rw18984,0,0
rw18985,1,2
rw18987,2,1
rw18988,0,0
rw18989,0,0
rw1899,3,1
rw18990,2,0
rw18991,0,0
rw18992,2,0
rw18993,0,0
rw18994,5,1
rw18995,2,1
rw18996,4,1
rw18997,3,0
rw18998,1,1
rw18999,2,3
rw1900,4,1
rw19000,1,1
rw19001,2,0
rw19002,1,0
rw19003,0,0
rw19004,2,1
rw19005,0,1
rw19006,1,3
rw19007,2,1
rw19008,0,0
rw19009,0,0
rw1901,1,0
rw19010,1,2
rw19011,0,0
rw19012,0,0
rw19013,1,0
rw19014,0,1
rw19015,1,0
rw19016,0,2
rw19017,0,1
rw19018,1,0
rw19019,0,1
rw19020,2,2
rw19021,1,0
rw19022,2,1
rw19023,2,2
rw19024,1,1
rw19025,3,1
rw19026,0,0
rw19027,0,1
rw19028,1,0
rw19029,2,1
rw1903,0,2
rw19030,1,0
rw19031,1,2
rw19032,1,0
rw19033,1,1
rw19034,4,2
rw19035,1,0
rw19036,2,0
rw19037,1,0
rw19038,0,3
rw19039,1,0
rw1904,1,2
rw19040,2,2
rw19041,1,0
rw19043,3,4
rw19044,2,0
rw19045,0,1
rw19046,0,0
rw19047,1,0
rw19048,1,2
rw19049,0,0
rw1905,2,0
rw19050,2,2
rw19051,2,1
rw19052,0,0
rw19053,0,2
rw19054,0,1
rw19055,1,0
rw19056,0,0
rw19057,1,4
rw19058,0,1
rw19059,1,2
rw19060,1,2
rw19061,3,0
rw19062,0,2
rw19063,0,0
rw19064,0,0
rw19065,3,1
rw19066,1,0
rw19067,0,2
rw19068,2,0
rw19069,0,1
rw1907,2,0
rw19070,1,0
rw19071,3,1
rw19072,3,1
rw19073,0,2
rw19074,1,1
rw19075,1,0
rw19076,0,0
rw19077,2,1
rw19078,1,0
rw19079,3,1
rw1908,1,2
rw19080,1,2
rw19081,2,1
rw19082,2,0
rw19083,2,1
rw19084,1,1
rw19086,1,4
rw19087,2,0
rw19088,3,1
rw19089,2,3
rw19090,1,0
rw19091,0,0
rw19092,1,0
rw19093,0,1
rw19094,0,2
rw19095,0,0
rw19097,0,4
rw19098,4,1
rw19099,1,1
rw1910,0,0
rw19100,1,1
rw19101,3,1
rw19102,1,0
rw19103,0,0
rw19104,2,1
rw19105,0,1
rw19106,1,4
rw19107,3,1
rw19108,2,0
rw19109,3,2
rw19110,0,0
rw19111,1,0
rw19112,1,0
rw19113,0,1
rw19115,0,1
rw19116,3,3
rw19117,5,2
rw19118,1,1
rw19119,0,3
rw1912,1,1
rw19120,0,1
rw19121,1,0
rw19122,1,2
rw19123,1,0
rw19124,3,0
rw19125,2,0
rw19126,2,0
rw19127,4,5
rw19128,0,1
rw19129,5,1
rw1913,0,1
rw19130,3,0
rw19131,0,5
rw19132,2,0
rw19133,0,0
rw19134,1,3
rw19135,3,1
rw19136,1,1
rw19137,1,0
rw19138,1,0
rw19139,1,0
rw1914,0,3
rw19140,1,0
rw19141,2,0
rw19142,2,0
rw19143,0,0
rw19144,1,3
rw19145,0,0
rw19146,0,1
rw19147,2,1
rw19148,1,2
rw19149,3,1
rw1915,3,0
rw19150,1,1
rw19151,2,0
rw19152,6,2
rw19153,1,1
rw19154,2,1
rw19155,1,1
rw19156,1,1
rw19157,1,4
rw19158,0,0
rw19159,0,0
rw1916,0,0
rw19160,2,2
rw19161,0,1
rw19162,0,1
rw19163,3,0
rw19164,0,1
rw19165,1,0
rw19166,0,1
rw19167,2,0
rw19168,1,2
rw19169,2,2
rw1917,2,1
rw19170,2,1
rw19171,0,2
rw19172,1,1
rw19173,2,7
rw19174,1,4
rw19175,0,1
rw19176,0,0
rw19177,1,4
rw19178,3,1
rw19179,1,1
rw1918,1,1
rw19180,2,3
rw19181,1,0
rw19182,0,2
rw19183,2,0
rw19184,0,0
rw19185,1,2
rw19186,3,0
rw19187,1,0
rw19188,1,0
rw19189,0,0
rw1919,2,2
rw19190,0,1
rw19191,2,1
rw19192,1,1
rw19193,3,1
rw19194,0,0
rw19195,1,0
rw19196,1,0
rw19197,0,0
rw19198,1,1
rw19199,0,0
rw1920,3,0
rw19200,2,1
rw19201,0,0
rw19202,1,1
rw19203,2,3
rw19204,2,0
rw19205,0,1
rw19206,2,1
rw19207,1,0
rw19208,1,0
rw19209,1,1
rw1921,2,2
rw19210,1,1
rw19211,1,1
rw19212,1,1
rw19213,2,1
rw19214,3,3
rw19215,2,0
rw19216,3,0
rw19217,1,1
rw19218,0,0
rw19219,0,1
rw1922,1,0
rw19220,0,0
rw19223,0,0
rw19224,3,1
rw19225,2,0
rw19226,2,0
rw19227,1,1
rw19228,1,1
rw19229,0,1
rw1923,0,0
rw19230,0,2
rw19231,1,2
rw19232,3,1
rw19233,2,0
rw19234,3,0
rw19235,1,1
rw19236,2,1
rw19237,0,1
rw19238,4,1
rw19239,1,3
rw1924,0,3
rw19240,1,1
rw19241,2,3
rw19242,0,1
rw19243,2,5
rw19244,0,1
rw19245,1,1
rw19246,0,0
rw19247,1,1
rw19248,2,0
rw19249,1,0
rw1925,5,1
rw19250,1,0
rw19251,1,0
rw19252,1,2
rw19253,3,0
rw19254,0,2
rw19255,0,2
rw19256,1,2
rw19257,0,0
rw19258,3,0
rw19259,2,1
rw1926,0,0
rw19260,0,1
rw19261,0,0
rw19262,1,0
rw19264,5,4
rw19265,1,0
rw19266,0,0
rw19267,0,0
rw19268,0,0
rw19269,1,1
rw1927,0,1
rw19270,0,1
rw19271,0,1
rw19272,1,1
rw19273,0,1
rw19274,0,1
rw19275,1,1
rw19276,0,2
rw19277,2,3
rw19278,1,1
rw19279,1,0
rw1928,3,0
rw19280,0,2
rw19281,1,0
rw19282,0,2
rw19283,2,1
rw19284,1,2
rw19285,1,0
rw19286,2,1
rw19287,2,0
rw19288,1,1
rw19289,1,1
rw1929,2,1
rw19290,1,0
rw19291,0,0
rw19292,2,1
rw19293,1,0
rw19294,1,0
rw19295,2,2
rw19296,1,1
rw19297,0,1
rw19298,1,1
rw1930,5,0
rw19300,0,2
rw19301,1,0
rw19302,1,1
rw19303,0,1
rw19304,1,1
rw19305,0,2
rw19306,1,3
rw19307,1,1
rw19308,1,0
rw19309,1,0
rw1931,2,1
rw19310,3,1
rw19311,0,1
rw19312,1,0
rw19313,1,0
rw19314,0,0
rw19315,1,3
rw19316,0,1
rw19317,0,0
rw19318,1,0
rw19319,1,0
rw1932,1,0
rw19320,1,0
rw19321,4,1
rw19322,1,1
rw19323,0,4
rw19324,1,0
rw19325,1,0
rw19326,0,0
rw19327,4,1
rw19328,0,2
rw19329,2,0
rw1933,0,1
rw19330,2,1
rw19331,2,3
rw19332,1,0
rw19333,1,1
rw19334,1,0
rw19335,0,0
rw19336,1,1
rw19337,0,0
rw19338,2,0
rw19339,1,0
rw1934,1,0
rw19340,1,0
rw19341,0,1
rw19343,0,1
rw19344,0,0
rw19345,1,0
rw19346,1,0
rw19347,0,0
rw19348,2,0
rw19349,2,1
rw1935,0,1
rw19350,0,0
rw19351,1,4
rw19352,1,0
rw19353,1,0
rw19355,1,0
rw19356,1,2
rw19357,1,1
rw19358,2,0
rw19359,0,1
rw1936,3,0
rw19360,0,0
rw19361,0,1
rw19362,1,1
rw19363,0,0
rw19364,0,0
rw19365,2,1
rw19366,2,1
rw19367,1,4
rw19368,2,3
rw19369,1,1
rw1937,3,1
rw19370,1,2
rw19371,1,2
rw19372,0,0
rw19373,0,0
rw19374,1,0
rw19375,1,1
rw19376,2,1
rw19377,1,1
rw19378,1,1
rw19379,0,0
rw1938,2,0
rw19380,1,2
rw19381,0,1
rw19382,1,0
rw19383,2,1
rw19384,1,0
rw19385,0,0
rw19386,0,0
rw19387,1,0
rw19388,2,2
rw19389,0,0
rw1939,1,0
rw19390,0,1
rw19391,2,0
rw19392,0,0
rw19393,0,0
rw19394,1,0
rw19395,3,1
rw19396,0,0
rw19397,3,2
rw19398,1,1
rw19399,0,1
rw1940,3,0
rw19400,1,1
rw19401,0,0
rw19402,1,0
rw19403,0,0
rw19404,0,1
rw19405,1,2
rw19406,0,1
rw19407,4,0
rw19408,0,2
rw19409,1,2
rw19410,0,0
rw19411,2,2
rw19412,2,1
rw19413,0,0
rw19414,2,0
rw19415,0,0
rw19416,1,0
rw19417,0,0
rw19418,2,3
rw19419,0,2
rw1942,1,0
rw19420,3,0
rw19421,1,0
rw19422,3,2
rw19423,2,2
rw19424,4,1
rw19425,0,0
rw19426,2,1
rw19427,1,1
rw19428,1,3
rw19429,0,1
rw1943,1,1
rw19430,0,3
rw19431,1,0
rw19432,1,2
rw19433,2,0
rw19434,1,0
rw19435,2,0
rw19436,4,3
rw19437,1,0
rw19438,1,0
rw19439,1,1
rw1944,0,0
rw19440,0,0
rw19441,4,4
rw19442,1,0
rw19443,2,2
rw19444,2,0
rw19445,3,2
rw19446,2,0
rw19447,0,1
rw19448,1,1
rw19449,0,0
rw1945,1,2
rw19450,0,0
rw19451,1,1
rw19452,0,0
rw19453,2,1
rw19455,1,0
rw19456,1,0
rw19457,0,0
rw19458,2,0
rw19459,0,0
rw1946,1,2
rw19460,1,0
rw19461,2,1
rw19462,1,0
rw19463,0,1
rw19464,0,1
rw19465,1,0
rw19466,1,0
rw19467,1,1
rw19468,1,0
rw19469,2,1
rw1947,0,0
rw19470,1,0
rw19471,1,2
rw19472,1,0
rw19473,0,1
rw19474,0,0
rw19475,1,0
rw19476,1,0
rw19477,4,0
rw19478,2,0
rw19479,2,1
rw1948,2,0
rw19480,1,1
rw19481,4,2
rw19482,0,0
rw19483,1,2
rw19484,0,1
rw19485,3,1
rw19486,1,3
rw19487,0,0
rw19488,1,0
rw19489,1,1
rw1949,1,1
rw19490,2,1
rw19491,3,0
rw19492,0,2
rw19493,0,0
rw19494,0,0
rw19495,2,4
rw19496,0,0
rw19497,0,0
rw19498,1,0
rw19499,1,0
rw1950,2,0
rw19500,0,1
rw19501,2,0
rw19503,0,0
rw19504,0,0
rw19505,1,1
rw19506,1,1
rw19507,0,1
rw19508,3,0
rw19509,1,1
rw1951,3,1
rw19510,1,2
rw19511,1,1
rw19512,0,4
rw19513,2,0
rw19514,2,1
rw19515,1,0
rw19516,0,0
rw19517,0,0
rw19519,3,1
rw1952,0,5
rw19520,2,2
rw19522,1,0
rw19523,4,0
rw19524,0,0
rw19525,4,0
rw19526,3,0
rw19527,0,1
rw19528,3,0
rw19529,2,1
rw1953,0,2
rw19530,1,2
rw19531,0,0
rw19532,0,1
rw19533,0,1
rw19534,0,0
rw19535,0,0
rw19536,2,1
rw19537,2,1
rw19538,0,0
rw19539,2,0
rw1954,2,1
rw19541,0,0
rw19542,0,0
rw19543,1,1
rw19544,0,1
rw19545,1,0
rw19546,2,3
rw19547,1,1
rw19549,1,0
rw1955,1,0
rw19550,0,1
rw19551,1,1
rw19552,2,1
rw19553,1,3
rw19554,1,0
rw19555,0,0
rw19557,2,0
rw19558,0,1
rw19559,0,0
rw1956,1,0
rw19560,2,1
rw19561,0,5
rw19562,1,1
rw19563,2,0
rw19564,3,2
rw19565,0,0
rw19566,1,1
rw19567,0,0
rw19568,1,0
rw19569,1,0
rw1957,4,2
rw19570,2,0
rw19571,1,0
rw19572,0,2
rw19573,0,1
rw19574,1,0
rw19575,3,1
rw19576,2,1
rw19577,0,0
rw19578,0,0
rw1958,1,1
rw19580,7,0
rw19581,2,1
rw19582,1,0
rw19583,1,1
rw19584,3,1
rw19585,1,1
rw19586,0,0
rw19587,2,0
rw19588,0,3
rw19589,2,1
rw1959,1,5
rw19590,2,0
rw19591,0,1
rw19592,2,0
rw19593,1,2
rw19594,1,3
rw19595,1,1
rw19596,0,1
rw19597,1,2
rw19598,0,1
rw19599,0,0
rw1960,1,2
rw19600,2,1
rw19601,1,2
rw19602,0,1
rw19603,3,3
rw19604,1,0
rw19605,2,1
rw19606,1,0
rw19607,0,0
rw19608,0,0
rw19609,1,2
rw1961,1,1
rw19610,1,0
rw19611,2,0
rw19612,2,1
rw19613,1,1
rw19614,1,1
rw19615,0,0
rw19616,1,1
rw19617,1,1
rw19618,2,0
rw19619,0,1
rw1962,0,0
rw19620,2,2
rw19621,2,0
rw19622,2,2
rw19623,2,0
rw19624,2,2
rw19625,1,1
rw19626,0,4
rw19627,1,2
rw19628,1,0
rw19629,1,0
rw1963,1,2
rw19630,3,2
rw19631,1,0
rw19632,2,1
rw19633,2,0
rw19634,0,1
rw19635,0,1
rw19636,1,0
rw19637,1,0
rw19638,2,0
rw19639,3,1
rw1964,1,0
rw19640,0,1
rw19641,0,0
rw19642,0,0
rw19643,2,2
rw19644,1,0
rw19645,0,0
rw19646,1,0
rw19647,2,2
rw19648,1,0
rw19649,2,0
rw19650,1,1
rw19651,1,1
rw19652,1,0
rw19653,0,1
rw19654,1,0
rw19656,3,0
rw19657,0,1
rw19658,3,0
rw19659,1,1
rw1966,2,1
rw19660,0,1
rw19661,1,0
rw19662,2,0
rw19663,1,0
rw19664,3,1
rw19665,2,3
rw19667,0,1
rw19668,1,1
rw19669,0,1
rw1967,2,2
rw19670,1,0
rw19671,2,4
rw19672,0,0
rw19673,3,1
rw19674,1,3
rw19675,0,0
rw19676,0,0
rw19677,0,0
rw19678,0,1
rw19679,1,0
rw1968,1,2
rw19680,5,1
rw19681,0,0
rw19682,0,0
rw19683,0,3
rw19684,1,0
rw19685,1,2
rw19686,0,0
rw19687,3,4
rw19688,2,2
rw19689,2,0
rw1969,2,1
rw19690,1,1
rw19691,3,0
rw19692,1,0
rw19693,1,1
rw19694,1,0
rw19695,0,1
rw19696,2,0
rw19697,2,0
rw19698,2,0
rw19699,0,1
rw1970,1,1
rw19700,1,1
rw19701,0,0
rw19703,2,1
rw19704,0,0
rw19705,0,1
rw19706,1,1
rw19708,1,0
rw19709,2,2
rw1971,0,1
rw19710,0,7
rw19712,3,1
rw19713,1,2
rw19714,1,2
rw19715,2,1
rw19716,2,0
rw19717,0,0
rw19718,1,0
rw19719,0,1
rw1972,1,3
rw19720,2,1
rw19721,0,0
rw19722,1,2
rw19723,0,2
rw19724,0,0
rw19725,3,4
rw19726,1,2
rw19727,0,2
rw19728,1,0
rw19729,2,3
rw1973,2,1
rw19730,0,0
rw19731,0,0
rw19732,1,1
rw19733,1,2
rw19734,0,1
rw19735,0,0
rw19736,0,0
rw19737,0,0
rw19738,3,0
rw19739,0,0
rw1974,2,0
rw19740,2,0
rw19741,1,1
rw19742,1,0
rw19743,1,0
rw19744,0,1
rw19745,4,1
rw19746,1,0
rw19747,0,0
rw19748,2,1
rw19749,1,0
rw1975,2,0
rw19750,1,0
rw19751,0,0
rw19752,2,0
rw19753,0,1
rw19755,0,1
rw19756,1,0
rw19757,0,1
rw19758,0,2
rw19759,0,1
rw1976,0,1
rw19760,0,0
rw19761,2,0
rw19762,0,0
rw19763,2,7
rw19764,1,0
rw19765,0,2
rw19766,1,0
rw19767,2,0
rw19768,6,3
rw19769,0,0
rw1977,0,1
rw19770,0,1
rw19771,2,1
rw19772,0,0
rw19773,1,0
rw19774,0,1
rw19775,0,4
rw19776,0,1
rw19777,3,0
rw19778,1,0
rw19779,3,0
rw1978,2,0
rw19781,2,2
rw19782,1,0
rw19783,1,4
rw19784,2,2
rw19785,2,2
rw19786,0,2
rw19787,3,1
rw19788,0,0
rw19789,1,0
rw1979,2,2
rw19790,2,0
rw19791,0,0
rw19792,0,0
rw19793,0,2
rw19794,1,0
rw19795,0,0
rw19796,1,1
rw19797,3,3
rw19798,2,0
rw19799,8,0
rw19801,0,0
rw19802,4,2
rw19803,1,0
rw19804,1,1
rw19805,0,0
rw19806,0,1
rw19807,2,3
rw19808,0,0
rw19809,1,0
rw1981,0,0
rw19810,0,0
rw19811,0,0
rw19812,2,2
rw19813,0,1
rw19814,1,2
rw19815,0,1
rw19816,2,0
rw19817,1,0
rw19818,0,0
rw19819,0,4
rw1982,3,3
rw19820,0,1
rw19821,0,2
rw19822,2,0
rw19823,2,0
rw19824,0,0
rw19825,0,1
rw19826,0,0
rw19827,2,1
rw19828,0,0
rw19829,0,0
rw1983,1,1
rw19830,3,0
rw19831,0,0
rw19832,0,0
rw19833,4,1
rw19834,2,1
rw19835,1,1
rw19836,0,0
rw19837,1,1
rw19838,0,0
rw1984,1,0
rw19840,2,2
rw19841,1,4
rw19842,4,1
rw19843,0,0
rw19844,2,0
rw19845,1,0
rw19846,0,2
rw19847,2,0
rw19848,0,1
rw19849,2,1
rw1985,1,2
rw19850,0,2
rw19851,1,0
rw19852,0,0
rw19853,1,0
rw19854,2,1
rw19855,2,4
rw19856,0,0
rw19857,0,0
rw19858,2,2
rw19860,1,1
rw19861,1,5
rw19862,2,5
rw19863,0,0
rw19864,1,1
rw19865,2,3
rw19866,0,0
rw19867,1,1
rw19868,1,1
rw19869,3,1
rw1987,1,0
rw19870,1,0
rw19871,0,0
rw19872,2,0
rw19873,0,2
rw19874,4,0
rw19875,1,4
rw19877,1,1
rw19878,1,3
rw19879,2,0
rw19880,2,0
rw19881,1,1
rw19882,4,4
rw19883,1,0
rw19884,1,0
rw19885,0,1
rw19886,3,1
rw19887,0,0
rw19889,1,0
rw1989,3,0
rw19890,0,1
rw19891,2,0
rw19892,1,1
rw19894,1,0
rw19895,2,3
rw19896,0,0
rw19897,1,0
rw19898,2,0
rw19899,1,0
rw1990,2,0
rw19900,0,0
rw19901,2,0
rw19902,3,0
rw19903,1,0
rw19904,0,2
rw19905,0,1
rw19906,2,1
rw19907,1,1
rw19908,1,1
rw19909,3,2
rw1991,2,0
rw19910,0,0
rw19911,0,2
rw19912,1,3
rw19913,2,0
rw19914,1,1
rw19915,2,2
rw19916,2,2
rw19917,1,1
rw19918,0,0
rw19919,0,0
rw19920,1,3
rw19921,0,1
rw19922,2,1
rw19923,0,1
rw19924,3,2
rw19925,1,1
rw19926,2,0
rw19927,1,0
rw19928,1,0
rw19929,3,0
rw1993,3,0
rw19930,0,1
rw19931,2,3
rw19932,0,2
rw19933,2,2
rw19934,2,0
rw19935,3,1
rw19936,4,0
rw19937,2,1
rw19938,2,0
rw19939,1,0
rw1994,1,4
rw19940,1,0
rw19941,1,1
rw19942,3,3
rw19943,3,1
rw19944,1,0
rw19945,1,0
rw19946,2,0
rw19947,3,0
rw19948,1,1
rw19949,1,0
rw1995,0,2
rw19950,0,0
rw19951,2,0
rw19952,1,0
rw19953,2,1
rw19954,1,0
rw19955,2,0
rw19956,0,0
rw19957,0,1
rw19958,3,5
rw19959,1,1
rw1996,0,1
rw19960,1,0
rw19961,2,0
rw19962,2,0
rw19963,0,0
rw19964,2,0
rw19965,1,1
rw19966,0,1
rw19967,2,1
rw19968,1,0
rw19969,0,1
rw1997,0,0
rw19970,1,0
rw19971,1,3
rw19972,1,3
rw19973,2,0
rw19974,2,1
rw19975,1,1
rw19976,2,3
rw19977,1,0
rw19978,1,1
rw19979,0,0
rw1998,2,1
rw19980,0,8
rw19981,2,0
rw19982,2,5
rw19984,1,1
rw19985,4,5
rw19986,0,0
rw19987,0,2
rw19988,2,3
rw19989,1,4
rw1999,0,0
rw19990,0,4
rw19991,3,1
rw19992,1,0
rw19994,2,1
rw19995,0,1
rw19996,3,1
rw19997,2,0
rw19998,1,1
rw19999,1,0
rw2000,2,0
rw20000,0,0
rw20001,0,1
rw20002,1,0
rw20003,0,0
rw20004,1,2
rw20005,2,0
rw20006,3,0
rw20007,1,0
rw20008,0,0
rw20009,2,0
rw2001,0,1
rw20010,1,0
rw20011,1,0
rw20012,1,0
rw20013,0,1
rw20014,2,1
rw20015,2,1
rw20016,0,1
rw20017,3,0
rw20018,1,0
rw20019,0,1
rw2002,1,2
rw20020,1,0
rw20021,1,5
rw20022,2,2
rw20023,0,1
rw20024,1,0
rw20025,2,0
rw20026,3,7
rw20027,1,1
rw20028,1,0
rw20029,1,1
rw2003,3,0
rw20030,1,3
rw20031,5,4
rw20032,0,0
rw20033,0,0
rw20034,1,0
rw20035,5,6
rw20036,0,1
rw20037,0,0
rw20038,2,1
rw20039,2,0
rw2004,2,1
rw20041,3,0
rw20042,2,0
rw20043,0,1
rw20044,0,1
rw20045,2,2
rw20046,2,1
rw20047,0,0
rw20048,4,2
rw20049,1,2
rw2005,2,1
rw20050,2,1
rw20051,1,0
rw20052,1,0
rw20053,0,1
rw20054,2,1
rw20055,0,0
rw20056,1,3
rw20057,1,0
rw20058,1,1
rw20059,0,2
rw2006,0,1
rw20060,1,1
rw20061,0,0
rw20062,0,1
rw20063,0,1
rw20064,0,1
rw20065,1,0
rw20066,4,1
rw20067,1,0
rw20068,0,0
rw20069,4,6
rw2007,3,0
rw20070,1,2
rw20071,1,1
rw20072,1,0
rw20073,0,1
rw20074,4,2
rw20075,1,0
rw20076,1,0
rw20077,0,1
rw20078,3,0
rw20079,1,0
rw2008,2,6
rw20080,0,1
rw20081,1,0
rw20082,1,0
rw20083,1,1
rw20084,2,3
rw20085,1,1
rw20086,0,1
rw20087,1,0
rw20088,0,0
rw20089,1,2
rw2009,2,0
rw20090,1,1
rw20091,2,1
rw20092,0,0
rw20093,1,0
rw20094,0,1
rw20095,3,2
rw20096,2,0
rw20097,4,3
rw20098,5,5
rw20099,2,0
rw2010,1,1
rw20100,0,2
rw20101,1,5
rw20102,0,0
rw20103,2,2
rw20104,0,1
rw20105,1,0
rw20106,3,1
rw20107,2,0
rw20108,1,1
rw20109,1,1
rw2011,0,1
rw20110,9,5
rw20111,3,1
rw20112,0,0
rw20113,0,0
rw20114,1,0
rw20115,0,1
rw20116,0,0
rw20117,1,0
rw20119,1,1
rw2012,2,0
rw20120,1,0
rw20121,2,0
rw20122,0,0
rw20123,0,0
rw20124,0,0
rw20125,2,0
rw20126,1,2
rw20127,2,0
rw20128,0,0
rw20129,2,0
rw2013,0,0
rw20130,2,1
rw20131,1,1
rw20132,1,2
rw20133,3,0
rw20134,0,1
rw20135,1,5
rw20136,1,0
rw20137,0,1
rw20138,2,1
rw20139,0,3
rw2014,2,2
rw20140,0,2
rw20141,3,0
rw20142,2,1
rw20143,2,1
rw20144,0,1
rw20145,1,0
rw20146,0,2
rw20147,1,1
rw20148,0,2
rw20149,2,1
rw2015,1,1
rw20150,2,1
rw20151,1,1
rw20152,1,0
rw20153,0,0
rw20154,0,0
rw20155,1,0
rw20156,1,0
rw20157,1,0
rw20158,0,1
rw20159,0,0
rw2016,1,0
rw20160,2,0
rw20162,0,1
rw20163,1,1
rw20164,2,2
rw20165,0,1
rw20166,0,1
rw20167,1,1
rw20168,0,0
rw20169,0,0
rw2017,0,0
rw20170,1,1
rw20171,1,0
rw20172,0,0
rw20173,0,0
rw20174,0,0
rw20175,1,1
rw20176,0,0
rw20177,1,0
rw20178,0,1
rw20179,2,4
rw2018,1,1
rw20180,3,2
rw20181,1,0
rw20182,0,0
rw20183,0,1
rw20184,0,1
rw20185,0,1
rw20186,3,0
rw20188,0,0
rw20189,1,1
rw2019,1,1
rw20190,1,0
rw20191,0,0
rw20192,7,2
rw20193,0,0
rw20194,1,0
rw20195,1,0
rw20196,1,3
rw20197,2,1
rw20198,0,1
rw20199,1,1
rw2020,4,0
rw20200,1,0
rw20201,0,1
rw20202,1,0
rw20203,1,0
rw20204,0,1
rw20205,1,1
rw20206,3,2
rw20207,0,0
rw20208,0,1
rw20209,3,1
rw2021,1,1
rw20210,2,0
rw20211,0,0
rw20212,0,0
rw20213,0,0
rw20214,0,2
rw20215,0,0
rw20216,3,5
rw20217,3,3
rw20218,3,5
rw20219,0,1
rw2022,4,3
rw20220,4,3
rw20221,1,1
rw20222,1,0
rw20223,1,6
rw20224,4,4
rw20225,1,0
rw20226,8,0
rw20227,2,13
rw20228,1,3
rw20229,0,5
rw2023,2,1
rw20230,3,2
rw20231,3,7
rw20232,2,0
rw20233,3,6
rw20234,3,0
rw20235,0,3
rw20236,4,5
rw20237,1,2
rw20238,1,2
rw20239,1,7
rw2024,0,0
rw20240,1,4
rw20241,0,1
rw20242,2,2
rw20243,0,0
rw20244,1,7
rw20245,1,3
rw20246,4,11
rw20247,2,3
rw20248,2,1
rw20249,0,6
rw2025,1,2
rw20250,2,5
rw20251,3,6
rw20252,1,4
rw20253,1,6
rw20254,1,2
rw20255,0,6
rw20256,4,2
rw20257,1,2
rw20258,0,0
rw20259,1,0
rw2026,1,2
rw20260,2,7
rw20261,0,5
rw20262,0,0
rw20263,2,6
rw20264,3,6
rw20265,1,3
rw20266,3,8
rw20267,4,1
rw20268,3,1
rw20269,3,0
rw2027,0,1
rw20270,4,5
rw20271,2,2
rw20272,2,1
rw20273,2,3
rw20274,1,1
rw20275,4,6
rw20276,1,1
rw20277,0,4
rw20278,8,0
rw20279,1,1
rw2028,0,2
rw20280,1,1
rw20281,3,3
rw20282,1,3
rw20283,2,4
rw20284,2,1
rw20285,3,3
rw20286,0,3
rw20287,2,2
rw20288,2,3
rw20289,1,1
rw2029,2,0
rw20290,3,5
rw20291,2,4
rw20292,4,1
rw20293,3,2
rw20294,2,4
rw20295,1,3
rw20296,2,5
rw20297,2,8
rw20298,1,4
rw20299,1,1
rw2030,1,1
rw20300,0,3
rw20301,1,3
rw20302,6,7
rw20303,4,3
rw20304,2,2
rw20305,3,2
rw20306,1,2
rw20307,1,1
rw20308,2,2
rw20309,3,4
rw2031,1,2
rw20310,2,0
rw20311,1,5
rw20312,1,5
rw20313,0,5
rw20314,1,1
rw20315,5,2
rw20316,1,5
rw20317,1,1
rw20318,1,5
rw20319,2,1
rw2032,2,1
rw20320,1,0
rw20321,4,7
rw20322,1,3
rw20323,1,1
rw20324,0,0
rw20325,1,0
rw20326,2,1
rw20328,3,3
rw20329,2,1
rw2033,0,0
rw20330,1,4
rw20331,2,2
rw20332,0,2
rw20333,2,1
rw20334,5,5
rw20335,2,1
rw20336,3,4
rw20337,1,1
rw20338,1,0
rw20339,2,2
rw2034,1,3
rw20340,0,2
rw20341,0,2
rw20342,1,1
rw20343,1,7
rw20344,4,8
rw20345,3,3
rw20346,0,0
rw20347,2,5
rw20348,1,0
rw20349,4,2
rw2035,0,0
rw20350,1,0
rw20351,2,0
rw20352,2,1
rw20353,2,2
rw20354,0,8
rw20355,3,0
rw20356,3,1
rw20357,1,1
rw20358,2,1
rw20359,3,1
rw2036,0,1
rw20360,5,4
rw20361,3,1
rw20362,5,1
rw20363,2,2
rw20364,3,2
rw20365,1,1
rw20366,1,0
rw20367,3,2
rw20368,4,0
rw20369,1,5
rw2037,0,2
rw20370,0,1
rw20371,2,3
rw20372,0,0
rw20373,4,3
rw20374,1,3
rw20375,3,2
rw20376,2,0
rw20377,1,6
rw20378,4,1
rw20379,2,1
rw2038,0,1
rw20380,5,0
rw20381,1,7
rw20382,2,3
rw20383,1,4
rw20384,1,3
rw20385,1,3
rw20386,2,3
rw20387,1,2
rw20388,1,0
rw20389,1,0
rw2039,1,2
rw20390,0,3
rw20391,1,5
rw20392,0,0
rw20393,4,1
rw20394,3,4
rw20395,1,5
rw20396,0,2
rw20397,4,3
rw20398,2,3
rw2040,1,1
rw20400,2,4
rw20401,2,2
rw20402,0,5
rw20403,0,3
rw20404,3,4
rw20406,1,0
rw20407,3,0
rw20408,0,3
rw20409,1,1
rw2041,4,0
rw20410,1,1
rw20411,0,2
rw20412,6,1
rw20413,2,3
rw20414,2,1
rw20415,1,0
rw20416,1,3
rw20417,3,9
rw20418,3,9
rw20419,2,3
rw2042,0,2
rw20420,1,1
rw20421,2,4
rw20422,2,2
rw20423,0,1
rw20424,3,1
rw20425,2,5
rw20426,2,1
rw20427,4,1
rw20429,1,7
rw2043,1,0
rw20430,1,5
rw20431,2,3
rw20432,7,2
rw20433,3,3
rw20434,1,0
rw20435,3,5
rw20436,7,0
rw20437,3,3
rw20438,1,3
rw20439,1,2
rw2044,0,2
rw20440,2,0
rw20441,3,3
rw20442,7,2
rw20443,0,3
rw20444,2,0
rw20445,1,1
rw20446,1,0
rw20447,0,1
rw20448,3,4
rw20449,4,0
rw2045,3,1
rw20450,1,2
rw20451,1,1
rw20452,1,1
rw20453,5,1
rw20454,1,0
rw20455,2,5
rw20456,0,1
rw20457,1,3
rw20458,0,4
rw20459,2,0
rw2046,0,0
rw20460,1,1
rw20461,5,1
rw20462,2,5
rw20463,4,2
rw20464,1,0
rw20465,1,0
rw20466,1,1
rw20467,2,7
rw20468,2,6
rw20471,7,1
rw20472,1,1
rw20473,0,1
rw20474,1,1
rw20477,1,2
rw20478,1,0
rw20479,4,2
rw2048,3,0
rw20480,1,2
rw20481,1,4
rw20483,2,2
rw20484,3,3
rw20485,1,0
rw20486,1,3
rw20487,0,4
rw20488,3,1
rw20489,1,2
rw2049,1,1
rw20490,2,3
rw20491,2,1
rw20492,0,8
rw20493,3,6
rw20494,3,4
rw20495,1,0
rw20496,4,7
rw20497,1,1
rw20498,0,7
rw20499,1,2
rw2050,1,0
rw20500,1,2
rw20501,3,1
rw20502,0,7
rw20503,3,7
rw20504,7,4
rw20505,1,3
rw20506,0,0
rw20507,4,5
rw20508,2,0
rw20509,2,1
rw2051,1,0
rw20510,2,10
rw20511,1,2
rw20512,2,1
rw20513,0,0
rw20514,0,1
rw20515,2,3
rw20516,5,1
rw20517,2,0
rw20518,0,3
rw20519,2,0
rw2052,1,4
rw20520,3,2
rw20521,3,1
rw20522,1,1
rw20523,2,3
rw20524,0,0
rw20525,5,1
rw20526,0,0
rw20527,3,1
rw20528,2,1
rw20529,2,5
rw2053,2,2
rw20530,0,2
rw20531,0,2
rw20532,4,2
rw20533,2,5
rw20534,2,2
rw20535,0,2
rw20536,5,1
rw20537,0,2
rw20538,0,4
rw20539,0,0
rw2054,0,2
rw20540,8,6
rw20541,1,2
rw20542,4,2
rw20543,4,2
rw20544,3,2
rw20545,2,2
rw20546,0,1
rw20547,1,4
rw20548,3,2
rw20549,0,1
rw2055,1,1
rw20550,2,2
rw20551,2,1
rw20552,3,1
rw20553,2,2
rw20555,1,2
rw20556,2,3
rw20557,3,1
rw20558,2,0
rw20559,3,2
rw2056,1,0
rw20560,0,0
rw20561,1,0
rw20562,0,0
rw20563,2,0
rw20564,1,2
rw20565,0,1
rw20566,1,2
rw20567,3,4
rw20568,5,2
rw20569,3,4
rw2057,4,0
rw20570,1,2
rw20571,1,0
rw20572,1,3
rw20573,0,0
rw20574,4,0
rw20575,1,3
rw20576,2,1
rw20577,3,1
rw20578,1,5
rw20579,1,3
rw2058,2,0
rw20580,1,1
rw20581,1,1
rw20582,2,1
rw20583,0,0
rw20584,2,1
rw20585,2,4
rw20586,3,3
rw20587,2,1
rw20588,5,1
rw20589,2,4
rw2059,4,2
rw20590,1,2
rw20591,2,2
rw20592,1,3
rw20593,3,0
rw20594,1,3
rw20595,1,0
rw20596,2,4
rw20597,1,2
rw20598,1,0
rw20599,2,1
rw2060,3,3
rw20600,3,4
rw20601,0,3
rw20602,0,2
rw20603,1,2
rw20604,1,3
rw20605,1,2
rw20606,1,1
rw20607,7,5
rw20608,1,4
rw20609,6,0
rw2061,2,0
rw20610,5,0
rw20611,1,0
rw20612,1,7
rw20613,3,5
rw20614,1,1
rw20615,2,0
rw20616,1,4
rw20617,2,2
rw20618,2,2
rw20619,4,4
rw2062,0,0
rw20620,1,1
rw20621,0,3
rw20622,4,4
rw20623,3,2
rw20624,1,2
rw20625,2,1
rw20626,0,1
rw20627,3,2
rw20628,1,1
rw2063,3,2
rw20630,2,2
rw20631,1,1
rw20632,1,1
rw20633,2,1
rw20634,0,0
rw20635,1,0
rw20636,2,1
rw20637,5,0
rw20638,2,5
rw20639,2,3
rw2064,1,1
rw20640,2,0
rw20641,0,0
rw20642,4,3
rw20643,2,2
rw20644,1,2
rw20645,8,0
rw20646,1,0
rw20647,2,0
rw20648,0,3
rw20649,1,5
rw2065,0,0
rw20650,0,1
rw20651,4,2
rw20652,4,1
rw20653,2,1
rw20654,6,3
rw20655,3,0
rw20656,0,3
rw20657,1,3
rw20658,0,2
rw20659,1,1
rw2066,2,1
rw20660,2,4
rw20661,0,0
rw20662,3,3
rw20663,2,2
rw20664,1,1
rw20665,2,6
rw20666,2,3
rw20667,1,5
rw20668,2,3
rw20669,2,1
rw2067,2,0
rw20670,0,1
rw20671,2,4
rw20673,2,4
rw20674,2,2
rw20675,2,1
rw20676,1,2
rw20677,4,0
rw20678,3,0
rw20679,2,1
rw20680,3,3
rw20681,1,0
rw20682,0,6
rw20683,0,2
rw20684,4,1
rw20685,2,0
rw20686,1,2
rw20687,2,3
rw20688,0,0
rw20689,5,2
rw2069,0,1
rw20690,4,1
rw20691,0,1
rw20692,1,2
rw20693,3,3
rw20694,3,1
rw20695,3,4
rw20697,3,2
rw20698,0,1
rw20699,2,3
rw2070,3,4
rw20700,0,2
rw20701,0,0
rw20702,0,2
rw20703,2,0
rw20704,2,2
rw20705,4,0
rw20706,0,1
rw20707,4,0
rw20708,1,2
rw20709,1,1
rw2071,1,0
rw20710,3,0
rw20711,0,5
rw20712,1,2
rw20713,4,1
rw20714,2,0
rw20715,0,2
rw20716,1,2
rw20717,1,1
rw20718,4,1
rw20719,3,1
rw2072,1,0
rw20720,1,4
rw20721,1,2
rw20722,0,1
rw20723,6,0
rw20724,2,1
rw20725,2,1
rw20726,2,0
rw20727,1,1
rw20729,1,1
rw20730,2,2
rw20731,1,1
rw20732,1,2
rw20733,0,1
rw20734,0,0
rw20736,0,0
rw20737,0,4
rw20738,4,1
rw20739,3,2
rw2074,1,2
rw20740,2,0
rw20741,0,2
rw20742,1,1
rw20743,0,0
rw20744,2,4
rw20746,1,2
rw20747,0,4
rw20748,1,2
rw20749,1,3
rw2075,1,2
rw20750,4,2
rw20751,0,4
rw20752,3,0
rw20753,2,1
rw20754,1,1
rw20755,0,2
rw20756,1,0
rw20757,1,0
rw20758,3,6
rw20759,1,1
rw2076,1,0
rw20760,1,0
rw20761,2,0
rw20763,2,0
rw20764,1,3
rw20765,3,2
rw20766,2,5
rw20767,4,7
rw20768,1,1
rw20769,0,2
rw2077,0,1
rw20770,3,1
rw20771,0,1
rw20772,1,2
rw20773,2,1
rw20774,0,3
rw20775,0,1
rw20776,0,7
rw20777,1,9
rw20778,2,4
rw20779,1,0
rw2078,0,0
rw20780,1,2
rw20781,3,1
rw20782,2,2
rw20783,1,1
rw20784,1,2
rw20785,2,1
rw20786,0,6
rw20787,1,0
rw20788,0,0
rw2079,0,1
rw20791,1,6
rw20792,2,3
rw20793,1,0
rw20794,5,2
rw20795,1,3
rw20796,0,4
rw20797,2,4
rw20798,1,1
rw20799,3,3
rw2080,0,1
rw20800,3,1
rw20801,2,4
rw20802,4,2
rw20803,2,1
rw20804,1,5
rw20805,2,0
rw20806,0,0
rw20807,3,4
rw20808,2,2
rw20809,1,2
rw2081,2,1
rw20810,2,0
rw20813,2,4
rw20814,4,0
rw20815,2,2
rw20816,3,0
rw20817,2,1
rw20818,2,2
rw20819,4,0
rw2082,0,1
rw20820,2,2
rw20821,1,1
rw20822,1,2
rw20823,2,1
rw20824,3,2
rw20825,1,2
rw20826,2,7
rw20827,3,3
rw20828,0,1
rw20829,1,0
rw2083,0,0
rw20830,3,3
rw20831,1,0
rw20832,1,0
rw20833,0,3
rw20834,3,0
rw20835,3,4
rw20836,2,5
rw20837,4,2
rw20838,1,3
rw20839,2,0
rw2084,1,0
rw20841,0,0
rw20842,2,3
rw20843,3,2
rw20844,1,3
rw20845,0,1
rw20846,0,0
rw20847,1,0
rw20848,3,3
rw20849,0,0
rw2085,2,1
rw20850,2,1
rw20851,2,0
rw20852,3,2
rw20853,1,0
rw20854,0,1
rw20855,0,1
rw20856,1,0
rw20857,2,1
rw20858,1,1
rw20859,2,3
rw2086,1,0
rw20860,1,2
rw20861,3,4
rw20862,1,0
rw20863,2,1
rw20864,3,1
rw20865,0,9
rw20866,2,1
rw20867,4,3
rw20868,1,2
rw20869,2,3
rw2087,3,0
rw20870,2,1
rw20871,0,2
rw20872,0,1
rw20873,0,1
rw20874,2,1
rw20875,2,2
rw20876,1,2
rw20877,2,1
rw20878,2,0
rw20879,5,0
rw2088,2,1
rw20880,2,1
rw20881,1,1
rw20882,0,0
rw20883,3,0
rw20884,2,0
rw20885,0,0
rw20886,1,3
rw20887,0,5
rw20888,0,1
rw20889,0,2
rw2089,0,0
rw20890,3,0
rw20891,2,1
rw20892,1,0
rw20893,1,1
rw20894,0,4
rw20895,0,0
rw20896,0,4
rw20897,2,1
rw20898,0,0
rw20899,1,2
rw2090,2,1
rw20900,3,1
rw20901,2,5
rw20902,2,0
rw20903,0,1
rw20904,4,2
rw20905,2,1
rw20906,5,3
rw20907,4,3
rw20908,2,3
rw20909,0,4
rw2091,3,1
rw20910,3,1
rw20911,2,0
rw20912,2,1
rw20913,0,0
rw20914,3,2
rw20915,1,1
rw20916,1,5
rw20917,1,0
rw20918,1,2
rw20919,2,3
rw2092,2,0
rw20920,1,0
rw20921,0,1
rw20922,3,1
rw20923,3,2
rw20924,2,0
rw20925,0,0
rw20926,2,2
rw20927,1,0
rw20928,0,1
rw20929,4,1
rw2093,2,2
rw20930,1,0
rw20931,8,0
rw20932,0,0
rw20933,0,0
rw20934,0,2
rw20935,3,2
rw20936,0,3
rw20937,0,2
rw20938,3,1
rw20939,2,4
rw2094,1,1
rw20940,1,2
rw20941,0,1
rw20942,0,4
rw20943,0,0
rw20944,1,3
rw20945,3,0
rw20946,1,0
rw20947,1,1
rw20948,1,0
rw20949,3,2
rw2095,4,1
rw20950,0,0
rw20951,0,2
rw20952,3,4
rw20953,0,1
rw20954,0,0
rw20955,0,1
rw20956,0,2
rw20957,1,2
rw20958,3,0
rw20959,2,0
rw2096,1,1
rw20960,3,2
rw20961,1,1
rw20962,2,0
rw20963,2,4
rw20964,1,0
rw20965,0,2
rw20966,9,5
rw20967,3,1
rw20968,0,2
rw20969,0,0
rw2097,0,0
rw20970,2,4
rw20972,1,1
rw20973,2,3
rw20974,0,1
rw20975,2,0
rw20976,1,0
rw20978,2,3
rw20979,0,0
rw2098,2,1
rw20980,2,1
rw20981,4,1
rw20982,3,2
rw20983,1,1
rw20984,1,0
rw20985,1,2
rw20986,1,2
rw20988,0,1
rw20989,2,3
rw2099,2,0
rw20990,1,1
rw20991,1,2
rw20992,0,0
rw20993,2,0
rw20994,3,0
rw20995,1,2
rw20996,2,2
rw20997,1,1
rw20998,2,2
rw20999,0,0
rw2100,2,1
rw21000,2,2
rw21001,1,1
rw21002,3,2
rw21003,1,1
rw21004,1,1
rw21005,3,1
rw21006,1,1
rw21007,1,0
rw21008,2,5
rw21009,0,0
rw2101,0,0
rw21010,5,4
rw21011,1,2
rw21012,2,4
rw21013,3,0
rw21014,0,1
rw21015,1,2
rw21016,1,3
rw21017,0,1
rw21018,3,0
rw21019,1,2
rw2102,2,1
rw21020,1,1
rw21021,0,2
rw21022,2,1
rw21023,0,1
rw21024,1,2
rw21025,0,4
rw21026,1,1
rw21027,0,1
rw21029,3,1
rw2103,1,0
rw21030,1,0
rw21031,1,0
rw21032,1,1
rw21033,0,1
rw21034,0,2
rw21035,1,0
rw21036,1,0
rw21037,0,0
rw21038,1,1
rw21039,0,2
rw2104,0,1
rw21040,1,0
rw21041,2,0
rw21042,2,0
rw21043,0,0
rw21044,1,1
rw21045,1,3
rw21046,1,1
rw21047,1,1
rw21049,2,1
rw21050,1,0
rw21051,3,0
rw21052,2,1
rw21053,3,1
rw21054,2,3
rw21055,5,2
rw21056,0,0
rw21057,0,1
rw21058,0,0
rw21059,0,0
rw2106,4,0
rw21060,1,1
rw21061,1,1
rw21062,1,1
rw21063,0,2
rw21064,1,0
rw21065,4,1
rw21066,2,1
rw21067,3,1
rw21068,3,1
rw21069,2,1
rw2107,3,1
rw21070,1,2
rw21071,0,5
rw21072,0,0
rw21073,0,0
rw21074,1,2
rw21075,1,0
rw21076,2,1
rw21077,2,1
rw21078,0,1
rw21079,0,2
rw2108,2,0
rw21080,1,1
rw21081,1,4
rw21082,0,6
rw21083,1,1
rw21084,0,2
rw21085,3,1
rw21086,0,2
rw21087,2,0
rw21088,2,4
rw21089,1,3
rw21090,4,2
rw21091,1,0
rw21092,0,2
rw21093,1,0
rw21094,2,0
rw21095,3,5
rw21096,1,2
rw21097,5,3
rw21098,1,1
rw21099,4,1
rw2110,0,1
rw21100,0,0
rw21101,1,2
rw21102,3,0
rw21103,2,0
rw21104,1,1
rw21105,2,0
rw21106,1,1
rw21107,0,1
rw21108,1,0
rw21109,0,0
rw2111,1,1
rw21110,1,1
rw21111,0,0
rw21112,0,1
rw21113,0,0
rw21114,1,1
rw21115,1,0
rw21116,0,0
rw21117,2,0
rw21118,0,0
rw21119,0,0
rw2112,1,0
rw21120,0,1
rw21121,2,3
rw21122,3,4
rw21123,1,1
rw21124,0,1
rw21125,1,1
rw21126,4,2
rw21127,0,0
rw21128,1,0
rw21129,2,3
rw2113,0,1
rw21130,3,2
rw21131,0,0
rw21132,1,2
rw21133,2,1
rw21134,0,0
rw21135,0,1
rw21136,4,0
rw21137,1,2
rw21138,1,5
rw21139,1,1
rw2114,1,1
rw21141,2,4
rw21142,0,1
rw21143,0,1
rw21144,2,1
rw21145,0,0
rw21146,2,1
rw21147,1,1
rw21148,0,1
rw21149,1,0
rw2115,0,0
rw21151,0,0
rw21152,0,1
rw21153,4,0
rw21154,0,0
rw21155,2,2
rw21156,2,3
rw21157,1,0
rw21158,2,1
rw21159,2,1
rw2116,2,0
rw21160,2,0
rw21161,1,2
rw21162,1,0
rw21163,1,2
rw21164,1,2
rw21165,1,2
rw21166,0,0
rw21167,2,2
rw21168,2,2
rw21169,0,0
rw2117,0,0
rw21170,0,0
rw21171,2,0
rw21172,2,0
rw21173,2,0
rw21174,1,0
rw21175,1,1
rw21176,1,0
rw21177,4,3
rw21178,1,2
rw21179,1,0
rw2118,0,1
rw21180,1,0
rw21181,2,1
rw21182,0,0
rw21183,2,0
rw21184,0,0
rw21186,1,0
rw21187,2,1
rw21188,1,1
rw21189,1,3
rw2119,0,0
rw21190,2,2
rw21191,0,1
rw21192,1,1
rw21193,4,1
rw21194,5,1
rw21195,0,0
rw21196,2,0
rw21197,1,2
rw21198,1,1
rw21199,3,1
rw2120,1,0
rw21200,5,3
rw21201,0,1
rw21202,1,3
rw21204,0,1
rw21205,0,1
rw21206,0,4
rw21207,3,1
rw21208,1,1
rw21209,0,2
rw2121,4,0
rw21210,1,3
rw21211,3,0
rw21212,3,1
rw21213,3,0
rw21214,0,1
rw21215,1,1
rw21216,0,0
rw21217,1,3
rw21218,0,4
rw21219,1,1
rw2122,1,3
rw21220,0,3
rw21221,1,0
rw21222,1,1
rw21223,1,2
rw21224,1,1
rw21225,1,0
rw21226,3,2
rw21227,0,5
rw21228,1,0
rw21229,0,0
rw2123,1,1
rw21230,1,2
rw21231,3,1
rw21232,1,1
rw21233,1,2
rw21234,2,3
rw21235,1,1
rw21236,1,3
rw21237,2,4
rw21238,2,1
rw21239,0,0
rw2124,1,0
rw21240,0,1
rw21241,1,1
rw21242,2,2
rw21243,3,3
rw21244,2,3
rw21245,0,0
rw21246,1,3
rw21247,0,2
rw21248,5,2
rw21249,4,1
rw2125,0,1
rw21250,2,3
rw21251,1,0
rw21252,1,0
rw21253,1,0
rw21254,2,0
rw21255,1,1
rw21256,3,2
rw21257,2,1
rw21258,2,0
rw21259,1,0
rw2126,1,2
rw21260,0,0
rw21261,6,7
rw21262,0,3
rw21263,0,0
rw21264,1,1
rw21265,0,0
rw21266,0,0
rw21267,2,3
rw21268,0,0
rw21269,1,1
rw2127,0,0
rw21270,1,0
rw21271,4,0
rw21272,4,1
rw21273,0,1
rw21274,2,1
rw21275,1,1
rw21276,0,0
rw21277,0,1
rw21278,0,0
rw21279,0,1
rw2128,1,0
rw21280,3,2
rw21281,0,0
rw21282,3,1
rw21283,1,0
rw21284,0,0
rw21285,0,2
rw21286,1,0
rw21288,1,2
rw21289,2,3
rw2129,0,0
rw21290,0,0
rw21291,1,1
rw21292,1,2
rw21293,3,1
rw21294,2,0
rw21295,1,2
rw21296,1,3
rw21297,3,3
rw21298,0,0
rw21299,2,0
rw2130,2,1
rw21300,1,0
rw21301,2,0
rw21302,2,6
rw21303,0,3
rw21304,0,0
rw21305,1,1
rw21306,1,0
rw21307,3,2
rw21308,1,2
rw21309,1,0
rw2131,2,2
rw21310,1,0
rw21311,3,0
rw21312,2,2
rw21313,2,1
rw21314,0,0
rw21315,2,4
rw21316,1,2
rw21317,2,0
rw21319,2,6
rw2132,1,2
rw21320,3,1
rw21321,1,0
rw21322,4,3
rw21323,3,0
rw21324,2,1
rw21325,0,3
rw21326,0,2
rw21327,2,4
rw21328,1,2
rw2133,2,1
rw21330,3,1
rw21332,0,2
rw21333,0,2
rw21334,1,0
rw21335,0,0
rw21336,2,0
rw21337,0,0
rw21338,2,0
rw21339,1,1
rw2134,0,0
rw21340,1,1
rw21341,1,2
rw21342,2,0
rw21343,1,1
rw21344,2,3
rw21345,1,3
rw21346,2,1
rw21347,3,1
rw21348,1,0
rw21349,2,0
rw21350,0,0
rw21351,0,0
rw21352,0,2
rw21353,2,4
rw21354,0,3
rw21355,2,1
rw21356,0,1
rw21357,3,0
rw21358,1,3
rw21359,1,1
rw2136,1,0
rw21360,1,0
rw21361,2,2
rw21362,2,4
rw21363,1,0
rw21364,2,0
rw21365,0,1
rw21366,0,0
rw21367,2,3
rw21369,1,1
rw2137,0,0
rw21370,0,0
rw21371,0,0
rw21372,2,0
rw21373,5,0
rw21374,1,2
rw21375,0,0
rw21376,0,2
rw21377,2,5
rw21378,3,2
rw21379,1,1
rw2138,0,0
rw21380,0,0
rw21381,4,1
rw21382,3,0
rw21383,0,0
rw21384,1,0
rw21385,1,4
rw21386,1,0
rw21387,1,1
rw21388,1,1
rw2139,2,0
rw21390,2,1
rw21391,1,1
rw21392,1,0
rw21393,2,2
rw21394,0,0
rw21395,2,0
rw21396,0,2
rw21397,2,2
rw21399,1,1
rw2140,0,1
rw21400,0,0
rw21401,1,5
rw21402,2,3
rw21403,0,1
rw21404,0,0
rw21405,0,1
rw21406,2,1
rw21407,4,2
rw21408,1,0
rw21409,4,1
rw2141,0,4
rw21410,0,0
rw21411,1,0
rw21412,1,1
rw21413,0,1
rw21414,0,0
rw21415,2,0
rw21416,1,0
rw21417,0,0
rw21418,4,0
rw21419,3,1
rw2142,3,0
rw21420,1,0
rw21421,1,1
rw21422,2,1
rw21423,0,1
rw21424,1,1
rw21425,0,0
rw21426,0,3
rw21427,1,0
rw21428,1,0
rw21429,0,1
rw2143,1,0
rw21431,1,0
rw21432,1,2
rw21433,0,0
rw21434,2,0
rw21435,1,2
rw21436,0,0
rw21437,0,1
rw21438,1,4
rw21439,2,1
rw2144,1,1
rw21440,2,0
rw21441,1,1
rw21442,0,1
rw21443,2,1
rw21444,2,1
rw21445,3,1
rw21446,1,0
rw21447,0,1
rw21448,1,1
rw21449,0,1
rw2145,1,1
rw21450,4,1
rw21451,1,3
rw21452,2,1
rw21453,2,1
rw21454,3,2
rw21455,0,0
rw21456,4,1
rw21457,0,1
rw21458,4,3
rw21459,1,0
rw2146,0,1
rw21460,2,1
rw21461,1,0
rw21462,2,1
rw21463,0,1
rw21464,0,1
rw21465,1,0
rw21466,0,3
rw21467,2,1
rw21469,0,3
rw2147,0,4
rw21470,1,1
rw21471,1,1
rw21472,2,0
rw21473,2,0
rw21474,1,3
rw21475,0,0
rw21476,1,0
rw21477,1,3
rw21478,3,0
rw21479,1,2
rw2148,0,2
rw21480,0,0
rw21481,1,1
rw21482,1,0
rw21483,0,0
rw21484,2,3
rw21485,1,2
rw21486,1,2
rw21487,0,0
rw21488,4,1
rw21489,2,0
rw2149,1,0
rw21490,1,0
rw21491,2,1
rw21492,2,0
rw21493,2,0
rw21494,6,2
rw21495,2,1
rw21496,3,2
rw21497,1,2
rw21498,1,1
rw2150,0,1
rw21500,2,2
rw21501,3,1
rw21502,1,1
rw21503,3,1
rw21504,1,2
rw21506,0,0
rw21507,2,0
rw21508,1,0
rw21509,1,1
rw21510,1,1
rw21511,2,2
rw21512,1,0
rw21513,2,1
rw21514,1,2
rw21515,0,2
rw21516,0,0
rw21517,1,4
rw21518,1,1
rw21519,1,0
rw2152,3,0
rw21520,0,0
rw21521,1,1
rw21522,1,1
rw21523,1,0
rw21524,1,0
rw21525,3,1
rw21527,1,0
rw21528,1,1
rw21529,1,5
rw2153,0,0
rw21530,1,0
rw21531,0,3
rw21533,1,0
rw21534,3,0
rw21535,0,1
rw21536,1,2
rw21537,0,0
rw21538,0,1
rw2154,3,0
rw21540,1,0
rw21541,1,2
rw21542,0,2
rw21543,0,1
rw21544,1,0
rw21545,1,0
rw21546,3,0
rw21547,1,3
rw21548,1,2
rw21549,1,3
rw2155,1,1
rw21550,0,2
rw21551,1,0
rw21552,4,1
rw21553,0,2
rw21554,1,0
rw21555,1,1
rw21556,1,2
rw21557,2,0
rw21558,0,0
rw21559,0,1
rw21560,0,0
rw21561,1,0
rw21562,0,0
rw21563,3,3
rw21564,3,4
rw21565,1,1
rw21566,1,0
rw21567,1,0
rw21568,1,3
rw21569,1,3
rw2157,0,2
rw21570,2,0
rw21571,0,0
rw21573,2,4
rw21574,0,3
rw21575,0,0
rw21576,0,0
rw21577,1,0
rw21579,0,2
rw2158,2,0
rw21580,1,1
rw21581,3,0
rw21582,1,1
rw21583,0,1
rw21584,1,1
rw21585,1,0
rw21586,0,0
rw21587,2,3
rw21588,1,2
rw21589,1,1
rw2159,1,1
rw21590,0,0
rw21591,1,1
rw21592,1,1
rw21593,1,1
rw21594,0,0
rw21595,1,0
rw21596,1,1
rw21597,0,1
rw21598,0,2
rw21599,1,1
rw2160,1,2
rw21600,0,0
rw21601,0,2
rw21602,2,2
rw21603,1,1
rw21604,3,1
rw21605,2,0
rw21606,1,1
rw21607,2,0
rw21608,1,0
rw21609,1,0
rw2161,0,1
rw21610,1,2
rw21611,3,0
rw21612,1,0
rw21613,1,0
rw21614,4,0
rw21615,1,4
rw21616,0,1
rw21617,2,1
rw21618,0,0
rw21619,0,0
rw2162,1,1
rw21620,2,0
rw21621,1,3
rw21622,1,1
rw21624,1,5
rw21625,2,2
rw21627,0,0
rw21628,1,2
rw21629,1,0
rw2163,0,2
rw21630,3,0
rw21631,3,1
rw21632,1,1
rw21633,2,0
rw21634,0,0
rw21635,2,1
rw21636,0,0
rw21637,1,1
rw21638,1,1
rw21639,0,1
rw2164,1,0
rw21640,1,0
rw21641,0,0
rw21642,0,0
rw21643,1,0
rw21644,0,2
rw21645,2,1
rw21647,3,1
rw21648,1,0
rw21649,1,1
rw2165,0,1
rw21650,2,3
rw21651,0,1
rw21652,3,5
rw21653,0,1
rw21654,0,2
rw21655,1,0
rw21656,1,1
rw21657,1,1
rw21658,0,0
rw21659,4,2
rw2166,2,3
rw21660,1,2
rw21661,0,0
rw21662,0,0
rw21663,0,0
rw21664,1,0
rw21665,2,1
rw21666,1,1
rw21667,1,2
rw21668,2,0
rw21669,0,0
rw2167,0,0
rw21670,1,0
rw21671,2,0
rw21672,0,1
rw21673,1,0
rw21674,2,2
rw21675,2,0
rw21676,2,0
rw21677,0,0
rw21678,2,2
rw21679,0,1
rw2168,2,0
rw21680,0,1
rw21681,2,0
rw21682,2,1
rw21683,1,2
rw21684,3,1
rw21686,1,2
rw21687,1,0
rw21688,0,1
rw21689,1,5
rw2169,0,3
rw21690,1,1
rw21691,1,0
rw21692,1,1
rw21694,1,0
rw21695,0,0
rw21696,0,1
rw21697,0,0
rw21698,0,2
rw21699,0,0
rw2170,1,1
rw21700,1,1
rw21701,0,0
rw21702,0,0
rw21703,1,2
rw21704,0,0
rw21705,0,0
rw21706,1,2
rw21707,1,0
rw21708,2,0
rw21709,0,0
rw2171,1,1
rw21710,4,0
rw21711,0,1
rw21712,0,0
rw21713,0,1
rw21714,0,0
rw21715,1,2
rw21716,0,0
rw21717,1,0
rw21718,2,2
rw21719,0,0
rw2172,2,1
rw21720,2,1
rw21721,0,1
rw21722,0,1
rw21723,0,3
rw21724,1,2
rw21725,0,1
rw21726,1,4
rw21727,0,2
rw21728,0,1
rw21729,3,0
rw21730,1,2
rw21731,2,1
rw21732,1,4
rw21733,2,0
rw21734,0,0
rw21735,1,1
rw21736,1,1
rw21737,0,0
rw21738,1,2
rw21739,0,1
rw21740,1,0
rw21741,3,1
rw21742,0,0
rw21743,2,1
rw21744,0,2
rw21745,2,2
rw21746,1,1
rw21747,3,1
rw21748,1,1
rw21749,3,0
rw2175,1,1
rw21750,2,1
rw21751,1,0
rw21752,0,0
rw21753,0,1
rw21754,1,2
rw21755,3,1
rw21756,1,3
rw21757,4,1
rw21758,2,1
rw21759,1,0
rw2176,1,0
rw21760,1,0
rw21761,0,0
rw21762,2,0
rw21763,1,2
rw21764,1,4
rw21765,1,0
rw21766,1,1
rw21767,0,1
rw21768,1,2
rw21769,0,0
rw2177,1,1
rw21770,0,0
rw21771,0,0
rw21772,0,0
rw21773,1,1
rw21774,0,0
rw21775,0,0
rw21776,1,0
rw21778,0,0
rw2178,2,0
rw21780,0,0
rw21781,0,0
rw21782,2,0
rw21783,0,2
rw21784,3,0
rw21786,0,0
rw21787,2,2
rw21788,1,1
rw21789,0,1
rw2179,1,2
rw21790,3,0
rw21791,2,0
rw21792,1,1
rw21793,1,1
rw21794,0,1
rw21795,2,1
rw21796,1,2
rw21797,2,2
rw21798,3,2
rw21799,1,0
rw2180,4,2
rw21800,2,1
rw21801,0,0
rw21802,0,0
rw21803,1,0
rw21804,1,1
rw21805,0,0
rw21806,0,1
rw21807,3,0
rw21808,1,4
rw21809,1,0
rw2181,4,0
rw21810,0,1
rw21811,0,0
rw21812,0,0
rw21813,2,1
rw21815,1,3
rw21816,0,1
rw21817,0,1
rw21818,0,1
rw21819,2,0
rw2182,1,1
rw21820,3,1
rw21821,4,0
rw21822,0,0
rw21823,0,0
rw21824,2,1
rw21825,1,0
rw21826,0,0
rw21827,4,0
rw21828,1,3
rw21829,1,0
rw2183,2,1
rw21830,1,0
rw21831,0,0
rw21832,2,1
rw21833,1,1
rw21834,0,0
rw21835,1,0
rw21836,0,0
rw21837,0,1
rw21838,0,1
rw21839,2,1
rw2184,1,2
rw21840,3,2
rw21841,2,3
rw21842,0,0
rw21843,2,4
rw21844,3,0
rw21845,1,0
rw21846,1,2
rw21847,0,1
rw21848,2,1
rw21849,0,0
rw2185,3,2
rw21850,1,0
rw21851,1,0
rw21852,2,1
rw21853,0,0
rw21854,1,1
rw21855,0,3
rw21857,2,1
rw21858,3,4
rw21859,2,1
rw2186,4,1
rw21860,1,3
rw21861,2,0
rw21862,1,0
rw21863,1,0
rw21864,0,0
rw21865,1,3
rw21866,2,1
rw21867,0,1
rw21868,1,2
rw21869,0,0
rw2187,2,1
rw21870,2,1
rw21871,1,0
rw21872,1,0
rw21873,0,2
rw21874,1,1
rw21875,3,1
rw21876,0,0
rw21877,1,2
rw21878,1,0
rw21879,0,1
rw2188,1,0
rw21880,0,0
rw21881,1,0
rw21882,2,1
rw21883,0,1
rw21884,1,5
rw21885,1,0
rw21886,1,0
rw21887,2,0
rw21888,0,1
rw21889,0,2
rw2189,1,0
rw21890,2,1
rw21891,3,2
rw21892,1,1
rw21893,2,2
rw21894,3,0
rw21895,0,0
rw21896,0,1
rw21897,2,0
rw21898,0,2
rw21899,0,1
rw2190,1,3
rw21900,0,0
rw21901,1,1
rw21902,0,0
rw21903,0,2
rw21904,0,0
rw21905,1,3
rw21906,0,0
rw21907,0,4
rw21908,1,0
rw21909,1,1
rw2191,3,0
rw21910,0,5
rw21911,0,0
rw21912,1,0
rw21914,2,1
rw21915,0,2
rw21916,1,0
rw21917,1,1
rw21918,0,1
rw21919,4,1
rw2192,0,2
rw21920,2,0
rw21921,0,1
rw21922,2,1
rw21923,0,1
rw21924,2,2
rw21925,0,1
rw21926,0,0
rw21927,1,0
rw21928,3,1
rw21929,0,0
rw2193,2,0
rw21930,1,1
rw21931,1,2
rw21932,3,0
rw21933,1,0
rw21934,2,1
rw21935,0,1
rw21936,0,1
rw21937,1,0
rw21938,1,2
rw21939,2,1
rw2194,0,0
rw21940,2,1
rw21941,0,1
rw21942,4,0
rw21943,0,0
rw21944,3,1
rw21945,0,0
rw21946,2,1
rw21947,1,1
rw21948,0,0
rw21949,0,0
rw2195,0,0
rw21950,2,1
rw21951,1,0
rw21952,2,0
rw21953,2,1
rw21954,0,1
rw21955,1,1
rw21956,5,1
rw21957,0,3
rw21958,1,0
rw21959,0,0
rw2196,1,2
rw21960,0,0
rw21961,0,2
rw21962,1,3
rw21963,2,0
rw21964,1,0
rw21965,2,1
rw21966,2,0
rw21967,0,0
rw21968,1,1
rw21969,1,1
rw2197,2,1
rw21970,0,1
rw21971,1,1
rw21972,2,2
rw21973,0,0
rw21974,0,2
rw21975,3,2
rw21976,0,2
rw21977,0,0
rw21978,2,1
rw21979,1,1
rw2198,0,1
rw21980,1,3
rw21981,0,1
rw21982,0,0
rw21984,1,1
rw21985,4,2
rw21986,1,0
rw21987,0,0
rw21988,1,0
rw21989,1,0
rw2199,1,0
rw21990,0,1
rw21991,0,1
rw21993,1,1
rw21994,2,0
rw21995,2,0
rw21996,1,1
rw21997,1,2
rw21998,2,1
rw21999,1,0
rw2200,1,1
rw22000,0,1
rw22001,0,2
rw22002,3,0
rw22003,0,2
rw22004,0,1
rw22005,0,1
rw22006,0,0
rw22007,1,0
rw22008,1,2
rw22009,1,0
rw2201,3,2
rw22010,2,0
rw22011,4,1
rw22012,0,1
rw22013,0,0
rw22014,0,0
rw22015,0,0
rw22016,0,0
rw22017,0,1
rw22018,0,1
rw22019,0,2
rw2202,1,1
rw22020,1,0
rw22021,1,0
rw22022,3,2
rw22023,1,1
rw22024,2,0
rw22025,1,1
rw22026,0,1
rw22027,0,1
rw22028,1,1
rw22029,1,2
rw2203,0,1
rw22030,1,0
rw22031,5,1
rw22032,1,0
rw22033,0,1
rw22034,0,0
rw22035,2,0
rw22037,0,0
rw22038,3,1
rw22039,1,2
rw2204,1,0
rw22040,0,0
rw22041,1,2
rw22042,3,1
rw22043,2,1
rw22045,2,1
rw22046,0,0
rw22047,3,2
rw22048,0,1
rw22049,0,0
rw22050,0,0
rw22051,1,2
rw22052,1,1
rw22053,2,0
rw22054,2,2
rw22055,1,3
rw22056,0,0
rw22057,3,1
rw22058,0,0
rw22059,1,1
rw2206,3,2
rw22060,1,0
rw22061,1,3
rw22062,1,0
rw22063,0,1
rw22064,2,1
rw22066,1,0
rw22067,0,2
rw22068,1,0
rw22069,1,0
rw2207,1,1
rw22070,1,1
rw22071,0,0
rw22072,0,1
rw22073,0,0
rw22074,3,1
rw22075,0,1
rw22076,1,1
rw22077,2,1
rw22078,1,0
rw22079,0,0
rw2208,1,0
rw22080,0,1
rw22081,2,1
rw22082,0,0
rw22083,2,1
rw22084,1,1
rw22085,0,0
rw22087,2,1
rw22088,2,1
rw22089,1,1
rw2209,1,0
rw22090,0,1
rw22091,0,1
rw22092,3,0
rw22093,0,0
rw22094,1,1
rw22095,1,0
rw22096,0,2
rw22097,0,2
rw22098,2,0
rw22099,1,0
rw2210,0,0
rw22100,1,1
rw22101,2,0
rw22102,0,0
rw22103,0,0
rw22104,3,2
rw22105,1,2
rw22106,1,1
rw22107,1,0
rw22108,2,2
rw22109,3,0
rw2211,0,0
rw22110,2,1
rw22111,1,1
rw22112,2,0
rw22113,0,0
rw22114,1,0
rw22115,3,1
rw22116,1,2
rw22117,2,1
rw22118,0,0
rw22119,1,0
rw2212,0,1
rw22120,1,0
rw22121,2,2
rw22122,2,0
rw22123,4,1
rw22124,1,1
rw22125,2,1
rw22126,2,0
rw22127,1,1
rw22128,1,0
rw22129,1,3
rw2213,0,0
rw22130,1,0
rw22131,1,1
rw22132,2,0
rw22133,1,0
rw22134,3,3
rw22135,1,0
rw22136,1,2
rw22137,2,0
rw22138,0,1
rw22139,0,0
rw2214,1,1
rw22140,1,1
rw22141,1,1
rw22142,2,2
rw22143,1,2
rw22144,0,1
rw22145,0,0
rw22146,1,0
rw22147,1,0
rw22148,0,0
rw22149,1,0
rw2215,0,0
rw22150,0,1
rw22151,0,3
rw22152,0,1
rw22153,2,2
rw22154,0,0
rw22155,2,1
rw22156,0,0
rw22157,0,1
rw22158,1,0
rw22159,1,0
rw2216,0,3
rw22160,0,0
rw22161,4,1
rw22162,2,0
rw22163,1,2
rw22164,0,0
rw22165,0,1
rw22166,0,0
rw22167,0,2
rw22168,1,1
rw22169,0,0
rw2217,0,0
rw22170,1,0
rw22171,1,0
rw22172,2,2
rw22173,2,0
rw22174,3,1
rw22175,0,1
rw22176,1,0
rw22177,2,1
rw22178,2,1
rw22179,0,1
rw2218,1,0
rw22180,2,3
rw22181,0,0
rw22182,0,0
rw22183,1,0
rw22184,2,0
rw22185,0,0
rw22186,2,1
rw22187,0,2
rw22188,1,0
rw22189,0,1
rw2219,2,1
rw22190,1,3
rw22191,1,1
rw22192,1,0
rw22193,1,3
rw22194,0,0
rw22195,1,4
rw22196,3,2
rw22197,1,1
rw22198,1,2
rw22199,0,0
rw2220,0,1
rw22200,2,0
rw22201,0,0
rw22202,0,0
rw22203,1,1
rw22204,2,1
rw22205,3,1
rw22206,1,1
rw22207,1,0
rw22208,1,0
rw22209,3,0
rw2221,2,1
rw22210,1,0
rw22211,1,0
rw22212,0,1
rw22213,0,2
rw22214,3,0
rw22215,0,0
rw22216,1,2
rw22217,0,0
rw22218,0,1
rw22219,0,0
rw2222,2,0
rw22220,1,1
rw22221,2,0
rw22222,3,2
rw22223,3,1
rw22224,2,1
rw22226,0,0
rw22229,1,3
rw2223,1,3
rw22230,1,3
rw22231,0,0
rw22232,3,0
rw22234,2,0
rw22235,1,1
rw22236,2,1
rw22237,2,1
rw22238,3,0
rw22239,1,0
rw2224,1,1
rw22240,1,0
rw22241,0,1
rw22242,0,1
rw22243,0,2
rw22244,2,4
rw22245,2,1
rw22246,2,4
rw22247,2,0
rw22248,0,0
rw2225,2,1
rw22250,1,1
rw22251,1,0
rw22252,1,1
rw22253,1,1
rw22254,2,0
rw22255,0,0
rw22256,1,3
rw22257,0,0
rw22258,0,1
rw22259,0,0
rw2226,0,0
rw22260,2,1
rw22261,2,1
rw22262,0,0
rw22263,1,3
rw22264,1,1
rw22265,0,0
rw22266,2,0
rw22267,1,2
rw22268,2,1
rw22269,0,1
rw2227,4,2
rw22270,1,2
rw22271,1,0
rw22272,2,1
rw22273,0,0
rw22274,0,0
rw22275,0,0
rw22276,2,0
rw22277,0,1
rw22278,1,3
rw22279,0,0
rw2228,1,0
rw22280,0,1
rw22281,0,1
rw22282,0,2
rw22284,0,0
rw22285,1,2
rw22286,3,1
rw22287,1,4
rw22288,1,1
rw22289,1,0
rw2229,1,2
rw22290,1,0
rw22291,1,0
rw22292,1,0
rw22293,0,0
rw22294,0,0
rw22296,1,2
rw22297,1,1
rw22298,1,3
rw22299,1,2
rw2230,1,0
rw22300,0,0
rw22301,2,2
rw22302,1,0
rw22303,3,0
rw22304,1,1
rw22305,0,2
rw22306,0,1
rw22307,1,1
rw22308,1,1
rw2231,0,1
rw22310,1,0
rw22311,0,0
rw22312,0,0
rw22313,2,0
rw22314,0,1
rw22315,1,0
rw22316,0,1
rw22317,1,0
rw22318,0,0
rw22319,3,1
rw2232,0,2
rw22320,1,0
rw22321,0,2
rw22322,3,0
rw22323,1,0
rw22324,0,2
rw22325,2,1
rw22326,3,0
rw22327,0,0
rw22328,0,0
rw22329,0,0
rw2233,1,1
rw22330,1,1
rw22331,2,3
rw22332,1,1
rw22333,1,0
rw22334,2,1
rw22336,1,1
rw22337,1,0
rw22338,0,1
rw22339,2,0
rw2234,1,0
rw22341,0,2
rw22342,3,1
rw22343,0,1
rw22344,0,0
rw22345,0,3
rw22346,2,4
rw22347,0,0
rw22348,2,1
rw22349,2,0
rw2235,6,1
rw22350,3,0
rw22351,0,1
rw22352,1,0
rw22353,0,0
rw22354,0,0
rw22355,1,0
rw22356,2,0
rw22357,0,0
rw22358,0,1
rw22359,1,0
rw2236,3,0
rw22360,3,1
rw22361,2,0
rw22362,1,0
rw22363,1,0
rw22364,0,1
rw22365,1,0
rw22366,0,0
rw22367,2,0
rw22368,2,3
rw22369,0,0
rw2237,1,0
rw22370,1,3
rw22371,0,2
rw22372,4,0
rw22373,2,1
rw22374,0,0
rw22375,0,1
rw22376,2,1
rw22377,0,2
rw22378,1,0
rw22379,1,0
rw2238,0,0
rw22380,2,0
rw22381,0,0
rw22382,1,2
rw22383,1,1
rw22384,0,1
rw22385,1,1
rw22386,0,0
rw22387,3,3
rw22388,0,0
rw22389,1,2
rw2239,3,1
rw22390,0,0
rw22391,1,2
rw22392,2,2
rw22393,1,0
rw22394,3,3
rw22395,2,1
rw22396,0,0
rw22397,0,1
rw22398,0,0
rw22399,2,0
rw2240,0,1
rw22400,0,0
rw22401,1,1
rw22402,1,0
rw22403,1,0
rw22404,2,4
rw22405,3,4
rw22406,1,1
rw22408,1,0
rw22409,0,1
rw2241,0,0
rw22410,0,1
rw22411,0,0
rw22412,1,0
rw22413,1,0
rw22414,1,1
rw22415,1,0
rw22416,2,1
rw22417,1,0
rw22418,1,0
rw22419,2,2
rw2242,1,0
rw22420,2,3
rw22421,1,1
rw22422,1,1
rw22423,0,1
rw22424,1,0
rw22425,1,0
rw22426,1,3
rw22427,1,1
rw22428,2,0
rw22429,0,0
rw2243,2,1
rw22430,0,0
rw22431,0,0
rw22432,0,0
rw22433,1,0
rw22434,0,1
rw22435,0,0
rw22436,3,1
rw22437,1,0
rw22438,2,1
rw22439,0,4
rw2244,1,0
rw22440,1,0
rw22441,1,0
rw22442,1,0
rw22443,1,1
rw22444,0,0
rw22445,1,0
rw22446,3,0
rw22447,1,1
rw22448,0,0
rw22449,0,1
rw2245,1,1
rw22450,2,1
rw22451,2,1
rw22452,2,1
rw22453,1,5
rw22454,2,0
rw22455,0,3
rw22456,1,2
rw22457,3,1
rw22458,2,0
rw22459,0,0
rw2246,1,0
rw22460,0,0
rw22461,0,0
rw22462,1,0
rw22463,2,2
rw22464,3,2
rw22465,3,1
rw22466,2,0
rw22467,0,0
rw22468,2,2
rw22469,1,0
rw2247,0,0
rw22470,0,0
rw22471,0,1
rw22472,1,1
rw22473,0,0
rw22474,1,0
rw22475,2,0
rw22476,0,0
rw22477,0,1
rw22478,0,0
rw22479,1,1
rw2248,0,2
rw22480,2,0
rw22481,1,0
rw22482,1,3
rw22483,0,0
rw22484,1,2
rw22485,1,0
rw22486,1,1
rw22487,1,1
rw22488,2,1
rw22489,1,1
rw2249,3,2
rw22490,0,0
rw22491,0,0
rw22492,1,0
rw22493,1,1
rw22494,2,2
rw22495,1,1
rw22496,2,1
rw22497,0,0
rw22498,0,0
rw22499,1,3
rw2250,1,1
rw22500,0,0
rw22501,2,2
rw22502,0,0
rw22503,0,1
rw22504,0,1
rw22505,1,0
rw22506,1,0
rw22507,3,1
rw22508,1,2
rw22509,1,1
rw2251,1,2
rw22510,1,0
rw22511,2,0
rw22512,1,0
rw22513,0,0
rw22514,2,2
rw22515,1,1
rw22516,2,3
rw22517,1,1
rw22518,0,1
rw22519,0,0
rw2252,1,0
rw22520,1,1
rw22521,0,0
rw22522,0,0
rw22523,0,0
rw22524,0,0
rw22525,0,0
rw22526,1,3
rw22527,0,1
rw22528,1,1
rw22529,2,4
rw2253,0,2
rw22530,2,1
rw22531,2,0
rw22532,4,1
rw22533,1,2
rw22534,2,0
rw22535,3,2
rw22536,2,0
rw22537,2,0
rw22538,0,2
rw22539,2,0
rw2254,0,0
rw22540,0,1
rw22541,2,0
rw22542,1,0
rw22543,2,1
rw22544,1,0
rw22545,0,0
rw22546,1,0
rw22547,1,2
rw22548,2,0
rw22549,1,0
rw2255,2,0
rw22550,1,1
rw22551,0,1
rw22552,2,1
rw22553,0,1
rw22554,1,0
rw22555,0,2
rw22556,0,0
rw22557,0,0
rw22558,0,0
rw22559,0,1
rw2256,2,1
rw22560,2,1
rw22561,1,0
rw22562,0,0
rw22563,1,0
rw22564,2,2
rw22565,0,1
rw22566,4,1
rw22567,0,2
rw22568,0,0
rw22569,0,0
rw2257,0,0
rw22570,0,1
rw22571,1,1
rw22572,0,0
rw22573,0,1
rw22574,2,2
rw22575,1,0
rw22576,0,1
rw22577,2,1
rw22578,0,1
rw22579,3,0
rw2258,2,1
rw22580,1,1
rw22581,3,0
rw22582,1,1
rw22583,3,4
rw22584,1,0
rw22585,1,1
rw22586,0,0
rw22587,2,1
rw22588,0,0
rw22589,0,0
rw2259,2,2
rw22590,1,0
rw22591,0,0
rw22592,5,2
rw22593,1,1
rw22594,1,4
rw22595,1,1
rw22596,0,0
rw22597,0,2
rw22598,1,1
rw22599,1,0
rw2260,4,1
rw22600,1,1
rw22601,0,1
rw22602,0,0
rw22603,1,0
rw22604,0,0
rw22605,1,0
rw22606,1,1
rw22607,0,0
rw22608,1,0
rw22609,1,0
rw22610,1,1
rw22611,1,1
rw22612,0,1
rw22613,2,2
rw22614,1,1
rw22615,1,0
rw22616,0,0
rw22617,1,0
rw22618,0,0
rw22619,2,1
rw2262,3,0
rw22620,1,0
rw22621,0,0
rw22622,0,1
rw22623,0,1
rw22624,0,0
rw22625,0,0
rw22626,2,0
rw22627,0,1
rw22628,4,0
rw22629,4,0
rw2263,1,0
rw22630,0,1
rw22631,3,2
rw22632,2,0
rw22633,2,0
rw22634,2,0
rw22635,0,0
rw22636,1,0
rw22637,2,3
rw22638,1,3
rw22639,1,2
rw2264,0,1
rw22640,1,1
rw22641,2,1
rw22642,1,0
rw22643,2,0
rw22644,2,1
rw22645,0,2
rw22646,0,1
rw22647,1,1
rw22648,1,0
rw22649,1,0
rw2265,0,0
rw22650,0,0
rw22651,1,4
rw22652,0,0
rw22653,0,0
rw22654,0,1
rw22655,0,0
rw22656,1,1
rw22657,0,1
rw22658,1,2
rw22659,1,0
rw2266,1,1
rw22660,0,0
rw22661,1,0
rw22662,0,0
rw22663,0,0
rw22664,4,0
rw22665,1,2
rw22666,2,1
rw22667,1,0
rw22668,2,0
rw22669,2,1
rw22670,3,3
rw22671,0,0
rw22672,0,0
rw22673,0,0
rw22674,0,0
rw22675,2,0
rw22676,0,0
rw22677,1,1
rw22678,1,0
rw22679,1,0
rw2268,3,0
rw22680,0,0
rw22681,0,0
rw22682,2,5
rw22683,0,0
rw22684,1,0
rw22685,2,2
rw22686,0,0
rw22688,3,0
rw22689,3,0
rw2269,1,0
rw22690,0,0
rw22691,2,0
rw22692,2,3
rw22693,3,0
rw22694,1,1
rw22695,0,1
rw22696,1,0
rw22697,0,2
rw22698,1,0
rw22699,2,2
rw2270,0,0
rw22700,0,2
rw22701,0,1
rw22702,0,0
rw22703,2,1
rw22704,2,0
rw22705,4,1
rw22706,0,0
rw22707,3,1
rw22708,3,2
rw22709,0,1
rw2271,0,0
rw22710,1,2
rw22711,3,0
rw22712,2,1
rw22713,1,0
rw22714,1,2
rw22715,0,1
rw22716,2,1
rw22717,2,1
rw22718,0,1
rw22719,2,0
rw2272,1,1
rw22720,0,0
rw22721,2,2
rw22722,0,0
rw22723,1,2
rw22724,2,0
rw22725,1,2
rw22726,1,2
rw22727,2,0
rw22728,4,1
rw22729,1,1
rw2273,1,1
rw22730,2,0
rw22731,1,0
rw22732,0,0
rw22733,0,0
rw22734,2,0
rw22735,2,0
rw22736,0,0
rw22737,2,0
rw22738,0,0
rw22739,1,0
rw2274,1,1
rw22740,0,0
rw22741,3,0
rw22742,0,0
rw22743,2,0
rw22744,1,0
rw22745,2,4
rw22746,0,0
rw22747,3,0
rw22748,0,0
rw22749,0,2
rw2275,0,0
rw22750,0,0
rw22751,0,1
rw22752,0,1
rw22753,0,0
rw22754,0,0
rw22755,0,0
rw22756,2,0
rw22757,0,0
rw22758,3,0
rw22759,0,0
rw2276,0,0
rw22761,1,1
rw22762,0,1
rw22763,0,0
rw22764,0,0
rw22765,0,2
rw22766,1,0
rw22767,0,0
rw22768,0,0
rw22769,0,0
rw2277,1,0
rw22770,0,1
rw22771,0,0
rw22772,3,2
rw22773,3,0
rw22774,0,0
rw22775,0,0
rw22776,1,0
rw22777,0,0
rw22778,0,1
rw22779,0,0
rw2278,0,0
rw22780,1,0
rw22781,2,0
rw22782,1,1
rw22783,0,0
rw22784,0,0
rw22785,1,0
rw22786,0,0
rw22787,1,1
rw22788,1,1
rw22789,1,0
rw2279,1,1
rw22790,0,0
rw22791,0,1
rw22792,0,1
rw22793,0,1
rw22794,1,0
rw22795,2,2
rw22796,1,0
rw22797,3,1
rw22798,2,0
rw22799,2,4
rw2280,2,0
rw22800,0,1
rw22801,1,0
rw22802,0,1
rw22803,0,0
rw22804,0,1
rw22805,1,0
rw22806,0,0
rw22807,1,1
rw22808,1,0
rw22809,0,0
rw2281,0,0
rw22810,2,1
rw22811,1,2
rw22812,1,0
rw22813,0,1
rw22814,1,2
rw22815,1,0
rw22816,0,0
rw22817,1,0
rw22818,0,0
rw22819,1,1
rw2282,1,0
rw22820,2,0
rw22821,1,1
rw22822,0,0
rw22823,0,2
rw22824,0,0
rw22825,0,1
rw22826,2,2
rw22827,0,1
rw22828,1,0
rw22829,2,0
rw2283,0,2
rw22830,0,1
rw22831,0,0
rw22832,1,0
rw22833,2,2
rw22834,1,1
rw22835,3,1
rw22836,0,0
rw22837,1,1
rw22838,0,1
rw22839,3,1
rw2284,0,2
rw22840,2,0
rw22841,0,0
rw22843,0,0
rw22844,0,2
rw22845,0,0
rw22846,0,1
rw22847,3,2
rw22848,0,0
rw22849,0,0
rw2285,3,2
rw22850,0,4
rw22851,0,1
rw22852,3,0
rw22854,0,0
rw22855,0,0
rw22856,0,0
rw22857,0,0
rw22858,1,0
rw22859,2,2
rw2286,1,0
rw22860,0,0
rw22861,0,1
rw22862,1,1
rw22863,1,0
rw22864,2,2
rw22865,1,1
rw22866,2,0
rw22867,0,1
rw22868,1,0
rw22869,0,2
rw2287,2,0
rw22870,1,1
rw22871,2,2
rw22872,1,0
rw22873,1,0
rw22874,2,1
rw22875,0,0
rw22876,0,0
rw22877,2,1
rw22878,3,0
rw22879,0,1
rw22880,0,1
rw22881,4,0
rw22882,0,0
rw22883,3,1
rw22884,2,1
rw22885,0,2
rw22886,3,0
rw22887,1,1
rw22888,0,0
rw22889,2,0
rw2289,1,1
rw22890,0,3
rw22891,1,0
rw22892,2,0
rw22893,2,2
rw22894,1,0
rw22895,1,0
rw22896,1,0
rw22897,1,1
rw22898,0,0
rw22899,0,0
rw2290,0,1
rw22900,1,0
rw22902,0,2
rw22903,2,1
rw22904,0,0
rw22905,2,1
rw22906,1,2
rw22907,1,1
rw22908,0,0
rw22909,0,0
rw2291,0,3
rw22910,0,0
rw22911,1,3
rw22912,1,1
rw22913,1,1
rw22914,1,0
rw22915,1,0
rw22916,0,0
rw22917,0,1
rw22918,2,0
rw22919,2,0
rw2292,0,0
rw22920,0,0
rw22921,0,1
rw22922,2,4
rw22923,0,0
rw22924,0,0
rw22925,1,1
rw22926,0,1
rw22927,0,1
rw22928,0,0
rw22929,2,0
rw2293,2,2
rw22930,0,1
rw22931,0,2
rw22932,1,0
rw22933,2,1
rw22934,0,1
rw22935,1,0
rw22936,1,0
rw22937,0,0
rw22938,2,2
rw22939,0,1
rw2294,0,2
rw22940,2,0
rw22941,1,2
rw22942,1,0
rw22943,0,1
rw22944,1,0
rw22945,1,0
rw22946,2,2
rw22947,1,0
rw22948,0,0
rw22949,2,0
rw2295,1,1
rw22950,0,3
rw22951,2,7
rw22952,0,0
rw22953,2,0
rw22954,2,3
rw22955,0,0
rw22956,1,2
rw22957,1,2
rw22958,3,3
rw2296,2,0
rw22960,0,0
rw22961,0,0
rw22962,1,1
rw22963,0,0
rw22964,0,3
rw22965,1,0
rw22966,3,1
rw22967,2,0
rw22968,1,1
rw2297,1,0
rw22970,1,0
rw22971,0,0
rw22972,0,1
rw22973,0,0
rw22974,1,2
rw22975,0,2
rw22976,2,1
rw22977,0,1
rw22978,3,1
rw22979,2,0
rw2298,1,0
rw22980,0,0
rw22981,2,2
rw22982,0,0
rw22983,1,4
rw22984,2,1
rw22985,1,0
rw22986,0,0
rw22987,0,0
rw22988,0,1
rw22989,0,1
rw2299,1,1
rw22990,3,1
rw22991,1,0
rw22992,1,1
rw22993,0,0
rw22994,0,0
rw22995,1,1
rw22996,2,2
rw22997,0,0
rw22998,1,1
rw22999,2,1
rw2300,2,0
rw23000,2,4
rw23001,2,0
rw23002,1,1
rw23003,1,1
rw23004,1,1
rw23005,1,0
rw23006,1,0
rw23007,3,0
rw23008,3,0
rw23009,0,1
rw2301,2,0
rw23010,1,1
rw23011,0,0
rw23012,1,0
rw23013,0,0
rw23014,0,1
rw23015,1,0
rw23016,1,1
rw23017,1,0
rw23018,1,1
rw23019,0,1
rw23020,1,1
rw23021,0,0
rw23022,1,0
rw23023,2,3
rw23024,0,0
rw23025,1,2
rw23026,0,1
rw23027,0,0
rw23028,2,3
rw23029,0,0
rw2303,0,0
rw23030,1,0
rw23031,2,0
rw23032,2,1
rw23033,2,0
rw23034,1,1
rw23035,1,0
rw23036,0,0
rw23037,1,0
rw23038,1,0
rw23039,0,0
rw2304,1,0
rw23040,1,1
rw23041,1,0
rw23042,0,2
rw23043,1,0
rw23044,0,0
rw23045,0,0
rw23046,0,0
rw23047,0,0
rw23048,0,1
rw23049,1,1
rw2305,1,0
rw23050,1,1
rw23051,0,0
rw23052,1,0
rw23053,0,1
rw23054,0,0
rw23055,0,0
rw23056,1,0
rw23057,0,3
rw23058,2,0
rw23059,0,0
rw2306,2,2
rw23060,0,1
rw23061,2,0
rw23062,1,2
rw23063,2,0
rw23064,1,1
rw23065,0,2
rw23066,2,1
rw23067,2,0
rw23068,0,0
rw23069,1,0
rw2307,0,0
rw23070,0,1
rw23071,0,0
rw23072,0,0
rw23073,2,1
rw23074,1,0
rw23075,1,0
rw23076,1,0
rw23077,0,0
rw23078,3,5
rw23079,0,0
rw2308,0,0
rw23080,0,0
rw23081,0,2
rw23082,1,2
rw23083,2,0
rw23084,0,3
rw23085,1,0
rw23086,2,0
rw23087,2,1
rw23088,0,2
rw23089,0,0
rw2309,1,1
rw23090,2,0
rw23091,0,0
rw23092,1,0
rw23093,0,1
rw23094,1,0
rw23095,0,1
rw23096,0,0
rw23097,1,0
rw23098,2,1
rw23099,1,0
rw23100,1,0
rw23101,1,1
rw23102,0,0
rw23103,0,0
rw23104,0,0
rw23105,0,0
rw23106,0,0
rw23107,0,1
rw23108,0,1
rw23109,0,0
rw2311,0,0
rw23110,0,0
rw23111,1,2
rw23112,1,1
rw23113,1,0
rw23114,0,0
rw23115,3,0
rw23116,0,1
rw23117,1,1
rw23118,0,1
rw23119,2,0
rw2312,0,2
rw23120,2,0
rw23121,0,0
rw23122,1,0
rw23123,1,1
rw23124,0,0
rw23125,1,1
rw23126,1,0
rw23127,1,1
rw23128,0,1
rw23129,1,1
rw23130,0,0
rw23131,0,0
rw23132,1,0
rw23133,0,2
rw23134,1,3
rw23135,0,0
rw23136,2,0
rw23137,2,1
rw23138,3,0
rw23139,1,0
rw2314,1,1
rw23140,2,1
rw23141,2,1
rw23142,2,1
rw23143,1,3
rw23144,1,0
rw23145,1,0
rw23146,1,0
rw23147,2,0
rw23148,1,1
rw23149,0,0
rw2315,2,0
rw23150,0,1
rw23151,0,0
rw23152,0,2
rw23153,0,1
rw23154,1,1
rw23155,3,1
rw23156,0,0
rw23157,1,0
rw23158,0,0
rw23159,1,0
rw23160,0,0
rw23161,1,2
rw23162,2,1
rw23163,0,1
rw23164,0,0
rw23165,0,0
rw23166,0,1
rw23167,1,2
rw23168,2,1
rw23169,3,0
rw2317,0,1
rw23170,1,0
rw23171,0,1
rw23172,0,0
rw23173,1,0
rw23174,0,0
rw23175,2,0
rw23176,2,1
rw23177,2,0
rw23178,2,0
rw23179,0,0
rw2318,2,1
rw23180,0,0
rw23181,1,3
rw23182,1,0
rw23183,2,1
rw23184,1,1
rw23185,3,2
rw23186,1,0
rw23187,1,1
rw23188,3,0
rw23189,0,0
rw2319,1,0
rw23190,1,0
rw23191,2,0
rw23192,2,2
rw23193,2,0
rw23194,0,2
rw23195,0,2
rw23196,0,0
rw23197,1,1
rw23198,1,0
rw23199,1,1
rw2320,0,0
rw23200,1,0
rw23201,2,0
rw23202,0,1
rw23203,0,1
rw23204,1,0
rw23205,2,1
rw23206,0,0
rw23207,1,1
rw23208,1,1
rw23209,1,0
rw2321,0,0
rw23210,0,1
rw23211,1,0
rw23212,2,1
rw23213,1,2
rw23214,0,1
rw23215,2,0
rw23216,1,0
rw23217,0,0
rw23218,0,0
rw23219,0,0
rw2322,2,0
rw23220,0,0
rw23221,2,1
rw23222,1,1
rw23223,0,0
rw23224,0,1
rw23225,2,0
rw23226,2,1
rw23227,1,0
rw23228,1,1
rw23229,0,0
rw2323,1,1
rw23230,2,1
rw23231,4,0
rw23232,2,0
rw23233,1,0
rw23234,0,0
rw23235,0,0
rw23236,0,0
rw23237,1,0
rw23238,0,0
rw23239,2,2
rw2324,2,1
rw23240,1,0
rw23241,1,0
rw23242,0,0
rw23243,0,0
rw23244,0,1
rw23245,0,3
rw23246,1,0
rw23247,1,0
rw23248,0,0
rw23249,1,2
rw2325,2,1
rw23250,3,1
rw23251,2,0
rw23252,1,0
rw23253,1,0
rw23254,1,0
rw23255,3,3
rw23256,2,2
rw23257,2,1
rw23258,2,2
rw23259,1,0
rw2326,0,1
rw23261,0,0
rw23262,1,0
rw23263,1,0
rw23264,2,0
rw23265,0,0
rw23266,1,0
rw23267,1,0
rw23268,1,1
rw23269,0,0
rw2327,1,1
rw23270,2,2
rw23271,1,0
rw23272,0,1
rw23273,1,0
rw23274,1,0
rw23275,1,1
rw23276,0,1
rw23277,2,1
rw23278,1,2
rw23279,1,0
rw2328,2,0
rw23280,3,1
rw23281,0,0
rw23282,1,0
rw23283,1,0
rw23284,0,0
rw23285,0,0
rw23286,0,0
rw23287,1,0
rw23288,1,0
rw23289,1,1
rw2329,1,0
rw23290,1,0
rw23291,0,0
rw23292,1,0
rw23293,2,0
rw23294,0,1
rw23295,0,0
rw23296,0,1
rw23297,0,1
rw23298,1,1
rw23299,0,0
rw2330,1,0
rw23300,0,1
rw23301,0,1
rw23302,0,1
rw23303,0,0
rw23304,3,2
rw23305,2,3
rw23306,2,1
rw23308,1,1
rw23309,1,0
rw2331,1,0
rw23311,3,3
rw23312,0,1
rw23313,1,0
rw23314,1,0
rw23315,2,0
rw23316,0,1
rw23317,1,1
rw23318,2,1
rw23319,2,0
rw2332,1,0
rw23320,0,1
rw23321,0,0
rw23322,1,1
rw23323,1,0
rw23324,1,1
rw23325,0,0
rw23326,1,0
rw23327,2,0
rw23328,1,1
rw23329,2,1
rw2333,0,1
rw23330,1,0
rw23331,1,0
rw23332,0,0
rw23333,0,1
rw23334,0,0
rw23335,0,0
rw23336,0,1
rw23337,1,0
rw23338,2,0
rw23339,0,1
rw2334,2,1
rw23340,1,0
rw23341,0,0
rw23342,0,1
rw23343,1,0
rw23344,0,3
rw23345,0,0
rw23346,0,1
rw23347,3,2
rw23348,1,1
rw23349,1,1
rw2335,0,0
rw23350,1,1
rw23351,1,0
rw23352,2,0
rw23353,1,1
rw23354,0,1
rw23355,1,0
rw23356,0,0
rw23357,1,3
rw23358,1,3
rw23359,0,0
rw2336,1,1
rw23360,0,1
rw23361,0,0
rw23362,1,2
rw23363,1,0
rw23364,0,0
rw23365,0,1
rw23366,1,0
rw23367,1,0
rw23368,3,0
rw23369,1,0
rw2337,1,1
rw23370,0,0
rw23371,0,0
rw23372,1,3
rw23373,1,0
rw23374,1,2
rw23375,0,0
rw23376,1,0
rw23377,2,1
rw23378,1,0
rw23379,0,0
rw2338,1,1
rw23380,1,0
rw23381,0,1
rw23382,1,1
rw23384,1,0
rw23385,2,2
rw23386,1,2
rw23387,2,1
rw23388,1,0
rw23389,0,0
rw2339,0,0
rw23390,1,2
rw23391,1,0
rw23392,0,0
rw23393,0,0
rw23394,0,1
rw23395,2,0
rw23396,0,1
rw23397,0,1
rw23398,0,0
rw23399,1,2
rw2340,0,0
rw23400,1,0
rw23401,0,1
rw23402,0,0
rw23403,1,2
rw23404,0,0
rw23405,3,1
rw23406,0,0
rw23407,1,0
rw23408,3,2
rw23409,3,0
rw2341,2,1
rw23410,0,0
rw23411,1,0
rw23412,1,1
rw23413,0,1
rw23414,2,0
rw23415,1,0
rw23416,3,0
rw23417,0,1
rw23418,1,2
rw23419,0,0
rw2342,0,1
rw23420,0,1
rw23421,1,0
rw23422,1,0
rw23423,0,1
rw23424,0,1
rw23425,2,2
rw23426,1,0
rw23427,1,0
rw23428,1,1
rw23429,1,0
rw2343,0,0
rw23430,0,0
rw23431,0,0
rw23432,2,2
rw23433,0,0
rw23434,2,1
rw23435,0,1
rw23436,0,1
rw23437,0,1
rw23438,0,2
rw23439,1,1
rw2344,3,1
rw23440,1,1
rw23441,2,1
rw23442,0,0
rw23443,0,1
rw23444,0,1
rw23445,0,0
rw23446,1,0
rw23447,0,1
rw23448,1,2
rw23449,0,1
rw2345,0,1
rw23450,0,0
rw23451,1,0
rw23452,0,0
rw23453,2,0
rw23455,0,0
rw23456,0,0
rw23457,0,0
rw23458,2,0
rw23459,1,0
rw2346,2,0
rw23460,0,0
rw23461,1,2
rw23462,1,0
rw23463,1,0
rw23464,0,0
rw23465,1,1
rw23466,3,2
rw23467,0,0
rw23468,0,0
rw23469,0,3
rw2347,4,0
rw23470,0,0
rw23471,0,0
rw23472,1,0
rw23473,0,0
rw23474,1,1
rw23475,0,0
rw23476,2,0
rw23477,0,0
rw23478,2,1
rw23479,1,1
rw2348,1,0
rw23480,1,1
rw23481,0,0
rw23482,2,0
rw23483,0,1
rw23484,1,1
rw23485,0,2
rw23486,1,0
rw23487,0,0
rw23488,0,1
rw23489,1,0
rw2349,0,0
rw23490,0,1
rw23491,1,0
rw23492,2,0
rw23494,0,1
rw23495,1,1
rw23496,0,0
rw23497,0,0
rw23498,2,1
rw23499,0,1
rw23500,1,0
rw23501,3,0
rw23502,1,0
rw23503,1,0
rw23504,0,0
rw23505,0,0
rw23506,0,0
rw23507,0,1
rw23508,1,1
rw23509,0,0
rw2351,1,0
rw23510,1,0
rw23511,1,1
rw23512,1,0
rw23513,0,2
rw23514,0,0
rw23515,0,0
rw23516,1,0
rw23517,1,0
rw23518,2,1
rw23519,4,1
rw2352,0,1
rw23520,0,0
rw23521,1,0
rw23522,0,0
rw23523,2,2
rw23524,1,2
rw23525,1,0
rw23526,1,0
rw23527,0,0
rw23529,0,0
rw2353,1,0
rw23530,2,0
rw23531,0,1
rw23532,1,0
rw23533,1,0
rw23534,1,2
rw23535,2,0
rw23536,0,0
rw23537,0,0
rw23538,0,0
rw23539,1,0
rw2354,1,2
rw23540,0,0
rw23541,2,1
rw23542,0,2
rw23544,2,0
rw23545,0,0
rw23546,4,0
rw23547,1,0
rw23548,0,0
rw23549,0,1
rw2355,2,0
rw23550,0,0
rw23551,0,0
rw23552,0,0
rw23553,1,0
rw23554,1,0
rw23555,3,0
rw23556,0,2
rw23557,1,0
rw23558,1,0
rw23559,1,0
rw2356,0,1
rw23560,0,0
rw23561,0,0
rw23562,0,0
rw23563,2,2
rw23564,2,0
rw23565,0,0
rw23566,1,0
rw23567,0,0
rw23568,0,1
rw23569,0,1
rw2357,0,0
rw23570,1,0
rw23571,1,1
rw23572,2,1
rw23573,1,0
rw23574,1,2
rw23575,0,3
rw23576,0,0
rw23577,2,0
rw23578,0,0
rw23579,1,1
rw2358,2,1
rw23580,1,1
rw23581,1,0
rw23582,1,1
rw23583,1,1
rw23584,0,0
rw23585,1,0
rw23586,2,2
rw23587,2,0
rw23588,1,1
rw23589,1,0
rw2359,1,0
rw23590,0,0
rw23591,2,0
rw23592,2,1
rw23593,0,1
rw23594,0,0
rw23595,2,1
rw23596,0,1
rw23597,2,1
rw23598,0,1
rw23599,1,1
rw2360,2,1
rw23600,0,0
rw23601,0,0
rw23602,1,0
rw23603,1,1
rw23604,1,0
rw23605,0,1
rw23606,1,0
rw23607,1,0
rw23608,1,1
rw23609,0,0
rw2361,0,0
rw23610,0,1
rw23611,0,1
rw23612,0,0
rw23613,2,0
rw23614,0,0
rw23615,0,0
rw23616,1,0
rw23617,0,0
rw23618,1,1
rw23619,1,0
rw2362,2,1
rw23620,0,0
rw23621,2,0
rw23622,2,2
rw23623,1,2
rw23624,0,3
rw23625,1,1
rw23626,0,0
rw23627,2,3
rw23628,0,1
rw23629,0,0
rw2363,0,1
rw23630,2,2
rw23631,0,0
rw23632,0,0
rw23633,0,1
rw23634,0,0
rw23635,1,0
rw23636,3,1
rw23637,1,0
rw23638,0,0
rw23639,1,0
rw2364,1,2
rw23640,0,0
rw23641,1,0
rw23642,0,0
rw23643,2,0
rw23644,1,0
rw23645,0,1
rw23646,1,0
rw23647,0,2
rw23648,1,0
rw23649,0,0
rw2365,1,0
rw23650,0,1
rw23651,1,1
rw23652,1,0
rw23653,0,3
rw23654,0,1
rw23655,1,0
rw23656,1,0
rw23657,0,0
rw23658,1,0
rw23659,0,0
rw2366,2,1
rw23660,1,0
rw23661,0,0
rw23662,1,0
rw23663,1,0
rw23664,1,4
rw23665,0,0
rw23666,0,0
rw23667,1,0
rw23668,1,0
rw23669,1,1
rw2367,1,1
rw23670,1,0
rw23671,1,1
rw23672,1,1
rw23673,0,0
rw23674,1,1
rw23675,1,1
rw23676,2,0
rw23677,0,1
rw23678,2,0
rw23679,1,0
rw2368,1,2
rw23680,1,0
rw23681,0,1
rw23682,1,0
rw23683,1,0
rw23684,0,1
rw23685,0,3
rw23687,2,2
rw23688,1,0
rw23689,1,0
rw2369,0,0
rw23690,1,1
rw23691,1,1
rw23692,1,1
rw23693,0,3
rw23694,0,1
rw23695,1,1
rw23696,0,1
rw23697,1,1
rw23698,1,1
rw23699,1,2
rw2370,0,1
rw23700,1,1
rw23701,0,1
rw23702,2,4
rw23703,1,0
rw23704,1,2
rw23705,0,0
rw23706,1,2
rw23707,0,1
rw23708,1,1
rw23709,2,0
rw2371,1,0
rw23710,0,1
rw23711,1,1
rw23712,1,1
rw23713,0,1
rw23714,0,1
rw23715,0,0
rw23716,0,0
rw23717,1,1
rw23718,0,2
rw23719,0,1
rw2372,0,0
rw23720,2,2
rw23721,0,1
rw23722,1,0
rw23723,1,0
rw23724,0,0
rw23725,1,1
rw23726,2,0
rw23727,0,0
rw23728,2,3
rw23729,0,1
rw2373,0,1
rw23730,0,1
rw23731,0,1
rw23732,1,1
rw23733,1,0
rw23734,1,0
rw23735,1,4
rw23736,0,1
rw23737,2,2
rw23738,0,0
rw23739,0,0
rw2374,1,0
rw23740,0,1
rw23741,0,1
rw23742,1,2
rw23743,1,0
rw23744,1,0
rw23745,0,0
rw23746,0,2
rw23747,1,3
rw23748,1,1
rw23749,3,0
rw2375,1,1
rw23750,1,1
rw23751,1,0
rw23752,0,2
rw23753,0,1
rw23754,0,1
rw23755,0,0
rw23756,0,0
rw23757,2,0
rw23758,1,1
rw23759,2,1
rw2376,0,0
rw23760,1,0
rw23761,1,1
rw23762,2,1
rw23763,1,1
rw23764,0,0
rw23765,1,0
rw23766,2,1
rw23767,1,1
rw23768,0,1
rw23769,2,4
rw2377,0,3
rw23770,0,0
rw23771,0,1
rw23772,0,0
rw23773,1,3
rw23774,0,3
rw23775,1,1
rw23776,0,0
rw23777,1,1
rw23778,1,1
rw23779,1,1
rw2378,1,1
rw23780,0,1
rw23781,0,0
rw23782,2,0
rw23783,1,1
rw23784,1,0
rw23785,0,1
rw23786,1,1
rw23787,0,0
rw23788,2,1
rw23789,0,2
rw2379,1,0
rw23790,1,0
rw23791,0,2
rw23792,1,1
rw23793,0,3
rw23794,2,0
rw23795,0,1
rw23796,1,0
rw23797,1,1
rw23798,3,2
rw23799,2,0
rw2380,0,0
rw23800,1,1
rw23801,0,2
rw23802,0,0
rw23803,0,0
rw23804,4,1
rw23805,0,1
rw23806,0,3
rw23807,0,1
rw23808,0,1
rw23809,1,1
rw2381,1,0
rw23810,2,1
rw23811,0,0
rw23812,0,1
rw23813,0,0
rw23814,0,0
rw23815,0,0
rw23816,1,0
rw23817,0,0
rw23818,1,0
rw23819,0,0
rw2382,0,1
rw23820,1,1
rw23821,0,0
rw23822,0,0
rw23823,1,0
rw23824,1,6
rw23825,2,0
rw23826,2,0
rw23827,1,0
rw23828,3,2
rw23829,1,1
rw2383,1,0
rw23830,0,1
rw23831,1,0
rw23832,2,2
rw23834,1,0
rw23835,0,2
rw23836,0,1
rw23837,0,0
rw2384,1,0
rw23840,1,0
rw23841,0,1
rw23842,1,0
rw23843,1,3
rw23844,1,2
rw23845,2,1
rw23846,1,3
rw23847,2,0
rw23848,1,0
rw23849,1,1
rw2385,1,0
rw23851,1,1
rw23852,1,1
rw23853,0,0
rw23854,0,1
rw23855,3,1
rw23856,2,1
rw23857,1,2
rw23858,4,2
rw23859,0,1
rw2386,2,1
rw23860,1,1
rw23861,1,1
rw23862,1,0
rw23864,1,1
rw23865,2,0
rw23866,2,2
rw23867,2,0
rw23868,0,0
rw23869,2,1
rw2387,0,0
rw23870,0,1
rw23871,1,0
rw23873,0,3
rw23874,0,2
rw23876,1,1
rw23877,1,1
rw23878,3,0
rw23879,0,0
rw2388,1,0
rw23880,2,0
rw23881,1,1
rw23882,2,1
rw23883,1,4
rw23884,3,2
rw23885,0,2
rw23886,1,2
rw23887,5,4
rw23888,1,2
rw23889,2,0
rw2389,1,1
rw23890,2,5
rw23891,0,1
rw23892,1,1
rw23893,6,2
rw23894,0,1
rw23895,4,4
rw23896,1,0
rw23897,1,1
rw23898,3,1
rw23899,0,1
rw2390,2,0
rw23900,1,1
rw23901,1,1
rw23902,1,0
rw23904,1,2
rw23905,1,0
rw23906,3,1
rw23907,1,0
rw23908,5,1
rw23909,2,1
rw2391,0,0
rw23910,1,0
rw23911,1,3
rw23912,1,4
rw23914,1,1
rw23915,2,0
rw23916,1,0
rw23917,4,2
rw23918,1,1
rw23919,1,1
rw2392,1,1
rw23920,0,0
rw23921,1,0
rw23922,1,1
rw23923,1,0
rw23924,0,2
rw23925,1,0
rw23926,1,1
rw23927,2,0
rw23928,2,1
rw23929,1,2
rw2393,0,0
rw23930,1,1
rw23931,1,1
rw23932,0,0
rw23933,1,0
rw23934,0,1
rw23935,0,1
rw23936,2,0
rw23937,2,0
rw23938,2,0
rw23939,1,0
rw2394,0,1
rw23940,1,1
rw23941,2,0
rw23942,2,0
rw23943,0,1
rw23945,1,2
rw23946,0,0
rw23947,0,1
rw23948,1,1
rw23949,1,1
rw2395,2,5
rw23950,3,0
rw23951,3,1
rw23952,1,0
rw23953,2,2
rw23954,2,0
rw23955,2,1
rw23957,0,0
rw2396,1,0
rw23960,0,1
rw23961,0,0
rw23962,6,9
rw23963,0,1
rw23964,2,2
rw23965,1,0
rw23966,2,0
rw23967,2,1
rw23968,0,2
rw23969,1,5
rw2397,1,0
rw23970,4,2
rw23971,2,2
rw23972,1,4
rw23974,1,2
rw23975,0,0
rw23976,7,4
rw23977,3,1
rw23978,0,5
rw23979,3,3
rw2398,3,0
rw23980,0,2
rw23981,0,1
rw23982,2,1
rw23983,3,6
rw23984,0,3
rw23985,2,2
rw23986,2,1
rw23987,1,0
rw23988,0,1
rw23989,0,0
rw2399,0,0
rw23990,0,3
rw23991,0,0
rw23992,2,0
rw23993,1,3
rw23994,1,0
rw23995,1,3
rw23996,0,0
rw23997,3,1
rw23998,1,5
rw23999,2,1
rw2400,2,0
rw24000,1,7
rw24001,1,5
rw24002,3,0
rw24003,4,4
rw24004,2,1
rw24005,3,7
rw24006,1,4
rw24007,3,6
rw24008,2,2
rw24009,2,1
rw24010,1,4
rw24011,3,3
rw24012,1,7
rw24013,1,4
rw24014,3,4
rw24015,5,10
rw24016,2,3
rw24017,2,6
rw24018,3,3
rw24019,2,0
rw2402,2,0
rw24020,2,6
rw24021,1,1
rw24022,0,2
rw24023,4,1
rw24024,1,1
rw24026,1,4
rw24027,2,0
rw24029,1,1
rw2403,3,4
rw24030,0,1
rw24031,2,4
rw24033,2,2
rw24036,2,1
rw24037,3,4
rw24038,1,4
rw24039,2,1
rw24041,3,0
rw24042,0,4
rw24043,1,0
rw24044,0,1
rw24045,3,6
rw24046,3,0
rw24047,2,2
rw24048,3,3
rw24049,0,5
rw2405,0,0
rw24050,1,2
rw24051,3,1
rw24053,2,2
rw24054,1,2
rw24055,3,1
rw24056,1,1
rw24057,3,1
rw24058,3,3
rw24059,3,3
rw2406,2,4
rw24060,0,1
rw24061,1,1
rw24062,0,7
rw24063,1,2
rw24064,2,2
rw24065,1,0
rw24066,0,4
rw24067,1,2
rw24068,0,1
rw24069,2,1
rw2407,2,2
rw24070,3,1
rw24071,1,0
rw24072,1,2
rw24073,1,1
rw24074,0,3
rw24075,1,1
rw24076,3,1
rw24077,1,3
rw24078,0,3
rw24079,2,3
rw2408,0,0
rw24080,0,4
rw24081,2,4
rw24082,6,2
rw24083,1,1
rw24084,2,2
rw24086,1,0
rw24087,2,1
rw24088,1,1
rw2409,1,0
rw24090,4,5
rw24092,1,0
rw24093,5,2
rw24094,0,1
rw24095,1,2
rw24096,4,1
rw24097,0,1
rw24099,1,0
rw2410,2,0
rw24100,3,4
rw24101,1,1
rw24103,0,1
rw24104,3,1
rw24105,2,0
rw24106,4,0
rw24108,2,1
rw24109,1,0
rw2411,3,4
rw24110,0,7
rw24111,1,0
rw24112,0,2
rw24113,3,3
rw24114,1,0
rw24115,0,1
rw24116,3,1
rw24117,3,0
rw24118,0,0
rw24119,1,1
rw2412,2,1
rw24120,1,2
rw24121,7,0
rw24122,1,0
rw24123,1,1
rw24124,1,1
rw24125,0,0
rw24126,0,0
rw24127,0,0
rw24128,1,1
rw24129,2,5
rw2413,0,1
rw24130,0,0
rw24131,2,0
rw24132,0,0
rw24133,0,0
rw24134,0,2
rw24135,5,0
rw24136,0,1
rw24137,1,1
rw24138,1,0
rw24139,1,0
rw2414,1,0
rw24140,1,3
rw24141,2,1
rw24142,0,0
rw24143,4,1
rw24144,1,0
rw24145,0,1
rw24146,0,3
rw24147,1,0
rw24148,0,0
rw24149,1,1
rw2415,0,0
rw24150,0,0
rw24151,1,2
rw24152,1,1
rw24153,2,1
rw24154,3,1
rw24155,1,1
rw24156,3,1
rw24157,2,0
rw24159,2,2
rw2416,0,2
rw24160,2,1
rw24161,0,0
rw24162,0,0
rw24163,1,0
rw24164,2,2
rw24165,0,0
rw24166,2,0
rw24167,3,1
rw24168,0,0
rw24169,2,0
rw2417,1,1
rw24170,1,0
rw24171,0,2
rw24172,2,0
rw24173,0,0
rw24174,2,0
rw24175,0,0
rw24177,0,0
rw24178,3,0
rw24179,2,1
rw2418,1,0
rw24180,1,1
rw24181,3,2
rw24182,1,0
rw24184,3,0
rw24185,2,0
rw24186,1,2
rw24187,0,0
rw24188,0,0
rw2419,0,0
rw24190,1,0
rw24191,2,0
rw24192,1,1
rw24193,1,1
rw24194,2,3
rw24195,2,1
rw24196,0,0
rw24197,0,0
rw24198,1,3
rw24199,1,2
rw2420,0,0
rw24200,2,2
rw24201,1,0
rw24202,3,5
rw24203,0,0
rw24204,3,1
rw24205,1,0
rw24206,1,0
rw24207,4,0
rw24208,0,0
rw24209,1,0
rw2421,2,1
rw24210,0,0
rw24211,2,0
rw24212,1,0
rw24213,1,0
rw24214,0,0
rw24215,0,2
rw24216,1,3
rw24217,0,1
rw24218,3,0
rw24219,1,2
rw2422,1,0
rw24220,1,0
rw24221,0,0
rw24222,1,0
rw24223,1,0
rw24224,0,0
rw24225,1,0
rw24226,0,0
rw24227,0,1
rw24228,1,2
rw24229,0,0
rw2423,3,0
rw24230,1,1
rw24231,2,0
rw24232,0,1
rw24233,2,0
rw24234,1,0
rw24235,1,1
rw24236,2,2
rw24237,1,0
rw24238,0,1
rw24239,1,3
rw2424,0,0
rw24240,0,0
rw24241,0,0
rw24242,0,0
rw24243,0,1
rw24244,0,0
rw24245,1,1
rw24246,0,2
rw24247,0,1
rw24248,2,1
rw24249,1,0
rw2425,2,1
rw24250,2,0
rw24251,0,2
rw24252,0,1
rw24253,0,0
rw24254,1,1
rw24255,1,3
rw24256,2,0
rw24257,0,0
rw24258,1,0
rw24259,1,0
rw2426,0,1
rw24260,1,0
rw24261,1,1
rw24262,2,0
rw24263,0,1
rw24264,1,0
rw24265,1,2
rw24266,4,1
rw24267,0,2
rw24268,2,0
rw24269,0,0
rw2427,1,3
rw24270,0,2
rw24271,0,0
rw24272,1,0
rw24273,2,0
rw24274,1,3
rw24275,0,0
rw24276,0,2
rw24277,0,0
rw24278,1,1
rw24279,0,0
rw2428,0,1
rw24280,1,1
rw24281,0,0
rw24282,1,0
rw24283,1,3
rw24284,0,5
rw24285,1,1
rw24286,1,5
rw24287,0,1
rw2429,1,2
rw24290,2,1
rw24291,1,3
rw24292,1,0
rw24293,0,2
rw24294,2,1
rw24295,2,0
rw24296,0,0
rw24297,1,2
rw24298,2,2
rw24299,1,0
rw2430,0,1
rw24300,0,0
rw24301,3,0
rw24302,2,1
rw24303,3,3
rw24304,0,0
rw24305,0,0
rw24306,2,4
rw24307,1,0
rw24308,1,0
rw24309,1,1
rw2431,1,1
rw24310,0,0
rw24311,2,0
rw24312,2,1
rw24313,1,2
rw24314,3,4
rw24315,1,1
rw24316,3,2
rw24317,1,1
rw24318,1,0
rw24319,2,1
rw2432,3,0
rw24320,1,0
rw24321,0,2
rw24322,1,3
rw24323,2,0
rw24324,2,1
rw24325,1,0
rw24326,0,0
rw24327,2,1
rw24328,1,1
rw24329,2,3
rw2433,0,0
rw24330,0,4
rw24331,2,2
rw24332,2,1
rw24333,0,1
rw24334,1,1
rw24335,1,0
rw24336,1,3
rw24337,1,1
rw24338,1,1
rw24339,1,1
rw2434,1,0
rw24340,2,2
rw24341,0,0
rw24342,0,2
rw24343,2,0
rw24344,0,1
rw24345,1,4
rw24346,1,0
rw24347,2,1
rw24348,1,1
rw24349,1,1
rw2435,1,1
rw24350,2,2
rw24351,2,2
rw24352,0,0
rw24353,0,0
rw24354,0,0
rw24355,0,2
rw24356,1,3
rw24357,1,0
rw24358,0,1
rw24359,1,1
rw2436,1,1
rw24360,1,1
rw24361,1,0
rw24363,0,0
rw24364,0,0
rw24365,1,0
rw24366,1,0
rw24367,1,1
rw24368,0,1
rw24369,0,3
rw2437,1,0
rw24370,1,1
rw24371,1,0
rw24372,1,2
rw24373,2,0
rw24374,2,0
rw24375,0,1
rw24376,0,0
rw24377,2,1
rw24378,1,2
rw24379,1,3
rw2438,1,0
rw24380,0,3
rw24381,0,0
rw24382,2,1
rw24383,1,0
rw24384,1,2
rw24385,1,0
rw24386,1,0
rw24387,2,1
rw24388,0,0
rw24389,0,0
rw2439,5,0
rw24390,0,3
rw24391,1,1
rw24392,1,0
rw24393,1,1
rw24394,2,0
rw24395,1,5
rw24396,0,0
rw24397,0,0
rw24398,0,1
rw24399,3,1
rw2440,1,0
rw24400,2,0
rw24401,0,0
rw24402,3,3
rw24403,2,1
rw24404,1,1
rw24405,1,2
rw24406,1,4
rw24407,0,0
rw24408,1,0
rw24409,1,1
rw2441,2,1
rw24410,1,0
rw24411,1,0
rw24412,0,1
rw24413,3,0
rw24414,2,1
rw24415,0,1
rw24416,2,1
rw24417,1,0
rw24418,0,0
rw24419,0,2
rw2442,0,2
rw24420,0,0
rw24421,1,0
rw24422,2,1
rw24424,1,1
rw24425,1,0
rw24426,2,2
rw24427,1,2
rw24428,2,0
rw24429,0,1
rw2443,0,0
rw24430,1,2
rw24431,1,1
rw24432,1,3
rw24433,1,2
rw24434,1,1
rw24435,1,3
rw24436,2,1
rw24437,1,0
rw24438,0,0
rw24439,1,1
rw2444,0,0
rw24440,0,0
rw24441,1,0
rw24442,1,1
rw24443,2,1
rw24444,1,3
rw24445,2,0
rw24446,0,0
rw24447,0,1
rw24448,2,0
rw24449,1,0
rw2445,1,0
rw24450,1,0
rw24451,3,1
rw24452,0,2
rw24453,1,0
rw24454,3,1
rw24455,1,1
rw24456,1,1
rw24457,0,0
rw24458,0,2
rw24459,1,1
rw2446,0,0
rw24460,3,0
rw24461,2,0
rw24462,0,1
rw24464,2,5
rw24465,2,1
rw24466,1,0
rw24468,1,6
rw24469,2,1
rw2447,2,0
rw24470,0,0
rw24471,0,1
rw24472,1,1
rw24473,0,0
rw24474,0,1
rw24475,1,1
rw24476,1,0
rw24477,2,0
rw24478,1,0
rw24479,1,0
rw2448,1,1
rw24480,1,0
rw24481,1,1
rw24482,1,0
rw24483,1,0
rw24484,3,1
rw24485,2,0
rw24486,1,0
rw24487,1,1
rw24488,2,0
rw24489,0,0
rw2449,1,0
rw24490,2,0
rw24491,0,2
rw24492,0,1
rw24493,2,0
rw24494,2,1
rw24495,3,2
rw24496,0,1
rw24497,4,2
rw24498,1,0
rw24499,1,0
rw2450,0,1
rw24500,2,1
rw24501,1,0
rw24502,1,0
rw24504,1,1
rw24505,0,0
rw24506,1,2
rw24507,1,1
rw24508,2,3
rw24509,1,0
rw2451,2,2
rw24510,2,0
rw24511,1,2
rw24512,1,0
rw24513,0,0
rw24514,1,0
rw24515,1,0
rw24516,2,1
rw24517,1,4
rw24518,2,1
rw24519,1,0
rw2452,1,0
rw24520,4,0
rw24521,0,0
rw24522,2,1
rw24523,1,0
rw24524,0,2
rw24525,0,0
rw24526,1,1
rw24527,2,1
rw24528,0,1
rw2453,0,0
rw24530,3,0
rw24531,2,0
rw24533,0,4
rw24534,1,1
rw24535,2,1
rw24536,1,0
rw24537,0,0
rw24538,3,0
rw24539,1,0
rw2454,0,0
rw24540,1,1
rw24541,2,2
rw24542,2,1
rw24543,2,0
rw24544,0,0
rw24545,1,1
rw24546,2,0
rw24547,0,1
rw24548,2,2
rw24549,1,0
rw2455,3,0
rw24550,1,1
rw24551,0,1
rw24552,0,0
rw24553,7,1
rw24554,0,1
rw24555,1,3
rw24556,0,1
rw24557,1,1
rw24558,0,2
rw24559,0,1
rw2456,2,0
rw24560,2,5
rw24561,0,0
rw24562,1,0
rw24563,0,3
rw24564,1,1
rw24565,1,0
rw24566,3,0
rw24567,1,2
rw24568,0,1
rw24569,0,0
rw2457,1,1
rw24570,2,5
rw24571,1,1
rw24572,0,0
rw24573,0,0
rw24574,1,2
rw24575,0,0
rw24576,2,1
rw24577,1,0
rw24578,2,1
rw24579,1,4
rw2458,0,1
rw24580,1,1
rw24581,0,0
rw24582,3,1
rw24583,1,2
rw24584,0,0
rw24585,1,1
rw24586,0,1
rw24587,0,1
rw24588,0,1
rw24589,3,1
rw2459,1,0
rw24590,3,1
rw24591,0,0
rw24592,1,4
rw24593,0,0
rw24594,0,0
rw24595,1,0
rw24596,1,1
rw24597,1,0
rw24598,0,2
rw24599,0,0
rw2460,0,0
rw24600,1,0
rw24601,2,1
rw24602,0,1
rw24603,0,1
rw24604,0,1
rw24605,0,2
rw24606,1,0
rw24607,0,0
rw24608,0,0
rw24609,1,1
rw2461,1,0
rw24610,0,0
rw24612,0,0
rw24613,0,0
rw24614,3,1
rw24615,0,1
rw24616,0,1
rw24617,0,0
rw24618,1,0
rw24619,0,0
rw2462,0,1
rw24620,0,2
rw24621,3,1
rw24622,4,4
rw24623,3,1
rw24624,2,0
rw24625,2,0
rw24626,0,1
rw24627,1,1
rw24628,0,0
rw24629,3,0
rw2463,0,0
rw24631,2,0
rw24632,2,1
rw24633,1,0
rw24634,1,2
rw24635,1,1
rw24636,2,4
rw24637,2,0
rw24638,0,0
rw24639,1,1
rw2464,0,0
rw24640,1,1
rw24641,1,0
rw24642,1,0
rw24644,0,0
rw24645,2,0
rw24646,0,0
rw24647,0,0
rw24648,2,2
rw24649,1,0
rw2465,2,0
rw24650,0,0
rw24651,0,4
rw24652,0,1
rw24653,0,0
rw24654,1,0
rw24655,1,1
rw24657,0,1
rw24658,1,0
rw24659,0,0
rw2466,4,1
rw24660,2,0
rw24661,5,4
rw24662,2,0
rw24663,0,2
rw24664,2,0
rw24665,0,0
rw24666,0,0
rw24667,0,0
rw24668,1,0
rw24669,2,0
rw2467,0,0
rw24670,2,1
rw24671,3,2
rw24673,3,1
rw24674,3,1
rw24675,0,0
rw24676,1,1
rw24677,0,1
rw24678,0,0
rw24679,1,2
rw2468,1,0
rw24680,1,1
rw24681,1,1
rw24682,0,1
rw24683,1,0
rw24684,1,2
rw24685,1,0
rw24686,0,0
rw24687,1,1
rw24688,1,0
rw24689,0,1
rw24690,0,2
rw24691,3,1
rw24692,0,0
rw24693,1,0
rw24694,2,0
rw24695,1,0
rw24696,2,1
rw24697,1,3
rw24699,1,0
rw2470,1,0
rw24700,1,1
rw24701,0,4
rw24702,0,0
rw24703,2,1
rw24704,0,0
rw24705,2,0
rw24706,0,1
rw24707,0,1
rw24708,2,0
rw24709,3,4
rw2471,0,1
rw24710,1,1
rw24711,2,1
rw24712,2,3
rw24713,0,0
rw24714,0,0
rw24715,3,1
rw24716,0,1
rw24717,0,0
rw24718,1,0
rw24719,2,2
rw2472,1,0
rw24720,3,6
rw24721,2,1
rw24722,0,2
rw24723,2,1
rw24724,0,0
rw24725,1,2
rw24726,1,0
rw24727,2,0
rw24728,3,0
rw24729,0,0
rw2473,0,0
rw24730,1,0
rw24732,1,0
rw24733,1,3
rw24734,1,1
rw24735,2,0
rw24736,1,1
rw24737,2,5
rw24739,0,0
rw2474,0,0
rw24740,0,0
rw24741,1,0
rw24742,1,1
rw24743,1,1
rw24744,0,0
rw24745,0,0
rw24746,2,1
rw24747,1,0
rw24748,1,0
rw24749,1,1
rw2475,2,4
rw24750,0,1
rw24752,1,1
rw24753,0,2
rw24754,0,0
rw24755,2,0
rw24756,2,1
rw24757,1,1
rw24758,3,0
rw24759,4,9
rw2476,0,0
rw24760,2,3
rw24761,2,0
rw24762,1,0
rw24763,1,0
rw24764,1,1
rw24765,1,2
rw24766,0,1
rw24767,1,1
rw24768,1,0
rw24769,2,0
rw2477,0,1
rw24770,3,3
rw24771,1,1
rw24772,0,1
rw24773,2,1
rw24774,0,1
rw24775,0,1
rw24777,1,1
rw24778,0,1
rw24779,1,3
rw2478,1,2
rw24780,0,0
rw24781,2,1
rw24782,1,1
rw24783,2,1
rw24784,1,3
rw24785,1,0
rw24787,1,1
rw24788,1,0
rw24789,2,0
rw2479,0,0
rw24790,2,1
rw24791,2,1
rw24792,0,0
rw24793,3,1
rw24794,2,4
rw24795,2,1
rw24796,0,0
rw24797,1,3
rw24798,1,3
rw24799,0,0
rw2480,2,0
rw24800,1,0
rw24801,0,2
rw24802,3,3
rw24803,1,1
rw24805,2,0
rw24806,2,1
rw24807,0,0
rw24808,2,1
rw24809,2,0
rw2481,0,0
rw24810,0,0
rw24811,1,1
rw24812,3,2
rw24813,0,1
rw24814,0,3
rw24815,3,0
rw24816,3,0
rw24817,0,0
rw24818,0,2
rw24819,2,2
rw2482,3,0
rw24820,0,0
rw24821,0,0
rw24822,1,1
rw24823,0,0
rw24824,0,2
rw24825,0,0
rw24826,2,5
rw24827,0,0
rw24828,6,0
rw24829,6,11
rw2483,3,1
rw24830,1,0
rw24831,1,0
rw24832,4,1
rw24833,1,0
rw24834,1,2
rw24835,1,3
rw24836,2,0
rw24837,2,4
rw24838,0,1
rw24839,2,2
rw2484,0,0
rw24840,0,4
rw24841,2,3
rw24842,1,0
rw24843,1,0
rw24844,0,0
rw24845,2,2
rw24846,0,1
rw24847,1,1
rw24848,0,0
rw24849,1,1
rw2485,1,0
rw24850,1,1
rw24851,0,1
rw24852,2,0
rw24853,3,2
rw24854,1,1
rw24855,2,0
rw24857,1,0
rw24858,1,0
rw24859,0,1
rw2486,2,0
rw24860,2,0
rw24861,1,1
rw24862,1,0
rw24864,0,2
rw24865,0,1
rw24866,2,0
rw24867,1,0
rw24868,1,1
rw24869,1,1
rw2487,2,1
rw24870,1,2
rw24871,1,0
rw24872,0,1
rw24874,1,0
rw24875,3,0
rw24876,0,0
rw24877,0,0
rw24878,3,4
rw24879,0,3
rw2488,1,1
rw24881,1,1
rw24882,2,0
rw24883,0,1
rw24884,2,0
rw24885,1,1
rw24886,0,1
rw24887,4,1
rw24888,1,1
rw24889,1,3
rw2489,0,0
rw24890,0,3
rw24891,1,2
rw24892,1,0
rw24893,1,1
rw24894,1,0
rw24895,2,0
rw24896,2,2
rw24897,2,2
rw24898,3,0
rw24899,2,3
rw2490,0,2
rw24900,1,2
rw24901,2,0
rw24902,7,2
rw24903,1,2
rw24904,2,0
rw24905,2,4
rw24906,1,6
rw24907,1,3
rw24908,3,4
rw24909,1,0
rw2491,3,0
rw24910,2,1
rw24911,0,1
rw24912,1,0
rw24913,0,1
rw24914,1,0
rw24915,1,2
rw24916,1,0
rw24917,6,1
rw24918,0,5
rw24919,4,6
rw2492,2,1
rw24920,3,0
rw24921,1,1
rw24922,3,2
rw24923,7,6
rw24924,0,4
rw24925,0,2
rw24926,3,4
rw24927,1,1
rw24928,0,0
rw24929,1,14
rw2493,1,0
rw24930,1,0
rw24931,0,1
rw24932,0,2
rw24933,4,6
rw24934,4,1
rw24935,2,1
rw24936,1,3
rw24937,0,2
rw24938,3,4
rw24939,3,5
rw2494,1,0
rw24940,4,1
rw24941,2,4
rw24942,4,2
rw24943,0,1
rw24944,0,4
rw24948,0,7
rw24949,4,1
rw2495,1,1
rw24950,1,4
rw24951,1,5
rw24952,3,2
rw24953,1,2
rw24954,5,4
rw24955,0,1
rw24956,5,4
rw24957,0,1
rw24958,2,2
rw24959,1,4
rw2496,1,0
rw24960,4,4
rw24961,1,3
rw24962,4,1
rw24965,4,6
rw24966,0,3
rw24967,2,4
rw24968,2,8
rw24969,0,3
rw2497,2,1
rw24970,3,2
rw24971,3,5
rw24972,3,5
rw24973,3,3
rw24975,3,4
rw24976,1,3
rw24977,4,1
rw24978,0,0
rw24979,0,1
rw2498,2,0
rw24980,0,10
rw24981,1,1
rw24984,1,4
rw24985,4,1
rw24986,3,3
rw24987,0,0
rw24988,1,4
rw24989,4,0
rw2499,2,0
rw24990,1,2
rw24991,1,0
rw24992,1,5
rw24993,3,1
rw24994,1,1
rw24995,1,3
rw24996,1,0
rw24997,3,4
rw24998,1,3
rw2500,1,0
rw25000,2,3
rw25001,1,0
rw25003,2,4
rw25005,0,3
rw25006,2,4
rw25007,2,1
rw25008,0,1
rw25009,3,5
rw2501,0,0
rw25010,2,5
rw25011,1,1
rw25012,1,1
rw25013,1,0
rw25014,3,5
rw25015,3,5
rw25016,2,0
rw25017,1,1
rw25018,3,1
rw25019,0,1
rw2502,1,0
rw25020,3,5
rw25021,0,3
rw25022,2,3
rw25023,1,3
rw25024,1,1
rw25025,1,1
rw25026,0,2
rw25027,2,1
rw25028,2,11
rw25029,1,2
rw25030,1,1
rw25031,1,0
rw25032,1,1
rw25033,1,3
rw25034,2,5
rw25035,3,1
rw25036,1,2
rw25037,0,0
rw25039,2,1
rw2504,0,1
rw25040,2,0
rw25041,1,2
rw25042,3,2
rw25043,3,1
rw25044,0,7
rw25045,2,3
rw25046,1,1
rw25047,0,3
rw25048,1,2
rw25049,0,0
rw2505,0,0
rw25050,0,1
rw25051,1,8
rw25052,2,1
rw25053,2,1
rw25054,2,0
rw25055,1,3
rw25056,0,1
rw25057,2,0
rw25058,1,0
rw25059,4,2
rw2506,2,0
rw25060,0,0
rw25061,0,1
rw25062,1,1
rw25063,0,0
rw25064,1,2
rw25065,1,0
rw25066,1,3
rw25067,0,0
rw25068,3,1
rw25069,2,0
rw25070,1,4
rw25071,2,1
rw25072,2,0
rw25073,0,2
rw25074,1,2
rw25075,2,3
rw25076,2,1
rw25077,2,0
rw25078,2,0
rw25079,1,0
rw2508,1,0
rw25082,1,2
rw25083,0,0
rw25084,1,5
rw25085,0,1
rw25086,3,1
rw25087,2,1
rw25088,0,1
rw25090,0,1
rw25091,3,5
rw25092,8,0
rw25093,2,0
rw25094,3,0
rw25095,1,2
rw25096,2,2
rw25097,1,4
rw25098,3,5
rw25099,2,2
rw2510,2,2
rw25100,0,0
rw25101,2,5
rw25102,2,7
rw25103,2,3
rw25104,0,2
rw25105,1,5
rw25106,1,4
rw25107,3,5
rw25108,1,2
rw25109,2,3
rw2511,3,0
rw25111,3,5
rw25112,2,1
rw25113,2,2
rw25115,3,2
rw25116,1,0
rw25117,1,3
rw25118,0,0
rw25119,1,3
rw2512,1,2
rw25120,2,2
rw25121,2,1
rw25122,2,2
rw25123,1,0
rw25124,2,0
rw25127,2,1
rw25128,1,2
rw25129,3,2
rw2513,1,2
rw25130,0,0
rw25131,2,0
rw25132,2,3
rw25133,2,3
rw25134,2,1
rw25136,0,1
rw25137,0,1
rw25138,2,2
rw25139,1,1
rw2514,1,1
rw25141,1,2
rw25142,1,2
rw25144,0,0
rw25145,2,1
rw25146,0,6
rw25147,2,3
rw25148,2,0
rw25149,1,2
rw2515,1,1
rw25150,2,4
rw25151,1,1
rw25152,2,0
rw25153,0,4
rw25154,0,0
rw25155,0,0
rw25157,2,2
rw25158,1,1
rw25159,0,3
rw2516,1,1
rw25160,3,1
rw25161,1,4
rw25162,1,0
rw25163,1,1
rw25164,2,3
rw25165,2,0
rw25166,2,3
rw25167,0,0
rw25168,1,2
rw25169,0,0
rw2517,3,0
rw25170,0,1
rw25172,0,1
rw25173,2,1
rw25174,2,0
rw25176,1,0
rw25179,3,1
rw2518,1,1
rw25180,2,2
rw25181,1,0
rw25182,1,1
rw25183,2,2
rw25184,0,3
rw25185,2,1
rw25186,2,2
rw25187,1,2
rw25188,0,0
rw25189,1,1
rw2519,0,0
rw25190,1,0
rw25191,0,0
rw25192,1,3
rw25193,1,0
rw25194,2,0
rw25195,0,0
rw25196,2,0
rw25197,2,1
rw25198,1,1
rw25199,1,0
rw2520,1,2
rw25200,0,0
rw25201,0,1
rw25202,1,1
rw25203,2,2
rw25204,0,3
rw25205,0,1
rw25206,1,0
rw25207,0,1
rw25208,3,5
rw25209,0,0
rw2521,1,0
rw25210,3,0
rw25211,1,2
rw25212,0,0
rw25213,0,0
rw25214,0,2
rw25215,1,1
rw25216,3,1
rw25217,2,1
rw25218,1,0
rw25219,1,0
rw2522,2,0
rw25220,4,5
rw25221,3,0
rw25222,1,2
rw25223,1,5
rw25224,0,0
rw25225,1,5
rw25226,0,0
rw25227,2,3
rw25228,0,0
rw25229,0,1
rw2523,0,1
rw25231,0,3
rw25232,3,2
rw25233,1,4
rw25234,1,1
rw25235,0,0
rw25236,0,3
rw25237,0,1
rw25238,1,0
rw25239,1,0
rw2524,0,0
rw25240,2,1
rw25242,3,0
rw25243,1,0
rw25244,0,0
rw25245,1,2
rw25247,1,4
rw25248,2,4
rw25249,0,0
rw2525,1,0
rw25250,0,0
rw25251,2,3
rw25252,0,1
rw25253,2,1
rw25254,0,1
rw25255,2,0
rw25256,0,0
rw25257,2,1
rw25258,1,0
rw25259,1,1
rw2526,1,0
rw25260,0,0
rw25261,1,1
rw25262,0,1
rw25263,2,2
rw25264,2,2
rw25265,1,0
rw25266,3,0
rw25267,2,1
rw25268,0,0
rw25269,1,0
rw2527,1,0
rw25270,2,0
rw25271,2,0
rw25272,1,0
rw25273,1,0
rw25274,1,0
rw25275,3,0
rw25276,1,1
rw25277,0,1
rw25278,1,0
rw25279,1,1
rw2528,1,1
rw25280,0,1
rw25281,1,1
rw25282,1,1
rw25283,0,0
rw25284,3,0
rw25285,1,0
rw25286,1,1
rw25288,1,1
rw25289,1,1
rw2529,0,0
rw25291,2,1
rw25292,0,0
rw25293,1,1
rw25294,2,1
rw25295,0,1
rw25296,1,3
rw25297,0,0
rw25298,1,0
rw25299,2,1
rw2530,1,0
rw25300,2,1
rw25301,0,0
rw25302,1,0
rw25303,2,0
rw25304,0,1
rw25305,2,0
rw25306,0,0
rw25307,0,1
rw25308,1,0
rw25309,3,1
rw2531,1,1
rw25310,2,0
rw25311,1,3
rw25312,0,0
rw25313,3,3
rw25314,1,5
rw25315,1,3
rw25316,0,0
rw25317,2,1
rw25318,1,1
rw25319,1,0
rw2532,1,1
rw25320,0,0
rw25321,0,0
rw25322,1,1
rw25323,2,1
rw25324,0,0
rw25325,3,2
rw25326,0,1
rw25327,1,1
rw25328,0,0
rw25329,1,1
rw2533,0,0
rw25330,0,1
rw25331,2,1
rw25332,1,3
rw25333,2,0
rw25334,2,1
rw25335,2,1
rw25336,3,5
rw25337,1,4
rw25338,3,0
rw25339,3,1
rw2534,2,0
rw25340,1,1
rw25341,2,0
rw25342,1,1
rw25343,2,1
rw25344,3,5
rw25345,0,0
rw25346,2,2
rw25347,0,5
rw25348,1,2
rw25349,0,0
rw2535,1,0
rw25350,1,2
rw25351,0,0
rw25352,0,1
rw25353,0,0
rw25354,1,2
rw25355,0,0
rw25356,1,1
rw25357,1,1
rw25358,2,1
rw25359,0,1
rw2536,0,0
rw25360,0,1
rw25361,1,1
rw25362,1,0
rw25363,2,0
rw25364,1,0
rw25365,1,0
rw25366,0,1
rw25367,3,0
rw25368,2,3
rw25369,1,2
rw2537,1,1
rw25370,0,0
rw25371,1,1
rw25372,1,0
rw25373,0,1
rw25374,1,1
rw25375,0,1
rw25376,2,1
rw25377,1,0
rw25378,0,0
rw25379,0,0
rw2538,1,0
rw25381,2,2
rw25382,0,0
rw25383,1,0
rw25384,0,0
rw25385,0,2
rw25386,0,0
rw25387,2,0
rw25388,2,1
rw25389,3,1
rw2539,1,0
rw25390,0,0
rw25391,0,1
rw25392,1,0
rw25393,1,2
rw25394,2,3
rw25395,2,1
rw25396,1,0
rw25397,1,0
rw25398,0,1
rw25399,0,0
rw2540,2,0
rw25400,3,0
rw25401,1,1
rw25402,1,1
rw25403,1,1
rw25404,0,0
rw25405,2,2
rw25406,5,2
rw25407,0,0
rw25408,2,0
rw25409,2,0
rw2541,1,0
rw25410,0,2
rw25411,1,0
rw25412,2,0
rw25413,0,1
rw25414,2,0
rw25415,0,1
rw25416,0,0
rw25417,2,3
rw25418,5,2
rw25419,2,3
rw2542,1,2
rw25420,1,0
rw25421,1,1
rw25422,1,1
rw25423,0,0
rw25424,0,1
rw25425,2,1
rw25426,2,0
rw25427,0,0
rw25428,2,0
rw25429,0,1
rw2543,2,0
rw25430,0,0
rw25431,1,3
rw25432,1,1
rw25433,0,0
rw25434,0,0
rw25435,1,1
rw25436,4,1
rw25437,0,0
rw25438,1,0
rw25439,0,0
rw2544,2,0
rw25440,2,0
rw25441,0,1
rw25442,2,0
rw25443,0,1
rw25444,0,0
rw25445,0,2
rw25446,0,1
rw25447,1,0
rw25448,0,0
rw25449,1,3
rw2545,5,1
rw25450,1,1
rw25451,1,1
rw25452,2,1
rw25453,2,0
rw25454,1,2
rw25455,1,3
rw25456,0,1
rw25457,0,1
rw25458,4,2
rw25459,0,0
rw2546,0,1
rw25460,3,1
rw25461,0,0
rw25462,2,2
rw25463,1,0
rw25464,2,0
rw25465,0,0
rw25466,1,0
rw25467,0,0
rw25468,1,0
rw25469,1,3
rw25470,1,0
rw25471,1,1
rw25472,1,1
rw25473,1,0
rw25474,1,0
rw25475,2,0
rw25476,0,0
rw25477,2,1
rw25478,2,0
rw25479,0,3
rw2548,0,0
rw25480,1,1
rw25481,1,0
rw25482,0,2
rw25483,0,0
rw25485,1,2
rw25486,1,3
rw25487,1,0
rw25488,0,0
rw25489,0,1
rw2549,1,3
rw25490,0,0
rw25491,0,0
rw25492,0,0
rw25493,0,1
rw25494,1,0
rw25495,1,0
rw25496,1,0
rw25497,1,0
rw25498,1,0
rw25499,1,0
rw2550,0,2
rw25500,1,0
rw25501,1,1
rw25502,1,0
rw25503,1,2
rw25505,0,0
rw25506,1,2
rw25507,1,0
rw25508,1,3
rw25509,0,0
rw2551,2,1
rw25510,0,0
rw25511,2,0
rw25512,0,0
rw25513,1,1
rw25514,1,0
rw25515,1,1
rw25516,3,1
rw25517,2,1
rw25518,1,0
rw25519,1,0
rw2552,0,0
rw25520,0,0
rw25521,1,0
rw25522,1,0
rw25523,1,1
rw25524,3,0
rw25525,0,0
rw25526,0,0
rw25527,1,3
rw25528,1,0
rw25529,0,0
rw2553,0,0
rw25530,0,0
rw25531,1,0
rw25532,2,1
rw25533,1,0
rw25534,1,0
rw25536,0,0
rw25537,1,1
rw25538,1,0
rw25539,0,0
rw2554,2,0
rw25540,0,0
rw25541,0,0
rw25542,0,0
rw25543,1,0
rw25544,0,0
rw25545,0,1
rw25546,1,0
rw25547,1,3
rw25548,2,0
rw25549,0,0
rw2555,0,0
rw25550,0,0
rw25551,1,0
rw25552,0,0
rw25553,1,0
rw25554,0,0
rw25555,0,1
rw25556,0,1
rw25557,0,0
rw25558,1,0
rw25559,0,4
rw2556,1,0
rw25560,1,0
rw25561,1,0
rw25562,0,0
rw25563,2,1
rw25564,1,1
rw25565,0,1
rw25566,0,0
rw25567,0,0
rw25568,0,0
rw25569,0,1
rw2557,1,1
rw25570,3,1
rw25571,0,0
rw25572,1,1
rw25573,1,0
rw25574,1,1
rw25575,1,0
rw25576,0,0
rw25577,2,0
rw25578,1,0
rw25579,1,2
rw2558,0,0
rw25580,0,0
rw25581,0,0
rw25582,2,0
rw25583,0,1
rw25584,2,4
rw25585,0,0
rw25586,0,1
rw25587,1,3
rw25588,2,0
rw25589,1,3
rw2559,0,0
rw25590,0,2
rw25591,1,0
rw25592,0,0
rw25593,2,1
rw25594,0,1
rw25595,0,0
rw25596,0,0
rw25597,0,0
rw25598,1,1
rw25599,0,1
rw2560,0,0
rw25600,1,0
rw25601,2,1
rw25602,1,3
rw25603,0,1
rw25604,2,0
rw25605,0,1
rw25606,2,4
rw25607,1,1
rw25608,0,0
rw25609,1,0
rw2561,2,1
rw25610,1,0
rw25611,0,1
rw25612,1,0
rw25613,1,1
rw25614,1,0
rw25615,2,0
rw25616,1,1
rw25617,1,0
rw25618,0,0
rw25619,0,0
rw2562,1,0
rw25620,0,0
rw25621,0,0
rw25622,1,2
rw25623,0,1
rw25624,1,0
rw25625,0,0
rw25626,0,1
rw25627,1,1
rw25628,1,0
rw25629,0,0
rw2563,0,0
rw25630,0,0
rw25631,0,1
rw25632,1,3
rw25633,0,0
rw25634,1,1
rw25635,0,0
rw25636,0,3
rw25637,0,0
rw25638,1,1
rw2564,0,0
rw25640,1,0
rw25641,0,0
rw25642,1,1
rw25643,1,1
rw25644,1,0
rw25645,1,0
rw25646,3,0
rw25647,2,0
rw25648,1,1
rw25649,1,0
rw2565,3,0
rw25650,2,1
rw25651,1,1
rw25652,0,0
rw25653,1,1
rw25654,1,2
rw25655,1,1
rw25656,1,1
rw25657,1,0
rw25658,0,2
rw25659,0,3
rw2566,2,2
rw25660,0,0
rw25661,0,0
rw25662,0,2
rw25663,1,0
rw25664,1,1
rw25665,0,0
rw25666,0,0
rw25667,0,1
rw25668,0,0
rw25669,0,0
rw2567,1,0
rw25670,0,0
rw25671,0,0
rw25672,1,1
rw25673,2,1
rw25674,1,0
rw25675,1,2
rw25676,1,2
rw25677,0,0
rw25678,0,0
rw25679,0,0
rw2568,4,0
rw25680,1,1
rw25681,1,0
rw25682,1,0
rw25683,0,0
rw25684,1,1
rw25685,0,3
rw25686,1,0
rw25687,0,0
rw25688,1,0
rw25689,1,1
rw2569,1,0
rw25690,1,6
rw25691,1,0
rw25692,2,0
rw25693,1,1
rw25694,1,1
rw25695,1,2
rw25696,1,2
rw25697,0,1
rw25698,2,2
rw25699,0,0
rw2570,1,0
rw25700,0,0
rw25701,1,3
rw25702,1,2
rw25703,2,0
rw25704,0,1
rw25705,1,0
rw25706,0,1
rw25707,1,0
rw25708,0,0
rw25709,3,1
rw2571,1,1
rw25710,0,2
rw25711,2,1
rw25712,3,4
rw25713,0,2
rw25714,4,4
rw25715,3,2
rw25716,2,0
rw25717,0,0
rw25718,2,0
rw25719,1,0
rw2572,2,0
rw25720,2,5
rw25721,1,0
rw25722,2,3
rw25723,2,4
rw25724,4,5
rw25725,1,14
rw25726,1,6
rw25727,0,1
rw25728,3,2
rw25729,0,0
rw2573,1,0
rw25730,1,4
rw25731,2,5
rw25732,1,1
rw25733,1,1
rw25735,1,1
rw25736,3,0
rw25737,0,0
rw25738,9,5
rw25739,3,1
rw2574,0,1
rw25740,0,0
rw25741,1,1
rw25742,1,1
rw25743,0,1
rw25744,1,1
rw25745,2,2
rw25746,1,0
rw25747,2,2
rw25748,2,2
rw25749,2,1
rw2575,1,0
rw25750,0,2
rw25751,2,3
rw25752,3,1
rw25753,0,1
rw25754,0,0
rw25755,2,0
rw25756,0,0
rw25757,3,9
rw25758,5,6
rw25759,1,0
rw25760,1,6
rw25761,0,0
rw25762,1,0
rw25763,0,0
rw25764,1,4
rw25765,1,0
rw25766,0,1
rw25767,3,1
rw25768,3,0
rw25769,0,1
rw2577,1,3
rw25770,0,2
rw25771,2,0
rw25772,0,3
rw25773,1,3
rw25774,2,1
rw25775,1,0
rw25776,2,4
rw25777,6,1
rw25778,2,1
rw25779,2,0
rw2578,0,0
rw25780,4,1
rw25781,1,3
rw25782,0,0
rw25783,0,0
rw25784,0,0
rw25785,0,1
rw25786,3,6
rw25787,0,1
rw25788,2,2
rw25789,2,1
rw2579,3,0
rw25790,1,0
rw25791,1,0
rw25792,0,2
rw25793,0,1
rw25794,1,1
rw25795,1,2
rw25797,1,0
rw25798,5,4
rw25799,0,1
rw2580,0,0
rw25800,3,3
rw25801,1,0
rw25802,0,0
rw25803,1,0
rw25804,3,4
rw25805,1,1
rw25806,4,1
rw25807,0,0
rw25808,0,0
rw25809,1,0
rw2581,0,0
rw25810,1,1
rw25811,0,5
rw25812,0,5
rw25813,0,0
rw25814,0,1
rw25815,4,11
rw25816,0,0
rw25817,2,4
rw25818,1,0
rw25819,3,2
rw2582,1,0
rw25820,1,1
rw25821,2,1
rw25822,2,3
rw25823,1,2
rw25824,3,0
rw25826,2,2
rw25827,2,10
rw25828,0,1
rw25829,0,0
rw2583,1,2
rw25830,2,0
rw25831,1,5
rw25832,1,0
rw25834,2,0
rw25837,1,0
rw25838,4,2
rw25839,1,9
rw2584,3,2
rw25840,0,1
rw25841,1,1
rw25842,1,4
rw25843,3,4
rw25844,2,2
rw25845,2,1
rw25847,1,1
rw25848,1,1
rw25849,1,3
rw2585,0,0
rw25850,0,1
rw25851,2,0
rw25852,1,4
rw25853,0,0
rw25854,1,0
rw25855,0,0
rw25856,0,0
rw25857,0,1
rw25858,1,2
rw25859,2,1
rw2586,1,1
rw25860,2,5
rw25861,0,0
rw25862,2,0
rw25863,0,0
rw25864,1,0
rw25865,2,0
rw25866,1,1
rw25867,0,1
rw25868,1,0
rw25869,0,0
rw2587,0,0
rw25870,1,0
rw25871,1,0
rw25872,5,4
rw25873,1,0
rw25874,0,1
rw25876,4,4
rw25877,0,0
rw25878,2,2
rw25879,1,7
rw2588,1,0
rw25880,3,2
rw25881,0,1
rw25882,1,4
rw25883,3,3
rw25884,6,0
rw25885,3,6
rw25886,1,3
rw25887,2,4
rw25888,1,2
rw25889,1,4
rw2589,0,1
rw25890,2,2
rw25891,4,2
rw25892,3,6
rw25893,1,1
rw25894,1,6
rw25895,3,2
rw25896,2,5
rw25897,4,1
rw25898,3,9
rw25899,9,2
rw2590,3,3
rw25900,3,1
rw25901,2,2
rw25902,5,1
rw25903,1,0
rw25904,3,2
rw25905,3,2
rw25906,3,0
rw25907,0,2
rw25908,2,1
rw25909,1,0
rw2591,2,0
rw25911,2,5
rw25912,2,1
rw25913,1,2
rw25914,6,0
rw25915,0,3
rw25916,0,1
rw25918,2,0
rw25919,1,2
rw2592,2,1
rw25920,7,0
rw25921,0,0
rw25922,2,1
rw25923,4,2
rw25924,0,0
rw25925,0,0
rw25926,1,1
rw25927,1,3
rw25928,1,0
rw25929,1,3
rw2593,1,0
rw25930,2,0
rw25931,0,2
rw25932,2,1
rw25933,4,3
rw25934,1,2
rw25936,0,0
rw25937,0,3
rw25938,2,1
rw25939,1,0
rw2594,1,0
rw25940,2,3
rw25941,2,0
rw25942,1,0
rw25943,2,3
rw25944,2,3
rw25945,1,0
rw25946,2,0
rw25947,8,0
rw25948,1,0
rw25949,2,1
rw2595,0,0
rw25950,0,1
rw25951,0,3
rw25952,3,1
rw25953,1,4
rw25954,6,1
rw25956,3,0
rw25957,0,0
rw25958,0,1
rw25959,3,3
rw2596,0,0
rw25960,2,0
rw25961,1,2
rw25962,0,0
rw25963,4,2
rw25964,1,2
rw25965,5,0
rw25966,0,1
rw25967,2,0
rw25968,2,1
rw25969,1,0
rw2597,1,1
rw25970,2,1
rw25971,1,0
rw25972,0,0
rw25973,1,3
rw25974,2,0
rw25975,2,0
rw25976,1,0
rw25977,0,1
rw25978,0,0
rw25979,1,0
rw2598,1,0
rw25980,3,0
rw25981,1,0
rw25982,1,3
rw25983,1,2
rw25984,0,0
rw25985,3,1
rw25986,1,1
rw25987,1,1
rw25988,1,0
rw25989,0,0
rw2599,1,0
rw25990,0,3
rw25991,2,0
rw25992,0,0
rw25993,3,0
rw25994,1,0
rw25995,1,3
rw25996,2,1
rw25997,0,0
rw25998,1,1
rw25999,2,1
rw2600,2,2
rw26000,2,1
rw26001,2,2
rw26002,0,1
rw26003,0,0
rw26004,2,2
rw26005,2,0
rw26006,2,1
rw26007,2,1
rw26008,1,0
rw26009,1,0
rw2601,2,0
rw26010,1,1
rw26011,1,0
rw26012,3,1
rw26013,2,1
rw26014,1,1
rw26015,1,0
rw26016,3,1
rw26017,1,1
rw26018,1,0
rw26019,3,1
rw2602,0,1
rw26020,3,0
rw26021,1,2
rw26022,2,0
rw26023,0,0
rw26024,0,1
rw26025,0,0
rw26026,0,0
rw26027,0,0
rw26028,5,0
rw26029,0,0
rw2603,0,0
rw26030,1,0
rw26031,2,0
rw26032,1,1
rw26033,2,1
rw26034,2,1
rw26035,3,2
rw26036,3,1
rw26037,2,0
rw26038,0,0
rw26039,1,1
rw2604,3,0
rw26040,0,0
rw26041,4,0
rw26042,2,0
rw26043,0,0
rw26044,1,3
rw26045,0,0
rw26046,1,2
rw26047,0,0
rw26048,0,0
rw26049,0,0
rw2605,2,1
rw26050,1,0
rw26051,1,0
rw26052,1,0
rw26053,1,0
rw26054,2,1
rw26055,0,0
rw26056,2,2
rw26057,0,0
rw26058,1,0
rw26059,0,0
rw2606,1,3
rw26060,2,1
rw26061,1,1
rw26062,1,1
rw26063,2,0
rw26064,0,0
rw26065,0,0
rw26066,0,0
rw26067,0,0
rw26068,1,4
rw26069,3,0
rw2607,1,1
rw26070,2,1
rw26071,0,0
rw26072,0,0
rw26073,1,1
rw26074,3,1
rw26075,0,0
rw26076,2,1
rw26077,2,2
rw2608,3,0
rw2609,1,1
rw2610,2,3
rw2611,2,2
rw2612,0,0
rw2613,1,1
rw2615,0,1
rw2616,2,0
rw2617,0,1
rw2618,0,0
rw2619,0,1
rw2620,1,0
rw2621,0,0
rw2622,2,1
rw2623,1,3
rw2624,3,1
rw2625,1,1
rw2626,0,2
rw2627,2,0
rw2628,1,1
rw2629,2,1
rw2630,0,1
rw2631,0,1
rw2632,0,1
rw2633,0,0
rw2634,0,0
rw2635,0,1
rw2636,1,1
rw2637,0,2
rw2638,0,0
rw2639,2,0
rw2640,1,0
rw2641,0,0
rw2642,0,0
rw2643,3,0
rw2644,2,0
rw2645,1,0
rw2646,2,0
rw2648,1,1
rw2649,0,1
rw2650,0,1
rw2651,1,0
rw2652,2,1
rw2653,1,0
rw2654,1,1
rw2655,0,0
rw2656,1,1
rw2657,2,0
rw2658,1,1
rw2659,1,1
rw2660,2,0
rw2661,0,0
rw2662,1,0
rw2663,2,0
rw2664,1,2
rw2665,2,1
rw2666,4,3
rw2667,2,0
rw2668,0,1
rw2669,1,0
rw2670,0,0
rw2671,2,0
rw2672,0,1
rw2673,0,1
rw2674,2,1
rw2675,0,1
rw2676,2,0
rw2677,0,2
rw2678,0,0
rw2679,0,0
rw2680,0,1
rw2681,0,1
rw2682,0,0
rw2683,1,1
rw2684,3,1
rw2685,0,0
rw2686,2,0
rw2687,3,1
rw2688,1,1
rw2689,0,0
rw2690,1,2
rw2691,2,0
rw2692,3,1
rw2693,1,0
rw2694,0,2
rw2695,1,1
rw2696,1,0
rw2697,0,0
rw2698,1,0
rw2699,1,1
rw2700,3,2
rw2701,1,1
rw2702,2,1
rw2703,0,1
rw2704,0,0
rw2705,2,1
rw2706,0,0
rw2707,0,0
rw2708,0,1
rw2709,3,0
rw2710,1,0
rw2711,2,1
rw2712,0,1
rw2713,1,0
rw2714,0,0
rw2715,0,0
rw2716,2,1
rw2717,0,1
rw2718,1,3
rw2719,0,2
rw2720,1,1
rw2721,0,0
rw2722,2,0
rw2723,2,0
rw2724,0,1
rw2725,0,1
rw2726,3,1
rw2727,0,0
rw2728,0,2
rw2729,2,1
rw2730,2,0
rw2731,1,2
rw2732,0,0
rw2733,1,2
rw2734,0,2
rw2735,0,0
rw2736,0,0
rw2737,1,1
rw2738,1,0
rw2740,0,3
rw2741,3,0
rw2742,1,0
rw2743,0,1
rw2744,0,0
rw2745,1,0
rw2746,1,1
rw2747,1,0
rw2748,0,1
rw2749,2,0
rw2750,1,0
rw2751,1,0
rw2752,1,1
rw2753,0,0
rw2754,2,1
rw2755,1,0
rw2756,0,0
rw2758,1,1
rw2759,0,2
rw2760,1,0
rw2761,1,0
rw2762,2,0
rw2763,0,0
rw2764,1,0
rw2765,0,1
rw2766,1,0
rw2768,1,1
rw2769,0,0
rw2770,0,1
rw2771,0,0
rw2772,0,1
rw2773,0,1
rw2774,2,0
rw2775,1,1
rw2776,2,1
rw2777,1,1
rw2779,1,0
rw2780,2,4
rw2781,1,0
rw2782,0,0
rw2783,0,0
rw2784,0,0
rw2785,1,1
rw2786,3,0
rw2787,1,1
rw2788,1,1
rw2789,1,1
rw2790,0,1
rw2791,2,1
rw2792,2,0
rw2793,1,1
rw2794,0,4
rw2795,3,2
rw2796,0,1
rw2797,1,1
rw2799,0,0
rw2800,2,1
rw2801,2,2
rw2802,2,0
rw2803,3,0
rw2804,2,0
rw2805,1,0
rw2806,0,3
rw2807,1,1
rw2808,0,2
rw2809,0,0
rw2810,0,0
rw2811,3,1
rw2812,2,3
rw2813,0,0
rw2814,0,0
rw2815,0,1
rw2816,0,1
rw2817,1,0
rw2818,1,1
rw2819,0,0
rw2820,1,0
rw2821,0,1
rw2822,2,1
rw2823,1,0
rw2824,1,1
rw2825,1,1
rw2826,1,2
rw2827,1,0
rw2828,0,0
rw2829,1,0
rw2830,2,2
rw2832,0,0
rw2833,1,0
rw2834,1,0
rw2835,2,1
rw2836,1,0
rw2837,2,0
rw2838,0,0
rw2839,0,1
rw2840,0,1
rw2841,0,1
rw2842,2,0
rw2843,0,0
rw2844,1,0
rw2845,1,0
rw2846,2,0
rw2847,1,0
rw2848,0,0
rw2849,0,0
rw2850,0,0
rw2851,1,0
rw2852,1,1
rw2853,2,1
rw2854,0,0
rw2855,0,0
rw2856,1,0
rw2857,0,0
rw2858,1,1
rw2859,0,0
rw2860,1,0
rw2861,0,1
rw2862,1,1
rw2863,1,1
rw2864,0,0
rw2865,1,0
rw2866,0,0
rw2867,0,0
rw2868,2,1
rw2869,0,0
rw2870,3,0
rw2871,0,0
rw2872,1,1
rw2873,0,1
rw2874,2,0
rw2875,1,0
rw2876,1,1
rw2877,0,1
rw2878,0,0
rw2879,1,0
rw2880,0,0
rw2881,0,0
rw2882,2,3
rw2883,0,0
rw2884,3,0
rw2885,1,0
rw2886,0,0
rw2887,1,1
rw2888,1,0
rw2889,1,0
rw2890,0,2
rw2891,0,0
rw2892,0,0
rw2893,1,1
rw2894,0,0
rw2895,0,0
rw2896,2,0
rw2897,0,1
rw2898,0,0
rw2899,3,2
rw2900,1,1
rw2901,0,1
rw2902,1,0
rw2903,1,0
rw2904,0,0
rw2905,0,1
rw2906,0,0
rw2907,1,0
rw2908,0,0
rw2909,0,0
rw2910,1,0
rw2911,0,1
rw2912,0,0
rw2913,0,0
rw2914,1,0
rw2915,0,1
rw2916,0,0
rw2917,1,0
rw2918,1,0
rw2919,1,1
rw2920,1,5
rw2921,0,1
rw2922,2,1
rw2923,2,3
rw2924,1,0
rw2925,1,0
rw2926,0,0
rw2927,0,1
rw2928,1,1
rw2929,1,0
rw2930,0,1
rw2931,1,0
rw2932,0,0
rw2933,1,0
rw2934,0,0
rw2936,0,0
rw2937,0,0
rw2938,0,0
rw2939,2,0
rw2940,0,0
rw2941,1,0
rw2942,0,0
rw2943,0,0
rw2944,1,2
rw2945,0,1
rw2946,1,1
rw2947,1,1
rw2948,0,0
rw2949,0,0
rw2950,2,0
rw2951,1,1
rw2952,0,1
rw2953,1,1
rw2954,1,0
rw2955,0,0
rw2956,0,2
rw2957,0,0
rw2958,0,0
rw2959,1,0
rw2960,1,0
rw2961,2,0
rw2962,0,0
rw2963,3,0
rw2964,2,1
rw2965,1,1
rw2966,0,1
rw2967,0,1
rw2968,0,1
rw2969,3,0
rw2970,0,1
rw2971,0,2
rw2972,0,0
rw2973,0,0
rw2974,2,0
rw2975,0,0
rw2976,0,1
rw2977,0,0
rw2978,0,1
rw2979,0,0
rw2980,0,3
rw2981,0,0
rw2982,0,0
rw2983,0,0
rw2984,0,0
rw2985,0,0
rw2986,0,0
rw2987,2,1
rw2988,0,0
rw2989,0,0
rw2990,1,1
rw2991,1,1
rw2992,2,1
rw2993,1,4
rw2994,1,1
rw2995,0,0
rw2996,3,3
rw2997,1,2
rw2998,0,1
rw2999,1,1
rw3000,0,1
rw3001,1,1
rw3002,2,0
rw3003,0,1
rw3004,1,1
rw3005,1,0
rw3006,2,2
rw3007,2,2
rw3009,2,1
rw3010,1,0
rw3011,0,0
rw3012,1,0
rw3013,0,0
rw3014,0,2
rw3015,1,0
rw3016,1,1
rw3017,0,0
rw3018,0,0
rw3019,3,1
rw3020,2,0
rw3021,0,1
rw3022,0,1
rw3023,1,2
rw3024,1,1
rw3025,1,0
rw3026,1,1
rw3027,2,1
rw3028,2,3
rw3029,2,0
rw3030,1,3
rw3031,0,1
rw3032,1,0
rw3033,0,0
rw3034,1,2
rw3035,1,0
rw3036,2,0
rw3037,0,0
rw3038,2,4
rw3039,2,0
rw3040,1,2
rw3041,0,0
rw3042,0,0
rw3043,0,0
rw3044,1,1
rw3045,3,1
rw3046,0,0
rw3047,2,4
rw3048,0,0
rw3049,1,0
rw3050,3,1
rw3051,0,3
rw3052,1,0
rw3053,0,1
rw3054,1,1
rw3055,2,1
rw3056,0,0
rw3057,0,0
rw3058,1,0
rw3059,2,0
rw3060,2,3
rw3061,3,1
rw3062,1,0
rw3063,3,0
rw3064,2,3
rw3065,0,0
rw3066,1,0
rw3067,1,0
rw3068,1,1
rw3069,1,2
rw3070,1,4
rw3071,0,1
rw3072,1,2
rw3073,0,0
rw3074,17,8
rw3075,1,2
rw3076,1,0
rw3077,1,1
rw3078,2,2
rw3079,2,2
rw3081,0,1
rw3082,2,0
rw3083,1,0
rw3084,3,1
rw3085,0,0
rw3086,2,0
rw3087,0,1
rw3088,1,5
rw3089,1,0
rw3090,1,0
rw3091,0,0
rw3092,0,0
rw3093,1,0
rw3094,0,1
rw3095,0,1
rw3096,1,0
rw3097,0,1
rw3098,0,1
rw3099,4,3
rw3100,0,0
rw3101,2,0
rw3102,0,0
rw3104,5,9
rw3105,2,2
rw3106,1,1
rw3107,1,0
rw3108,2,1
rw3109,2,3
rw3110,1,0
rw3111,0,1
rw3112,1,0
rw3113,0,1
rw3114,2,0
rw3115,3,0
rw3116,0,0
rw3117,1,1
rw3118,2,1
rw3119,2,0
rw3120,2,1
rw3121,3,4
rw3122,0,0
rw3123,1,0
rw3124,2,0
rw3125,3,1
rw3126,1,2
rw3127,3,0
rw3128,1,0
rw3129,1,0
rw3130,1,0
rw3131,2,0
rw3132,1,2
rw3133,0,0
rw3134,0,1
rw3135,0,0
rw3136,0,0
rw3137,0,4
rw3138,1,0
rw3139,1,2
rw3140,0,0
rw3141,0,0
rw3142,1,0
rw3143,3,3
rw3144,1,1
rw3145,1,2
rw3146,0,0
rw3147,2,3
rw3148,1,1
rw3149,0,1
rw3150,0,0
rw3151,1,1
rw3152,0,0
rw3153,1,4
rw3154,1,0
rw3155,0,0
rw3156,0,0
rw3157,2,0
rw3158,2,1
rw3159,4,2
rw3160,0,0
rw3161,1,0
rw3162,0,0
rw3163,1,1
rw3164,1,1
rw3165,0,0
rw3166,1,0
rw3167,3,0
rw3168,0,0
rw3169,0,0
rw3171,0,1
rw3172,2,0
rw3173,2,2
rw3174,1,1
rw3175,1,2
rw3176,1,0
rw3177,2,3
rw3179,1,1
rw3180,2,2
rw3181,0,0
rw3182,1,0
rw3183,1,0
rw3184,2,1
rw3185,1,0
rw3187,0,4
rw3188,3,1
rw3189,0,1
rw3190,2,1
rw3191,1,0
rw3192,4,0
rw3193,0,1
rw3194,0,0
rw3195,2,0
rw3196,1,2
rw3197,1,1
rw3199,1,1
rw3200,2,1
rw3201,2,1
rw3202,1,0
rw3203,0,1
rw3204,0,2
rw3207,1,0
rw3208,1,0
rw3209,0,0
rw3210,2,0
rw3211,0,0
rw3212,2,0
rw3213,0,1
rw3214,0,2
rw3215,1,0
rw3216,1,1
rw3217,2,1
rw3218,3,1
rw3219,3,1
rw3220,0,0
rw3221,0,0
rw3222,2,0
rw3223,2,1
rw3224,0,0
rw3225,2,1
rw3226,1,4
rw3227,0,0
rw3228,2,1
rw3229,0,0
rw3230,1,2
rw3231,2,3
rw3232,2,3
rw3233,2,0
rw3234,3,5
rw3235,0,2
rw3236,2,0
rw3237,1,1
rw3238,0,1
rw3239,1,0
rw3240,0,2
rw3241,2,0
rw3242,2,2
rw3243,0,0
rw3244,2,1
rw3245,3,0
rw3246,2,3
rw3247,0,0
rw3248,3,1
rw3249,0,0
rw3250,0,1
rw3251,3,5
rw3252,1,2
rw3254,1,0
rw3256,2,0
rw3257,1,0
rw3258,1,1
rw3259,0,1
rw3260,2,1
rw3261,1,2
rw3262,3,2
rw3263,0,0
rw3264,2,0
rw3265,1,1
rw3266,0,1
rw3267,2,1
rw3268,1,3
rw3269,3,4
rw3270,0,0
rw3271,2,0
rw3272,1,5
rw3273,0,1
rw3274,1,0
rw3275,1,2
rw3276,2,0
rw3277,1,1
rw3278,1,0
rw3279,1,2
rw3280,2,0
rw3281,2,1
rw3282,3,1
rw3283,0,1
rw3284,0,2
rw3285,1,1
rw3286,1,4
rw3287,0,1
rw3288,0,1
rw3289,2,0
rw3290,0,0
rw3291,2,2
rw3292,1,1
rw3293,1,0
rw3294,0,0
rw3295,1,3
rw3296,0,0
rw3297,0,2
rw3298,2,2
rw3299,3,2
rw3300,0,0
rw3301,0,2
rw3302,1,0
rw3303,0,0
rw3304,2,0
rw3305,0,1
rw3306,1,0
rw3307,1,0
rw3308,1,0
rw3309,0,0
rw3310,0,0
rw3311,0,0
rw3312,2,0
rw3313,3,1
rw3314,0,5
rw3315,3,2
rw3316,2,1
rw3317,0,0
rw3318,0,0
rw3319,1,0
rw3320,1,0
rw3321,2,2
rw3322,0,1
rw3323,3,2
rw3324,1,1
rw3325,0,0
rw3326,4,1
rw3327,0,0
rw3328,3,0
rw3329,2,1
rw3330,3,0
rw3331,2,0
rw3332,1,4
rw3333,1,0
rw3334,1,3
rw3335,0,1
rw3336,1,1
rw3337,1,0
rw3338,2,2
rw3339,1,3
rw3340,2,0
rw3341,1,1
rw3342,0,1
rw3343,2,1
rw3344,1,2
rw3345,0,0
rw3346,2,2
rw3347,1,1
rw3348,0,0
rw3349,1,2
rw3350,1,0
rw3351,3,1
rw3352,2,1
rw3353,1,1
rw3354,2,1
rw3355,1,1
rw3356,1,3
rw3357,3,0
rw3359,0,3
rw3360,1,0
rw3361,3,1
rw3362,1,0
rw3363,1,0
rw3364,1,2
rw3365,2,2
rw3366,1,0
rw3367,0,0
rw3368,0,0
rw3369,0,1
rw3370,1,0
rw3371,1,0
rw3372,0,0
rw3373,1,0
rw3374,1,0
rw3375,1,1
rw3376,3,2
rw3377,3,1
rw3378,0,1
rw3379,0,2
rw3380,2,0
rw3381,0,0
rw3382,2,0
rw3383,3,0
rw3384,4,1
rw3385,0,1
rw3386,0,0
rw3387,1,0
rw3388,1,0
rw3389,1,1
rw3390,1,1
rw3391,0,0
rw3392,0,1
rw3393,1,2
rw3394,0,2
rw3395,0,0
rw3396,2,0
rw3397,0,0
rw3398,1,0
rw3399,0,1
rw3400,3,2
rw3401,0,0
rw3402,0,1
rw3403,0,1
rw3404,0,0
rw3405,0,2
rw3406,1,1
rw3407,2,1
rw3408,1,1
rw3409,1,0
rw3410,1,2
rw3411,0,0
rw3412,1,0
rw3413,0,1
rw3414,0,2
rw3416,4,2
rw3417,1,1
rw3418,0,2
rw3419,3,0
rw3420,1,1
rw3421,0,1
rw3422,1,2
rw3423,0,1
rw3424,2,0
rw3426,2,0
rw3427,2,3
rw3428,0,2
rw3429,0,1
rw3430,7,6
rw3431,1,9
rw3432,1,0
rw3433,1,3
rw3434,1,0
rw3435,2,1
rw3436,1,2
rw3437,2,0
rw3438,1,1
rw3439,0,0
rw3440,9,2
rw3441,0,3
rw3442,3,1
rw3443,1,1
rw3444,3,2
rw3445,0,3
rw3446,2,8
rw3447,5,1
rw3448,1,0
rw3449,1,3
rw3450,1,4
rw3451,2,4
rw3452,1,4
rw3453,3,9
rw3454,1,3
rw3455,1,0
rw3456,1,2
rw3457,3,1
rw3458,3,5
rw3459,4,5
rw3460,1,1
rw3461,0,5
rw3462,3,6
rw3463,5,7
rw3465,1,1
rw3466,2,5
rw3467,1,6
rw3468,4,5
rw3469,2,2
rw3470,1,5
rw3471,2,0
rw3472,5,6
rw3473,1,5
rw3474,3,0
rw3475,1,2
rw3476,5,4
rw3477,6,4
rw3478,1,2
rw3479,1,3
rw3480,4,1
rw3481,0,2
rw3482,1,4
rw3484,3,4
rw3485,2,1
rw3486,0,3
rw3487,3,0
rw3488,0,2
rw3490,5,2
rw3491,2,1
rw3492,2,0
rw3493,3,0
rw3494,2,1
rw3495,1,6
rw3496,3,1
rw3497,2,0
rw3498,0,4
rw3499,0,1
rw3500,0,1
rw3501,3,2
rw3502,2,0
rw3503,0,1
rw3504,2,2
rw3505,1,1
rw3506,2,0
rw3508,2,2
rw3509,4,1
rw3510,2,1
rw3511,1,2
rw3512,0,0
rw3513,0,0
rw3514,5,2
rw3515,1,5
rw3516,1,2
rw3517,2,3
rw3518,3,2
rw3519,2,0
rw3520,2,3
rw3521,1,2
rw3522,1,1
rw3523,3,0
rw3524,0,0
rw3525,1,1
rw3526,0,1
rw3527,4,5
rw3528,2,2
rw3529,3,0
rw3530,2,0
rw3531,1,1
rw3532,2,1
rw3533,0,0
rw3534,2,3
rw3535,0,4
rw3536,6,1
rw3537,2,5
rw3538,0,0
rw3539,1,4
rw3540,1,1
rw3541,3,2
rw3542,2,3
rw3543,0,0
rw3545,3,1
rw3546,2,1
rw3548,3,3
rw3551,4,1
rw3552,2,1
rw3553,2,1
rw3554,2,3
rw3555,1,0
rw3556,2,2
rw3557,1,0
rw3558,0,2
rw3559,5,1
rw3560,2,1
rw3561,1,2
rw3562,1,1
rw3564,1,0
rw3565,0,2
rw3566,3,0
rw3567,1,1
rw3568,1,2
rw3569,1,0
rw3570,2,0
rw3571,1,0
rw3572,0,2
rw3573,3,1
rw3574,2,1
rw3576,0,5
rw3577,2,1
rw3578,1,0
rw3579,3,1
rw3580,2,2
rw3581,4,0
rw3582,4,0
rw3583,2,0
rw3584,2,1
rw3585,1,1
rw3586,2,1
rw3587,0,1
rw3588,1,0
rw3589,5,4
rw3590,3,0
rw3591,2,2
rw3592,2,1
rw3593,2,1
rw3594,1,0
rw3595,5,1
rw3596,1,0
rw3597,1,2
rw3598,0,0
rw3599,2,2
rw3600,0,1
rw3601,3,0
rw3602,1,0
rw3603,1,1
rw3604,1,4
rw3605,0,2
rw3606,2,2
rw3607,1,2
rw3608,3,0
rw3609,1,2
rw3610,2,1
rw3611,0,5
rw3612,3,3
rw3613,1,1
rw3614,2,0
rw3615,1,1
rw3616,1,1
rw3617,1,2
rw3618,0,1
rw3619,1,0
rw3620,1,0
rw3621,1,0
rw3622,0,1
rw3623,3,0
rw3624,2,1
rw3625,1,0
rw3626,2,0
rw3627,0,1
rw3628,0,1
rw3629,1,1
rw3630,1,2
rw3631,3,0
rw3633,0,0
rw3634,2,1
rw3635,3,1
rw3636,0,0
rw3637,0,0
rw3638,3,0
rw3639,0,0
rw3640,0,0
rw3641,1,0
rw3642,3,2
rw3643,0,0
rw3644,1,1
rw3645,1,0
rw3646,2,0
rw3647,2,0
rw3648,2,0
rw3649,1,3
rw3650,1,1
rw3651,1,0
rw3652,1,1
rw3653,1,0
rw3654,2,1
rw3655,0,1
rw3656,1,0
rw3658,3,1
rw3659,1,2
rw3661,0,1
rw3662,2,2
rw3663,1,1
rw3664,0,1
rw3665,2,1
rw3666,1,2
rw3667,1,2
rw3668,4,1
rw3669,1,0
rw3670,0,2
rw3671,2,0
rw3672,1,1
rw3673,0,2
rw3674,2,3
rw3675,2,1
rw3676,2,3
rw3677,2,0
rw3678,1,2
rw3679,0,0
rw3680,0,1
rw3681,2,0
rw3682,1,0
rw3683,0,1
rw3684,1,4
rw3685,0,4
rw3686,0,1
rw3687,1,0
rw3688,0,2
rw3689,0,2
rw3690,2,3
rw3691,0,0
rw3692,1,2
rw3693,1,0
rw3694,2,0
rw3695,2,1
rw3696,1,0
rw3697,0,2
rw3698,1,2
rw3699,0,0
rw3700,0,2
rw3701,0,0
rw3702,2,3
rw3703,1,0
rw3704,0,4
rw3705,3,2
rw3706,0,0
rw3707,0,0
rw3708,1,2
rw3709,3,0
rw3711,3,2
rw3712,1,3
rw3713,1,0
rw3714,0,2
rw3715,3,1
rw3716,0,2
rw3717,1,1
rw3718,1,0
rw3719,0,1
rw3720,2,0
rw3721,1,1
rw3722,0,0
rw3723,0,0
rw3724,1,2
rw3725,1,1
rw3726,0,0
rw3727,0,2
rw3728,1,0
rw3729,0,0
rw3730,2,2
rw3731,0,0
rw3732,1,1
rw3733,0,1
rw3734,0,0
rw3735,0,0
rw3736,2,0
rw3737,1,0
rw3738,0,0
rw3739,0,3
rw3740,1,2
rw3741,0,0
rw3742,2,1
rw3743,1,0
rw3744,2,1
rw3745,0,1
rw3746,3,0
rw3747,0,1
rw3748,0,2
rw3749,0,2
rw3750,1,3
rw3751,0,1
rw3752,1,0
rw3753,3,1
rw3754,1,0
rw3755,2,0
rw3756,1,0
rw3757,1,1
rw3758,5,0
rw3759,0,0
rw3760,3,0
rw3761,1,1
rw3762,1,1
rw3763,1,0
rw3765,1,1
rw3766,1,0
rw3767,2,0
rw3768,4,3
rw3769,0,2
rw3770,1,0
rw3771,1,2
rw3772,0,0
rw3773,0,2
rw3774,1,3
rw3775,1,0
rw3776,2,0
rw3777,1,0
rw3778,1,2
rw3779,0,1
rw3780,0,0
rw3781,0,0
rw3782,1,0
rw3783,2,2
rw3784,0,0
rw3785,0,0
rw3786,0,0
rw3787,1,1
rw3788,1,0
rw3789,1,0
rw3790,1,1
rw3791,0,1
rw3792,0,0
rw3793,1,1
rw3794,1,1
rw3795,2,1
rw3796,1,0
rw3797,2,0
rw3798,1,1
rw3799,4,2
rw3800,0,0
rw3801,0,1
rw3802,1,3
rw3803,0,2
rw3804,1,0
rw3805,1,0
rw3806,1,0
rw3807,0,0
rw3808,1,1
rw3809,2,0
rw3810,0,1
rw3811,1,1
rw3812,1,1
rw3813,1,0
rw3814,1,2
rw3815,2,0
rw3816,1,0
rw3817,2,0
rw3818,2,0
rw3819,1,0
rw3820,0,2
rw3822,3,2
rw3823,1,0
rw3824,1,0
rw3825,1,2
rw3826,0,0
rw3827,0,1
rw3828,2,0
rw3829,0,0
rw3830,0,0
rw3831,2,0
rw3832,1,1
rw3833,3,0
rw3834,1,0
rw3835,0,2
rw3836,1,5
rw3837,1,0
rw3838,2,0
rw3839,1,0
rw3840,0,3
rw3841,1,1
rw3842,0,0
rw3843,1,1
rw3844,0,0
rw3845,0,0
rw3846,1,2
rw3847,1,0
rw3848,0,0
rw3849,2,1
rw3850,1,2
rw3851,2,1
rw3852,0,1
rw3853,2,2
rw3854,1,0
rw3855,0,0
rw3856,0,0
rw3857,0,0
rw3858,0,1
rw3859,0,5
rw3860,1,0
rw3861,0,0
rw3862,0,0
rw3863,2,0
rw3864,2,0
rw3865,1,0
rw3866,2,0
rw3867,1,0
rw3868,0,0
rw3869,0,0
rw3870,0,0
rw3871,2,1
rw3872,2,0
rw3873,2,0
rw3874,1,0
rw3875,0,1
rw3876,1,1
rw3877,0,0
rw3878,2,0
rw3879,0,0
rw3880,0,0
rw3881,0,0
rw3882,1,2
rw3883,2,0
rw3884,1,2
rw3885,1,0
rw3886,3,4
rw3887,2,0
rw3888,0,0
rw3889,0,0
rw3890,1,0
rw3891,1,0
rw3892,0,1
rw3893,2,1
rw3894,1,0
rw3895,1,0
rw3896,1,1
rw3897,1,0
rw3898,2,2
rw3899,0,0
rw3900,1,0
rw3901,0,1
rw3902,0,0
rw3903,0,2
rw3904,0,0
rw3905,1,0
rw3906,1,0
rw3907,1,1
rw3908,1,1
rw3909,1,0
rw3910,3,1
rw3911,2,1
rw3912,0,0
rw3913,1,1
rw3914,0,0
rw3915,0,1
rw3916,1,0
rw3917,2,0
rw3918,0,0
rw3919,3,0
rw3920,0,1
rw3921,0,0
rw3922,0,1
rw3923,0,0
rw3924,1,0
rw3925,1,0
rw3926,0,1
rw3927,2,2
rw3928,1,2
rw3929,0,3
rw3930,0,1
rw3931,1,0
rw3932,1,2
rw3933,0,0
rw3934,0,1
rw3935,3,1
rw3936,0,0
rw3937,1,2
rw3938,0,0
rw3939,0,0
rw3940,0,0
rw3941,0,0
rw3942,0,0
rw3943,1,0
rw3944,1,0
rw3945,0,0
rw3946,1,1
rw3947,1,2
rw3948,2,2
rw3949,0,0
rw3950,0,1
rw3951,2,2
rw3952,0,0
rw3953,1,1
rw3954,1,1
rw3955,1,0
rw3956,2,0
rw3957,0,1
rw3958,1,1
rw3959,0,0
rw3960,0,0
rw3961,0,0
rw3962,1,0
rw3963,1,1
rw3964,1,0
rw3965,2,0
rw3966,0,0
rw3967,0,0
rw3968,0,0
rw3969,1,0
rw3970,0,0
rw3971,2,1
rw3972,1,1
rw3973,1,0
rw3974,1,1
rw3975,0,0
rw3976,0,0
rw3977,1,1
rw3978,4,3
rw3979,2,0
rw3980,1,0
rw3981,1,2
rw3982,1,0
rw3983,0,0
rw3984,1,0
rw3985,0,0
rw3986,2,1
rw3987,1,0
rw3988,0,0
rw3989,1,1
rw3990,0,0
rw3991,3,0
rw3992,1,3
rw3993,0,0
rw3994,0,0
rw3995,0,0
rw3996,1,0
rw3997,0,2
rw3998,0,0
rw3999,1,0
rw4000,1,1
rw4001,0,0
rw4002,0,0
rw4003,0,1
rw4004,0,0
rw4005,1,0
rw4006,0,0
rw4007,1,1
rw4008,2,2
rw4009,0,3
rw4010,1,0
rw4011,1,0
rw4012,1,0
rw4013,0,1
rw4014,0,0
rw4015,1,0
rw4016,0,0
rw4017,1,1
rw4018,1,1
rw4019,2,1
rw4020,0,0
rw4021,0,1
rw4022,1,0
rw4023,1,2
rw4024,0,0
rw4025,2,1
rw4026,3,3
rw4027,1,0
rw4028,3,9
rw4029,0,0
rw4030,1,1
rw4031,1,1
rw4032,3,4
rw4033,0,0
rw4034,1,0
rw4035,2,0
rw4036,4,4
rw4037,0,0
rw4038,0,1
rw4039,0,2
rw4040,1,0
rw4041,1,1
rw4042,1,0
rw4043,1,0
rw4044,2,5
rw4045,1,0
rw4047,1,0
rw4048,0,1
rw4049,1,2
rw4050,1,0
rw4051,2,2
rw4052,0,0
rw4053,5,7
rw4054,0,0
rw4055,1,1
rw4056,0,0
rw4057,2,1
rw4058,1,0
rw4059,1,2
rw4060,1,1
rw4061,0,0
rw4062,1,1
rw4063,0,2
rw4064,1,1
rw4065,0,0
rw4066,1,2
rw4067,2,0
rw4068,3,1
rw4069,0,0
rw4070,4,1
rw4071,1,1
rw4072,2,0
rw4073,3,0
rw4074,0,3
rw4075,0,1
rw4076,2,1
rw4077,2,2
rw4078,1,2
rw4079,1,3
rw4080,1,1
rw4081,1,0
rw4082,3,2
rw4083,3,1
rw4084,9,2
rw4085,1,2
rw4086,0,1
rw4087,1,0
rw4088,0,1
rw4089,2,1
rw4090,0,1
rw4091,1,2
rw4092,0,0
rw4093,1,0
rw4095,3,0
rw4096,2,0
rw4097,1,2
rw4098,1,1
rw4099,1,0
rw4100,0,1
rw4102,1,0
rw4103,0,0
rw4104,1,1
rw4105,0,0
rw4106,1,3
rw4107,2,2
rw4108,1,1
rw4109,2,1
rw4110,2,1
rw4111,0,0
rw4112,1,5
rw4113,1,0
rw4114,3,0
rw4115,0,0
rw4116,1,1
rw4117,2,0
rw4118,0,0
rw4119,1,1
rw4120,1,0
rw4121,1,1
rw4122,2,0
rw4123,1,1
rw4124,1,0
rw4125,1,2
rw4126,0,0
rw4127,1,0
rw4128,1,0
rw4129,0,0
rw4130,1,0
rw4131,0,0
rw4132,1,0
rw4133,0,1
rw4134,0,1
rw4135,0,0
rw4136,0,5
rw4137,2,0
rw4138,0,1
rw4139,2,1
rw4140,2,0
rw4142,2,0
rw4143,0,0
rw4144,1,1
rw4145,1,2
rw4146,0,0
rw4147,1,0
rw4148,3,0
rw4149,0,1
rw4150,0,0
rw4151,0,3
rw4152,1,0
rw4153,4,2
rw4154,0,1
rw4155,2,0
rw4156,3,1
rw4157,1,0
rw4158,1,0
rw4159,2,0
rw4160,2,1
rw4161,2,0
rw4163,0,1
rw4164,2,1
rw4165,2,0
rw4166,0,0
rw4168,2,0
rw4169,2,0
rw4170,1,0
rw4171,1,1
rw4172,1,0
rw4173,0,0
rw4174,1,0
rw4175,0,0
rw4176,3,1
rw4177,2,0
rw4178,0,1
rw4179,2,0
rw4180,3,1
rw4181,1,0
rw4182,1,0
rw4183,1,1
rw4184,1,2
rw4185,3,0
rw4186,0,0
rw4187,0,1
rw4188,2,0
rw4189,1,0
rw4190,0,0
rw4191,0,0
rw4192,1,1
rw4193,8,5
rw4194,1,0
rw4195,1,0
rw4196,0,1
rw4197,1,1
rw4198,1,0
rw4199,0,0
rw4200,2,1
rw4201,1,0
rw4202,1,1
rw4203,1,0
rw4204,1,0
rw4205,0,1
rw4206,1,1
rw4207,0,1
rw4208,1,2
rw4209,2,0
rw4210,0,0
rw4211,1,2
rw4212,0,2
rw4213,2,4
rw4214,2,0
rw4215,1,0
rw4216,0,0
rw4217,0,1
rw4218,0,0
rw4219,2,1
rw4220,0,0
rw4221,1,0
rw4222,0,0
rw4223,1,1
rw4224,1,0
rw4225,0,1
rw4226,0,0
rw4227,0,0
rw4228,1,0
rw4229,2,0
rw4230,1,0
rw4231,1,0
rw4232,0,3
rw4233,1,1
rw4234,2,0
rw4235,0,0
rw4236,0,1
rw4237,1,0
rw4238,1,0
rw4239,1,0
rw4240,1,0
rw4241,1,0
rw4242,1,1
rw4243,0,1
rw4244,2,1
rw4245,2,1
rw4246,0,2
rw4247,2,0
rw4248,2,0
rw4249,0,0
rw4250,0,2
rw4251,0,0
rw4252,1,1
rw4253,0,0
rw4254,0,0
rw4255,1,1
rw4256,0,1
rw4257,2,1
rw4258,2,0
rw4259,1,0
rw4260,1,0
rw4261,3,3
rw4262,2,0
rw4263,1,1
rw4264,2,2
rw4265,3,0
rw4266,1,0
rw4267,1,0
rw4268,3,3
rw4269,2,2
rw4270,0,0
rw4271,0,2
rw4272,1,0
rw4273,1,1
rw4274,0,4
rw4275,1,0
rw4276,2,0
rw4277,3,0
rw4278,1,0
rw4279,1,0
rw4280,1,1
rw4281,1,0
rw4283,0,4
rw4284,0,0
rw4285,0,1
rw4286,1,0
rw4287,1,0
rw4288,1,0
rw4290,2,0
rw4291,0,1
rw4292,1,0
rw4293,2,2
rw4294,1,1
rw4297,1,1
rw4298,0,0
rw4299,2,3
rw4300,1,1
rw4302,1,2
rw4304,0,1
rw4305,1,3
rw4306,1,2
rw4308,2,1
rw4309,0,1
rw4310,1,0
rw4311,1,0
rw4312,1,1
rw4313,2,0
rw4314,2,1
rw4315,0,0
rw4316,3,0
rw4317,0,0
rw4318,0,1
rw4319,0,0
rw4320,1,1
rw4321,1,1
rw4322,1,0
rw4323,1,2
rw4324,1,0
rw4325,2,3
rw4326,2,0
rw4327,1,1
rw4328,0,0
rw4329,2,2
rw4330,0,1
rw4331,1,0
rw4332,1,0
rw4333,0,2
rw4334,0,1
rw4335,0,0
rw4336,1,3
rw4337,2,0
rw4338,0,0
rw4339,1,1
rw4340,1,0
rw4341,3,0
rw4342,1,2
rw4343,2,0
rw4344,1,1
rw4345,1,0
rw4346,0,0
rw4347,2,1
rw4348,2,0
rw4349,0,0
rw4351,1,0
rw4352,1,0
rw4353,0,2
rw4354,0,0
rw4355,2,1
rw4356,2,0
rw4357,1,0
rw4358,1,1
rw4359,0,1
rw4360,1,0
rw4361,1,2
rw4362,2,0
rw4364,1,0
rw4365,2,1
rw4366,1,3
rw4367,1,2
rw4368,0,0
rw4369,1,0
rw4370,1,0
rw4371,1,0
rw4372,0,1
rw4373,1,0
rw4374,0,1
rw4375,1,0
rw4377,1,2
rw4378,4,1
rw4379,0,0
rw4380,2,0
rw4381,0,1
rw4382,1,1
rw4383,1,0
rw4384,2,0
rw4385,1,0
rw4386,2,0
rw4387,2,1
rw4388,1,1
rw4390,0,0
rw4391,0,0
rw4392,0,1
rw4393,2,0
rw4394,0,0
rw4397,0,0
rw4398,0,1
rw4399,1,1
rw4400,0,0
rw4401,1,1
rw4402,0,1
rw4403,8,2
rw4404,2,2
rw4405,2,0
rw4406,0,1
rw4408,0,0
rw4409,1,1
rw4410,3,1
rw4411,2,0
rw4412,2,0
rw4413,1,0
rw4414,3,5
rw4415,2,1
rw4416,1,1
rw4417,1,1
rw4418,2,0
rw4419,3,1
rw4420,2,0
rw4421,2,1
rw4422,0,0
rw4423,1,0
rw4424,2,0
rw4425,0,0
rw4426,1,0
rw4427,1,1
rw4428,1,1
rw4430,0,0
rw4431,0,1
rw4432,2,0
rw4433,0,0
rw4434,1,1
rw4435,1,1
rw4436,0,0
rw4437,2,1
rw4438,1,2
rw4439,4,0
rw4440,2,1
rw4441,1,1
rw4442,1,2
rw4444,0,0
rw4445,1,1
rw4446,1,0
rw4447,1,0
rw4448,0,0
rw4449,0,1
rw4450,2,0
rw4451,0,1
rw4452,1,1
rw4453,2,0
rw4455,0,1
rw4456,0,0
rw4457,0,0
rw4458,1,0
rw4459,1,1
rw4460,0,0
rw4461,0,0
rw4462,0,0
rw4463,0,0
rw4464,0,1
rw4465,2,2
rw4466,1,2
rw4467,2,0
rw4468,0,1
rw4469,0,2
rw4470,1,1
rw4471,0,1
rw4472,0,1
rw4473,0,1
rw4474,2,2
rw4475,0,0
rw4476,2,1
rw4477,1,0
rw4478,0,1
rw4479,2,1
rw4480,1,1
rw4481,1,4
rw4482,1,1
rw4483,1,1
rw4484,0,1
rw4485,2,1
rw4486,1,2
rw4487,3,2
rw4488,3,0
rw4489,0,0
rw4490,1,0
rw4491,2,0
rw4492,1,1
rw4493,1,0
rw4494,1,4
rw4495,2,0
rw4496,0,0
rw4497,1,2
rw4498,1,2
rw4499,1,0
rw4501,1,0
rw4502,2,0
rw4503,2,1
rw4504,1,0
rw4505,1,1
rw4506,1,1
rw4507,0,0
rw4508,2,0
rw4509,2,2
rw4510,3,3
rw4511,4,2
rw4512,2,0
rw4513,2,2
rw4514,0,1
rw4515,0,0
rw4516,1,0
rw4517,0,0
rw4518,1,2
rw4519,1,2
rw4520,0,2
rw4521,0,1
rw4522,2,0
rw4523,1,0
rw4524,1,2
rw4525,1,1
rw4526,0,0
rw4527,2,1
rw4528,1,2
rw4529,1,0
rw4531,2,0
rw4532,0,0
rw4533,0,0
rw4534,0,1
rw4535,1,0
rw4536,1,1
rw4537,1,0
rw4538,3,2
rw4539,0,0
rw4540,0,1
rw4541,0,0
rw4542,3,1
rw4543,1,1
rw4544,1,1
rw4545,1,1
rw4546,2,2
rw4547,1,0
rw4548,2,1
rw4549,0,1
rw4550,0,0
rw4551,1,0
rw4552,1,5
rw4553,2,0
rw4554,1,1
rw4555,1,0
rw4556,0,0
rw4557,0,1
rw4558,2,1
rw4559,1,0
rw4560,1,1
rw4561,2,1
rw4562,0,0
rw4564,0,0
rw4565,0,0
rw4566,1,1
rw4567,1,0
rw4568,1,3
rw4569,0,0
rw4570,0,0
rw4571,1,0
rw4572,1,1
rw4573,2,0
rw4574,0,1
rw4575,1,1
rw4576,0,0
rw4577,0,1
rw4578,1,3
rw4579,1,0
rw4580,1,0
rw4581,2,1
rw4582,0,0
rw4583,1,2
rw4584,1,0
rw4585,1,0
rw4586,1,3
rw4587,1,0
rw4588,2,5
rw4589,0,0
rw4590,2,0
rw4591,0,2
rw4592,0,0
rw4593,0,0
rw4594,4,2
rw4595,0,0
rw4596,2,0
rw4597,0,0
rw4598,0,1
rw4599,1,1
rw4600,2,0
rw4601,0,0
rw4602,0,0
rw4604,1,1
rw4605,1,0
rw4606,1,0
rw4607,0,0
rw4608,1,0
rw4609,1,0
rw4610,1,0
rw4611,1,2
rw4612,2,1
rw4614,2,0
rw4615,1,0
rw4616,1,1
rw4617,1,2
rw4618,3,0
rw4619,0,1
rw4620,1,1
rw4621,0,0
rw4622,0,0
rw4623,1,0
rw4624,1,1
rw4625,1,0
rw4626,0,0
rw4627,0,0
rw4628,1,0
rw4629,2,1
rw4630,1,3
rw4631,2,0
rw4632,1,1
rw4633,1,0
rw4634,1,0
rw4635,3,0
rw4636,1,1
rw4637,1,0
rw4638,0,1
rw4639,1,0
rw4640,3,1
rw4641,2,1
rw4642,1,0
rw4643,1,0
rw4644,2,1
rw4645,1,1
rw4646,1,0
rw4647,2,0
rw4648,1,2
rw4649,0,2
rw4650,2,0
rw4651,1,0
rw4652,1,2
rw4653,0,1
rw4654,1,0
rw4656,1,1
rw4657,1,1
rw4658,1,0
rw4659,2,1
rw4660,1,1
rw4661,2,2
rw4662,1,0
rw4663,2,1
rw4664,0,0
rw4665,1,1
rw4666,1,0
rw4667,0,0
rw4668,4,0
rw4669,2,0
rw4670,1,3
rw4671,2,1
rw4672,0,0
rw4673,0,0
rw4674,1,0
rw4675,0,0
rw4676,1,2
rw4677,0,0
rw4678,0,2
rw4679,5,0
rw4680,0,1
rw4681,0,1
rw4682,1,0
rw4683,2,0
rw4684,1,0
rw4685,2,0
rw4686,3,1
rw4687,1,1
rw4688,1,0
rw4689,0,0
rw4690,1,1
rw4691,0,0
rw4692,1,0
rw4693,0,0
rw4694,0,1
rw4695,0,0
rw4696,2,1
rw4697,0,0
rw4698,0,0
rw4699,0,3
rw4700,0,0
rw4701,2,2
rw4702,5,0
rw4703,2,0
rw4704,3,3
rw4705,3,0
rw4706,1,0
rw4707,2,0
rw4708,2,1
rw4709,2,3
rw4710,0,0
rw4711,0,2
rw4712,2,0
rw4713,1,1
rw4714,0,1
rw4715,0,2
rw4716,1,1
rw4717,1,0
rw4718,1,0
rw4719,1,1
rw4720,1,0
rw4721,1,1
rw4722,0,0
rw4723,0,0
rw4724,1,0
rw4725,0,0
rw4726,1,0
rw4727,2,1
rw4728,1,1
rw4729,3,0
rw4730,1,0
rw4731,0,2
rw4732,1,1
rw4733,1,0
rw4734,1,0
rw4735,1,2
rw4736,0,0
rw4737,0,1
rw4738,0,1
rw4739,1,0
rw4740,0,1
rw4741,0,0
rw4742,0,1
rw4743,0,1
rw4744,1,5
rw4745,3,3
rw4746,0,5
rw4747,2,0
rw4748,1,2
rw4749,1,0
rw4750,4,3
rw4751,0,0
rw4752,1,0
rw4753,2,1
rw4754,4,1
rw4755,0,1
rw4756,1,0
rw4757,0,1
rw4758,1,0
rw4759,1,1
rw4760,2,1
rw4761,1,1
rw4762,1,0
rw4763,1,0
rw4764,3,0
rw4765,0,1
rw4766,2,2
rw4767,1,1
rw4768,2,1
rw4769,0,0
rw4770,0,1
rw4771,1,2
rw4772,1,1
rw4773,1,0
rw4774,1,0
rw4776,3,2
rw4777,1,1
rw4778,3,0
rw4779,1,0
rw4780,0,0
rw4781,0,0
rw4782,1,0
rw4783,1,0
rw4784,1,3
rw4785,1,0
rw4786,1,0
rw4787,1,0
rw4788,3,1
rw4789,1,0
rw4791,1,0
rw4792,0,1
rw4793,0,0
rw4794,1,1
rw4796,1,0
rw4797,1,0
rw4798,2,3
rw4799,2,0
rw4800,1,0
rw4801,0,0
rw4802,1,0
rw4803,1,1
rw4804,0,2
rw4805,0,1
rw4806,2,1
rw4807,0,1
rw4808,0,0
rw4809,1,0
rw4810,1,0
rw4811,0,0
rw4812,0,2
rw4813,0,0
rw4814,2,1
rw4815,0,0
rw4816,0,0
rw4817,1,0
rw4818,1,0
rw4820,1,0
rw4821,2,0
rw4822,0,1
rw4823,1,0
rw4824,0,6
rw4825,2,1
rw4826,0,1
rw4827,1,1
rw4829,8,6
rw4830,0,0
rw4831,1,1
rw4832,2,1
rw4833,2,1
rw4834,1,0
rw4835,0,0
rw4836,2,1
rw4837,1,1
rw4838,0,0
rw4839,1,1
rw4840,1,0
rw4841,2,1
rw4842,0,0
rw4843,0,0
rw4844,1,1
rw4845,2,1
rw4846,0,1
rw4847,1,5
rw4848,1,1
rw4849,2,0
rw4850,0,1
rw4851,0,1
rw4852,2,0
rw4853,0,0
rw4854,1,1
rw4855,1,0
rw4856,0,0
rw4857,1,0
rw4858,2,0
rw4859,1,0
rw4860,1,1
rw4861,5,5
rw4862,0,1
rw4863,1,0
rw4864,0,0
rw4865,0,0
rw4866,1,0
rw4867,0,0
rw4868,0,0
rw4869,2,0
rw4870,1,0
rw4871,2,1
rw4872,1,0
rw4873,0,0
rw4874,1,1
rw4875,1,0
rw4876,2,2
rw4877,2,2
rw4878,0,0
rw4879,1,0
rw4880,0,0
rw4881,4,2
rw4882,1,0
rw4883,1,0
rw4884,1,1
rw4885,0,0
rw4886,1,3
rw4887,0,1
rw4888,0,0
rw4889,1,1
rw4890,1,0
rw4891,0,1
rw4892,0,0
rw4893,0,1
rw4894,1,4
rw4895,0,1
rw4896,1,1
rw4897,1,0
rw4898,1,0
rw4899,1,0
rw4900,3,0
rw4901,1,1
rw4902,0,0
rw4903,2,2
rw4904,3,3
rw4905,2,1
rw4906,1,0
rw4907,2,0
rw4908,1,2
rw4909,0,1
rw4910,0,0
rw4911,2,0
rw4912,1,0
rw4913,1,1
rw4914,1,1
rw4915,1,0
rw4916,3,0
rw4917,0,0
rw4918,2,1
rw4919,1,0
rw4920,0,0
rw4921,2,0
rw4922,0,2
rw4923,2,0
rw4924,1,1
rw4925,0,3
rw4926,1,0
rw4927,0,0
rw4928,1,0
rw4929,2,1
rw4930,2,1
rw4931,0,1
rw4932,0,1
rw4933,0,1
rw4934,1,0
rw4935,0,0
rw4936,1,0
rw4937,0,2
rw4938,0,0
rw4939,1,0
rw4940,1,0
rw4941,0,0
rw4942,3,0
rw4943,1,3
rw4944,1,3
rw4945,2,0
rw4946,0,0
rw4947,1,1
rw4948,0,0
rw4949,0,1
rw4950,1,1
rw4951,0,0
rw4952,1,2
rw4953,1,1
rw4954,0,0
rw4955,1,0
rw4956,2,2
rw4957,0,2
rw4958,0,1
rw4959,2,1
rw4960,1,0
rw4962,2,0
rw4963,0,1
rw4964,1,2
rw4965,1,2
rw4966,0,0
rw4967,2,0
rw4968,1,1
rw4969,2,0
rw4970,2,1
rw4971,0,0
rw4972,3,1
rw4973,1,4
rw4974,2,3
rw4975,4,3
rw4976,0,1
rw4977,3,1
rw4978,1,5
rw4979,3,0
rw4980,1,4
rw4981,0,1
rw4982,1,1
rw4983,1,1
rw4984,1,0
rw4985,1,2
rw4986,0,2
rw4987,0,0
rw4988,1,0
rw4989,0,0
rw4990,2,0
rw4991,3,0
rw4992,1,1
rw4993,2,0
rw4994,1,0
rw4996,0,0
rw4997,0,0
rw4998,0,3
rw4999,0,1
rw5000,0,0
rw5001,0,2
rw5002,2,5
rw5003,1,0
rw5004,0,0
rw5005,0,0
rw5006,0,0
rw5007,0,0
rw5008,0,1
rw5009,2,1
rw5010,4,1
rw5011,2,0
rw5012,2,1
rw5013,2,0
rw5014,0,0
rw5015,2,0
rw5017,1,0
rw5019,1,1
rw5020,1,0
rw5021,1,0
rw5022,6,3
rw5023,1,0
rw5024,0,0
rw5025,0,0
rw5026,0,0
rw5027,2,0
rw5028,1,0
rw5029,0,1
rw5030,1,0
rw5031,0,0
rw5032,1,0
rw5033,1,0
rw5034,1,0
rw5035,1,0
rw5036,1,1
rw5037,2,1
rw5038,0,1
rw5039,0,0
rw5040,0,0
rw5041,0,0
rw5042,0,0
rw5043,1,1
rw5044,4,1
rw5045,1,0
rw5046,1,1
rw5047,0,0
rw5049,1,0
rw5050,1,2
rw5051,0,1
rw5052,2,0
rw5053,0,1
rw5054,1,0
rw5055,2,1
rw5056,0,1
rw5057,1,3
rw5058,2,1
rw5059,3,0
rw5061,0,1
rw5062,0,0
rw5063,0,1
rw5064,0,0
rw5065,2,1
rw5066,0,0
rw5068,1,1
rw5069,1,1
rw5070,1,0
rw5071,1,2
rw5072,0,1
rw5073,2,1
rw5074,1,2
rw5076,1,0
rw5077,2,3
rw5078,2,1
rw5079,3,0
rw5080,2,0
rw5081,0,1
rw5082,2,1
rw5083,1,0
rw5084,1,1
rw5085,2,0
rw5086,1,1
rw5087,1,1
rw5088,3,2
rw5089,0,1
rw5090,0,0
rw5091,1,3
rw5092,0,1
rw5093,1,0
rw5094,0,1
rw5095,0,2
rw5096,0,1
rw5097,1,1
rw5098,1,1
rw5099,1,4
rw5100,0,0
rw5101,3,0
rw5102,2,1
rw5103,1,1
rw5104,0,3
rw5105,0,0
rw5106,2,0
rw5108,2,2
rw5109,0,1
rw5110,0,0
rw5111,2,2
rw5112,0,1
rw5113,2,1
rw5114,1,1
rw5115,1,0
rw5116,0,0
rw5117,2,0
rw5118,3,2
rw5119,1,0
rw5120,0,0
rw5121,0,0
rw5122,3,1
rw5123,0,0
rw5124,2,1
rw5125,2,0
rw5126,0,0
rw5127,0,1
rw5128,1,0
rw5129,2,2
rw5130,0,0
rw5131,0,2
rw5132,4,1
rw5133,0,1
rw5134,0,0
rw5135,2,2
rw5136,0,0
rw5137,0,0
rw5138,1,0
rw5139,1,0
rw5140,0,0
rw5141,0,0
rw5142,0,0
rw5143,1,0
rw5144,1,2
rw5145,1,1
rw5146,1,0
rw5147,1,0
rw5148,1,1
rw5149,0,0
rw5150,0,1
rw5151,2,0
rw5152,1,0
rw5153,4,2
rw5155,1,1
rw5156,1,4
rw5157,3,1
rw5158,1,0
rw5159,2,0
rw5160,2,1
rw5161,0,0
rw5162,1,2
rw5163,0,0
rw5164,1,1
rw5165,1,1
rw5166,1,0
rw5167,0,0
rw5168,1,1
rw5170,1,0
rw5171,1,0
rw5172,0,0
rw5173,1,1
rw5175,0,0
rw5176,1,2
rw5177,2,1
rw5178,1,0
rw5179,3,1
rw5180,1,2
rw5181,0,3
rw5182,0,1
rw5183,4,0
rw5184,0,0
rw5185,1,0
rw5186,4,0
rw5188,2,1
rw5189,1,1
rw5190,0,0
rw5191,1,3
rw5192,0,1
rw5193,3,0
rw5194,0,1
rw5195,2,2
rw5196,0,2
rw5197,0,1
rw5198,2,3
rw5199,1,1
rw5200,3,4
rw5201,0,0
rw5203,2,1
rw5204,1,1
rw5205,0,1
rw5206,1,10
rw5207,0,0
rw5208,0,1
rw5209,1,0
rw5210,3,0
rw5211,7,5
rw5212,1,3
rw5213,1,1
rw5214,1,1
rw5215,1,1
rw5216,1,0
rw5217,3,1
rw5218,1,1
rw5219,2,0
rw5220,0,0
rw5221,2,0
rw5222,2,0
rw5224,2,1
rw5225,1,1
rw5226,3,7
rw5227,0,2
rw5228,1,0
rw5229,0,0
rw5230,3,1
rw5231,1,0
rw5232,1,3
rw5233,1,0
rw5234,1,0
rw5235,1,0
rw5236,2,1
rw5237,0,0
rw5238,1,0
rw5239,0,1
rw5240,0,0
rw5241,2,0
rw5242,0,0
rw5243,0,2
rw5244,0,5
rw5245,1,0
rw5247,0,1
rw5248,0,0
rw5249,0,0
rw5250,1,0
rw5251,2,0
rw5252,2,1
rw5253,0,0
rw5254,2,0
rw5255,0,1
rw5256,1,3
rw5257,1,0
rw5258,0,0
rw5259,1,0
rw5260,3,0
rw5262,0,1
rw5263,3,4
rw5264,1,1
rw5265,3,2
rw5266,1,0
rw5267,1,0
rw5268,2,0
rw5269,0,0
rw5270,1,1
rw5271,0,0
rw5272,1,0
rw5273,3,0
rw5274,1,1
rw5275,0,0
rw5276,2,0
rw5277,0,0
rw5278,0,1
rw5280,1,2
rw5281,1,1
rw5282,2,1
rw5283,1,2
rw5284,5,2
rw5285,1,0
rw5286,1,0
rw5287,1,1
rw5288,0,2
rw5289,2,0
rw5290,1,0
rw5291,2,1
rw5292,2,0
rw5293,0,1
rw5294,1,1
rw5295,0,0
rw5296,0,0
rw5297,1,0
rw5298,1,0
rw5299,0,2
rw5300,1,1
rw5301,3,0
rw5302,0,1
rw5303,1,1
rw5304,1,1
rw5305,1,3
rw5306,0,1
rw5307,9,0
rw5308,0,0
rw5309,0,2
rw5310,0,1
rw5311,1,1
rw5312,0,1
rw5313,1,0
rw5314,0,0
rw5315,0,2
rw5316,1,0
rw5317,0,1
rw5318,0,1
rw5320,2,3
rw5321,0,0
rw5322,2,0
rw5323,1,0
rw5324,1,1
rw5325,0,6
rw5326,1,0
rw5327,0,0
rw5328,0,0
rw5329,2,0
rw5330,0,0
rw5331,0,1
rw5332,0,1
rw5333,1,3
rw5334,2,0
rw5335,0,0
rw5336,0,0
rw5337,0,2
rw5338,1,0
rw5339,1,0
rw5340,0,1
rw5341,0,1
rw5342,0,3
rw5343,1,0
rw5344,5,4
rw5345,5,1
rw5346,1,4
rw5347,0,3
rw5348,2,5
rw5349,1,2
rw5350,1,2
rw5351,1,1
rw5352,1,1
rw5353,2,0
rw5354,3,2
rw5356,3,2
rw5357,2,2
rw5358,2,1
rw5359,4,2
rw5360,1,1
rw5361,1,4
rw5362,0,11
rw5363,3,3
rw5364,1,1
rw5365,1,0
rw5366,5,2
rw5367,2,2
rw5368,0,2
rw5369,5,2
rw5370,2,1
rw5371,0,1
rw5373,2,0
rw5374,0,0
rw5375,0,1
rw5377,2,3
rw5378,1,2
rw5379,4,4
rw5380,2,3
rw5381,1,7
rw5382,3,1
rw5383,2,4
rw5384,2,2
rw5385,1,2
rw5386,1,0
rw5387,3,1
rw5388,5,2
rw5389,3,1
rw5390,0,2
rw5391,2,2
rw5392,4,4
rw5393,2,1
rw5394,1,2
rw5395,4,5
rw5396,2,4
rw5398,2,5
rw5399,5,0
rw5400,0,2
rw5402,4,2
rw5403,1,1
rw5405,2,1
rw5406,4,2
rw5407,2,3
rw5408,5,4
rw5409,3,2
rw5410,4,8
rw5411,1,5
rw5412,0,1
rw5413,2,0
rw5414,1,0
rw5415,0,1
rw5416,1,2
rw5417,3,2
rw5418,1,2
rw5419,2,0
rw5420,3,0
rw5421,1,1
rw5422,6,4
rw5423,1,3
rw5424,3,1
rw5425,1,1
rw5426,1,2
rw5427,1,2
rw5428,2,1
rw5429,0,2
rw5430,2,1
rw5431,1,4
rw5432,4,1
rw5433,1,3
rw5434,6,6
rw5435,1,1
rw5436,2,1
rw5437,3,2
rw5438,2,1
rw5439,1,2
rw5440,0,7
rw5441,2,0
rw5442,2,4
rw5443,2,0
rw5444,4,4
rw5445,2,0
rw5446,1,2
rw5447,2,1
rw5448,1,13
rw5449,1,7
rw5450,1,2
rw5451,3,1
rw5452,2,2
rw5453,2,1
rw5455,1,2
rw5456,0,2
rw5457,0,0
rw5458,3,0
rw5459,1,1
rw5460,5,3
rw5461,2,2
rw5462,2,3
rw5463,0,2
rw5464,2,2
rw5465,3,1
rw5466,0,1
rw5467,2,4
rw5469,2,1
rw5470,5,2
rw5471,4,2
rw5472,8,1
rw5473,0,0
rw5474,2,2
rw5475,5,1
rw5476,2,2
rw5478,1,4
rw5479,0,3
rw5480,6,3
rw5481,1,0
rw5482,4,3
rw5483,0,2
rw5484,2,2
rw5485,1,5
rw5486,1,5
rw5487,3,0
rw5488,0,0
rw5489,2,6
rw5490,4,0
rw5491,1,3
rw5492,2,0
rw5493,2,2
rw5494,3,1
rw5495,2,0
rw5496,2,7
rw5497,0,1
rw5498,0,0
rw5500,3,1
rw5501,2,3
rw5502,3,3
rw5503,1,1
rw5504,0,0
rw5505,0,3
rw5506,2,3
rw5507,2,2
rw5508,0,0
rw5509,0,1
rw5510,2,0
rw5511,2,3
rw5512,4,0
rw5513,4,5
rw5514,2,0
rw5515,1,2
rw5516,4,0
rw5517,2,2
rw5518,3,2
rw5519,2,3
rw5520,3,2
rw5521,4,0
rw5523,0,2
rw5524,3,1
rw5525,2,2
rw5526,4,1
rw5527,3,3
rw5528,2,0
rw5529,1,0
rw5530,1,0
rw5531,2,2
rw5532,0,1
rw5534,1,2
rw5535,4,0
rw5536,0,0
rw5537,2,0
rw5538,1,1
rw5539,1,4
rw5540,1,0
rw5541,2,1
rw5542,0,0
rw5543,2,1
rw5544,2,1
rw5545,0,5
rw5546,1,6
rw5547,0,3
rw5548,0,2
rw5549,1,2
rw5550,1,1
rw5551,0,0
rw5552,1,2
rw5553,1,1
rw5554,5,6
rw5555,2,1
rw5556,3,3
rw5558,1,0
rw5559,1,3
rw5560,3,0
rw5561,3,0
rw5562,0,0
rw5563,2,3
rw5564,0,0
rw5565,0,0
rw5566,2,0
rw5567,2,1
rw5568,1,3
rw5569,0,1
rw5570,5,1
rw5572,1,0
rw5573,0,4
rw5575,3,2
rw5576,2,1
rw5577,1,1
rw5578,0,3
rw5579,6,1
rw5580,3,1
rw5581,1,0
rw5582,2,7
rw5583,1,2
rw5584,2,1
rw5585,3,4
rw5586,1,6
rw5587,5,0
rw5588,0,3
rw5589,0,3
rw5590,3,0
rw5591,6,1
rw5592,2,1
rw5593,3,2
rw5594,3,5
rw5596,1,3
rw5597,1,0
rw5598,0,0
rw5599,0,1
rw5600,4,1
rw5601,2,1
rw5602,3,0
rw5603,4,2
rw5604,2,3
rw5605,0,3
rw5607,2,5
rw5608,2,2
rw5610,4,1
rw5611,0,1
rw5612,1,0
rw5613,0,2
rw5614,5,1
rw5615,1,0
rw5616,1,1
rw5617,0,1
rw5619,1,2
rw5620,0,3
rw5621,2,2
rw5622,3,0
rw5623,0,1
rw5624,2,2
rw5625,0,3
rw5626,0,4
rw5627,2,0
rw5628,0,1
rw5629,3,0
rw5630,2,1
rw5631,0,2
rw5633,2,1
rw5634,1,5
rw5635,3,2
rw5636,2,1
rw5637,3,0
rw5638,0,1
rw5639,2,3
rw5640,0,1
rw5641,2,0
rw5642,1,2
rw5643,0,0
rw5644,6,0
rw5645,1,2
rw5646,2,0
rw5647,0,3
rw5648,0,0
rw5649,2,4
rw5650,2,0
rw5651,0,1
rw5652,0,0
rw5653,1,0
rw5654,0,0
rw5656,3,0
rw5657,0,2
rw5658,0,0
rw5659,2,3
rw5660,0,0
rw5661,1,2
rw5662,2,1
rw5663,1,0
rw5664,2,1
rw5665,2,2
rw5666,3,0
rw5667,2,2
rw5668,3,1
rw5670,3,4
rw5671,0,1
rw5672,4,1
rw5673,2,2
rw5674,0,3
rw5675,1,0
rw5676,2,3
rw5677,3,0
rw5678,3,3
rw5679,2,2
rw5680,0,1
rw5681,2,3
rw5682,4,0
rw5683,1,0
rw5684,0,0
rw5685,3,1
rw5686,0,4
rw5687,5,0
rw5688,4,0
rw5689,1,0
rw5690,1,0
rw5691,2,1
rw5692,2,1
rw5693,0,5
rw5694,1,1
rw5695,0,1
rw5696,2,6
rw5697,2,2
rw5698,1,2
rw5699,1,3
rw5700,5,0
rw5701,0,0
rw5702,3,1
rw5703,3,0
rw5704,1,1
rw5705,2,0
rw5706,0,3
rw5707,1,0
rw5708,4,0
rw5709,2,0
rw5710,2,1
rw5711,3,3
rw5712,1,2
rw5713,1,0
rw5714,2,0
rw5715,0,0
rw5716,1,2
rw5717,3,2
rw5718,4,2
rw5719,3,0
rw5720,3,1
rw5721,1,1
rw5722,1,3
rw5723,1,0
rw5724,2,0
rw5725,0,2
rw5726,2,0
rw5727,4,2
rw5728,1,2
rw5730,3,0
rw5731,4,1
rw5732,2,2
rw5734,0,3
rw5735,3,1
rw5736,1,2
rw5737,2,1
rw5738,0,0
rw5739,4,0
rw5740,1,1
rw5741,1,0
rw5742,0,3
rw5743,0,0
rw5744,1,3
rw5745,2,1
rw5746,2,0
rw5747,2,3
rw5748,0,1
rw5749,1,2
rw5750,1,2
rw5751,0,3
rw5752,1,4
rw5753,1,0
rw5754,0,1
rw5755,2,0
rw5756,2,1
rw5757,1,0
rw5758,2,2
rw5759,2,1
rw5760,0,2
rw5761,1,0
rw5762,3,2
rw5763,0,0
rw5764,3,0
rw5765,1,2
rw5766,0,1
rw5767,3,1
rw5768,2,0
rw5769,1,0
rw5770,2,0
rw5771,0,1
rw5772,2,5
rw5773,2,2
rw5774,1,0
rw5775,0,0
rw5776,2,0
rw5777,2,2
rw5778,3,2
rw5779,3,0
rw5780,0,0
rw5781,1,0
rw5782,2,0
rw5783,3,1
rw5784,2,1
rw5785,4,1
rw5786,2,3
rw5787,2,2
rw5788,1,1
rw5789,1,0
rw5790,1,2
rw5791,2,1
rw5793,3,2
rw5794,1,2
rw5795,2,0
rw5796,1,1
rw5797,2,0
rw5798,2,1
rw5800,2,4
rw5801,1,1
rw5802,1,1
rw5803,1,1
rw5804,3,2
rw5805,0,0
rw5806,4,0
rw5807,1,0
rw5808,4,2
rw5809,0,2
rw5810,0,0
rw5811,0,0
rw5812,0,2
rw5813,0,0
rw5814,3,1
rw5815,2,0
rw5816,1,0
rw5817,1,0
rw5818,1,1
rw5819,2,1
rw5820,1,0
rw5821,1,0
rw5822,1,3
rw5823,0,0
rw5824,1,1
rw5825,1,1
rw5826,1,1
rw5827,2,1
rw5828,1,0
rw5829,2,1
rw5830,0,1
rw5831,2,0
rw5832,1,0
rw5833,1,0
rw5834,0,1
rw5835,0,1
rw5836,1,0
rw5837,0,0
rw5838,1,0
rw5839,1,1
rw5840,1,1
rw5841,1,1
rw5843,3,0
rw5844,2,1
rw5845,2,1
rw5846,0,0
rw5847,2,1
rw5848,1,0
rw5849,3,1
rw5850,1,0
rw5851,3,1
rw5852,1,1
rw5854,0,0
rw5855,2,3
rw5856,0,0
rw5857,1,1
rw5858,0,1
rw5859,2,0
rw5860,1,0
rw5862,1,1
rw5863,0,2
rw5864,0,0
rw5865,0,1
rw5866,0,3
rw5867,0,0
rw5868,0,0
rw5869,1,1
rw5870,1,1
rw5871,3,0
rw5872,1,1
rw5873,1,1
rw5874,2,1
rw5875,1,2
rw5876,3,1
rw5877,1,0
rw5878,3,0
rw5880,2,0
rw5881,3,1
rw5882,0,2
rw5883,1,1
rw5884,0,0
rw5885,1,1
rw5886,0,0
rw5887,2,0
rw5889,0,2
rw5890,3,5
rw5892,0,0
rw5893,2,0
rw5894,1,1
rw5895,1,2
rw5896,0,0
rw5897,0,2
rw5898,1,1
rw5899,4,1
rw5900,1,0
rw5901,1,0
rw5902,0,0
rw5903,1,1
rw5904,2,0
rw5905,1,3
rw5906,0,0
rw5907,0,5
rw5908,1,0
rw5909,1,1
rw5910,0,0
rw5911,1,0
rw5912,1,0
rw5913,0,1
rw5914,2,0
rw5915,1,1
rw5916,1,2
rw5917,1,0
rw5918,2,3
rw5920,0,1
rw5921,0,1
rw5922,1,11
rw5923,0,1
rw5925,0,0
rw5927,3,0
rw5928,0,0
rw5929,2,0
rw5930,0,0
rw5931,0,0
rw5932,1,1
rw5933,0,2
rw5934,3,0
rw5935,2,1
rw5936,0,0
rw5937,0,1
rw5938,0,1
rw5939,0,2
rw5940,1,0
rw5941,0,2
rw5942,4,0
rw5943,0,0
rw5944,2,7
rw5945,3,0
rw5946,2,1
rw5947,1,0
rw5948,2,1
rw5950,1,1
rw5951,1,1
rw5952,2,1
rw5953,3,0
rw5954,1,1
rw5955,1,0
rw5956,2,0
rw5957,1,1
rw5958,0,2
rw5959,1,0
rw5960,0,2
rw5961,0,0
rw5962,1,0
rw5963,2,1
rw5964,3,0
rw5965,2,0
rw5966,3,3
rw5967,0,0
rw5968,1,2
rw5969,2,2
rw5970,0,0
rw5971,0,0
rw5972,0,2
rw5973,1,0
rw5974,0,1
rw5975,1,0
rw5976,0,3
rw5977,1,2
rw5978,2,1
rw5979,1,3
rw5980,1,1
rw5981,0,2
rw5982,0,0
rw5984,1,1
rw5985,1,0
rw5986,1,0
rw5987,3,0
rw5988,2,1
rw5989,3,3
rw5990,1,2
rw5991,0,2
rw5992,0,0
rw5993,1,1
rw5994,1,2
rw5995,1,1
rw5996,2,0
rw5997,1,3
rw5999,0,1
rw6000,2,0
rw6001,1,2
rw6002,0,1
rw6003,2,2
rw6004,1,0
rw6005,1,2
rw6006,0,2
rw6007,1,0
rw6008,0,2
rw6009,0,1
rw6010,1,1
rw6011,1,0
rw6013,1,0
rw6014,1,0
rw6015,0,0
rw6016,0,0
rw6017,1,1
rw6018,0,2
rw6019,1,1
rw6020,0,1
rw6021,1,0
rw6022,2,1
rw6023,0,0
rw6024,2,2
rw6025,3,0
rw6026,0,2
rw6027,0,0
rw6028,3,0
rw6029,2,1
rw6030,0,0
rw6031,0,1
rw6032,1,1
rw6033,2,0
rw6035,2,0
rw6036,2,0
rw6037,0,0
rw6038,2,0
rw6039,0,0
rw6040,2,0
rw6041,1,0
rw6042,1,0
rw6043,3,2
rw6044,4,4
rw6045,1,0
rw6046,1,0
rw6047,0,1
rw6048,2,0
rw6049,1,2
rw6050,3,0
rw6051,0,0
rw6052,1,1
rw6053,1,1
rw6054,0,0
rw6055,0,0
rw6056,1,1
rw6057,1,0
rw6058,1,0
rw6059,3,1
rw6060,3,1
rw6061,2,1
rw6062,1,1
rw6063,3,2
rw6065,0,0
rw6066,2,2
rw6067,1,2
rw6068,2,1
rw6069,1,1
rw6070,1,3
rw6071,1,0
rw6072,2,3
rw6073,2,0
rw6074,2,1
rw6075,1,1
rw6076,0,4
rw6077,2,1
rw6078,2,0
rw6079,1,0
rw6080,0,1
rw6081,1,1
rw6082,1,1
rw6083,1,3
rw6084,0,1
rw6085,0,0
rw6086,1,1
rw6087,3,0
rw6088,0,0
rw6089,2,0
rw6090,4,0
rw6091,1,1
rw6092,1,3
rw6093,1,1
rw6094,1,1
rw6095,1,0
rw6096,1,3
rw6097,1,0
rw6098,3,4
rw6099,1,1
rw6100,4,0
rw6102,2,2
rw6103,0,0
rw6104,2,1
rw6105,0,0
rw6106,2,0
rw6107,1,1
rw6108,2,2
rw6109,1,0
rw6110,0,0
rw6111,2,0
rw6112,2,1
rw6113,1,0
rw6114,3,2
rw6115,0,1
rw6116,0,0
rw6117,0,3
rw6118,0,1
rw6119,3,0
rw6120,2,0
rw6121,2,2
rw6122,0,1
rw6123,1,2
rw6124,3,0
rw6125,1,0
rw6127,0,0
rw6128,2,1
rw6129,2,2
rw6130,1,0
rw6131,1,1
rw6132,1,0
rw6133,0,5
rw6134,1,1
rw6135,3,1
rw6136,2,0
rw6137,1,2
rw6138,0,0
rw6139,0,0
rw6140,0,2
rw6141,2,1
rw6142,1,3
rw6143,0,0
rw6144,2,1
rw6145,1,1
rw6146,1,0
rw6147,1,0
rw6148,0,2
rw6149,2,3
rw6150,0,2
rw6151,1,0
rw6152,1,0
rw6153,0,0
rw6154,0,0
rw6155,0,1
rw6156,2,0
rw6157,1,1
rw6158,2,0
rw6159,0,0
rw6160,2,1
rw6161,0,0
rw6162,2,0
rw6163,0,0
rw6164,1,0
rw6165,2,2
rw6166,1,2
rw6167,2,0
rw6168,1,0
rw6169,2,0
rw6170,1,1
rw6171,1,2
rw6172,2,2
rw6173,0,3
rw6174,1,0
rw6175,3,1
rw6176,0,2
rw6177,2,0
rw6178,0,0
rw6179,1,2
rw6180,0,0
rw6181,2,2
rw6182,0,1
rw6183,1,0
rw6184,2,1
rw6185,0,0
rw6186,1,0
rw6187,1,0
rw6188,0,0
rw6189,1,1
rw6190,0,1
rw6191,3,0
rw6192,2,0
rw6193,2,0
rw6194,0,1
rw6195,2,2
rw6196,1,3
rw6197,1,0
rw6198,0,3
rw6199,0,0
rw6200,0,0
rw6201,1,2
rw6202,1,0
rw6203,3,3
rw6204,0,1
rw6205,4,0
rw6206,3,0
rw6207,3,1
rw6208,0,1
rw6209,1,0
rw6211,2,1
rw6212,2,0
rw6213,1,0
rw6214,1,0
rw6215,0,2
rw6216,2,0
rw6217,2,1
rw6218,1,0
rw6219,0,0
rw6220,0,0
rw6221,2,1
rw6222,0,0
rw6223,1,1
rw6224,1,0
rw6225,1,1
rw6226,0,2
rw6227,0,1
rw6228,4,1
rw6229,1,2
rw6230,3,4
rw6231,0,0
rw6232,1,2
rw6233,1,0
rw6234,2,2
rw6235,0,0
rw6236,1,2
rw6237,1,4
rw6238,1,1
rw6239,1,2
rw6240,1,2
rw6241,0,0
rw6242,0,2
rw6243,1,2
rw6244,0,0
rw6245,3,0
rw6246,1,0
rw6247,0,0
rw6248,2,1
rw6249,2,0
rw6250,3,0
rw6251,0,0
rw6252,1,0
rw6253,2,0
rw6254,0,1
rw6255,1,3
rw6256,4,0
rw6257,2,0
rw6259,0,0
rw6260,3,3
rw6261,2,0
rw6262,1,0
rw6263,1,0
rw6264,2,0
rw6265,0,0
rw6266,0,0
rw6267,2,0
rw6268,1,0
rw6269,1,3
rw6270,1,0
rw6271,1,0
rw6272,0,0
rw6273,1,1
rw6274,0,1
rw6275,1,1
rw6276,0,0
rw6277,0,0
rw6278,0,2
rw6279,1,2
rw6280,0,0
rw6281,1,1
rw6282,1,0
rw6283,3,0
rw6284,3,0
rw6285,0,2
rw6286,1,0
rw6287,0,0
rw6288,0,1
rw6289,2,1
rw6290,1,2
rw6291,2,0
rw6292,1,2
rw6293,1,0
rw6294,1,1
rw6295,2,0
rw6296,0,0
rw6297,0,0
rw6298,2,0
rw6299,2,0
rw6300,0,0
rw6301,2,2
rw6302,1,1
rw6303,2,1
rw6304,1,1
rw6305,0,0
rw6306,0,0
rw6307,3,0
rw6308,1,1
rw6309,2,0
rw6310,0,0
rw6311,0,0
rw6312,2,1
rw6313,0,0
rw6314,1,1
rw6315,0,1
rw6317,1,0
rw6318,0,0
rw6319,1,1
rw6320,1,0
rw6321,0,2
rw6323,0,0
rw6324,1,0
rw6326,3,0
rw6327,0,2
rw6328,0,1
rw6329,1,2
rw6330,2,1
rw6331,0,0
rw6332,1,1
rw6333,1,1
rw6334,4,1
rw6335,1,0
rw6336,1,0
rw6337,1,1
rw6338,0,1
rw6339,2,0
rw6340,2,0
rw6341,2,2
rw6342,1,0
rw6343,0,1
rw6344,0,1
rw6345,1,0
rw6346,0,0
rw6347,1,0
rw6348,0,2
rw6350,2,0
rw6351,3,2
rw6353,0,0
rw6354,0,1
rw6355,2,1
rw6356,1,0
rw6357,1,0
rw6358,1,2
rw6359,1,0
rw6360,0,0
rw6361,2,1
rw6362,0,1
rw6364,1,0
rw6365,3,0
rw6366,3,1
rw6367,2,1
rw6368,0,1
rw6369,0,2
rw6370,1,0
rw6371,0,0
rw6372,0,1
rw6373,0,0
rw6374,4,4
rw6375,4,0
rw6376,2,0
rw6377,2,2
rw6378,3,0
rw6379,0,2
rw6380,1,0
rw6381,0,2
rw6382,1,0
rw6383,2,0
rw6384,1,0
rw6385,2,1
rw6386,1,0
rw6387,4,0
rw6388,1,1
rw6389,3,2
rw6390,1,0
rw6391,1,0
rw6392,1,0
rw6393,1,6
rw6394,3,0
rw6395,2,0
rw6396,1,1
rw6397,0,1
rw6398,1,1
rw6399,2,0
rw6400,1,1
rw6401,1,1
rw6402,1,0
rw6403,1,1
rw6404,1,2
rw6405,2,1
rw6406,3,0
rw6407,1,1
rw6409,1,1
rw6410,1,0
rw6411,1,1
rw6412,0,0
rw6413,2,1
rw6414,1,1
rw6415,2,0
rw6416,2,2
rw6417,1,0
rw6418,1,1
rw6419,0,0
rw6420,2,0
rw6421,1,2
rw6422,1,0
rw6423,0,0
rw6424,4,1
rw6425,0,1
rw6426,2,2
rw6427,0,1
rw6428,0,0
rw6429,2,0
rw6430,0,2
rw6431,2,0
rw6432,1,0
rw6433,0,0
rw6434,1,0
rw6435,2,0
rw6436,0,1
rw6437,1,0
rw6438,3,2
rw6439,1,0
rw6440,2,1
rw6441,1,3
rw6442,2,1
rw6443,1,4
rw6444,0,0
rw6445,2,0
rw6446,0,1
rw6447,0,0
rw6448,0,4
rw6449,0,0
rw6450,4,1
rw6451,3,3
rw6452,3,0
rw6453,1,1
rw6454,1,0
rw6455,1,1
rw6456,0,1
rw6457,3,1
rw6458,0,1
rw6459,0,1
rw6460,2,1
rw6461,2,0
rw6462,2,1
rw6463,1,0
rw6464,0,0
rw6465,0,0
rw6466,1,0
rw6467,3,0
rw6468,1,1
rw6469,0,0
rw6470,1,2
rw6471,0,0
rw6472,0,1
rw6473,0,0
rw6474,0,0
rw6475,0,1
rw6476,0,0
rw6477,0,1
rw6478,2,0
rw6479,1,0
rw6480,1,0
rw6482,0,3
rw6483,2,0
rw6484,0,0
rw6485,1,1
rw6486,1,0
rw6487,1,0
rw6488,0,1
rw6489,0,0
rw6490,0,0
rw6491,1,1
rw6492,1,1
rw6493,0,0
rw6494,2,2
rw6495,0,0
rw6496,0,0
rw6497,0,0
rw6498,1,0
rw6499,0,0
rw6500,0,3
rw6501,0,0
rw6502,0,0
rw6504,1,7
rw6505,2,0
rw6506,0,0
rw6507,0,1
rw6508,1,2
rw6509,0,1
rw6510,0,2
rw6511,0,1
rw6512,1,0
rw6513,1,0
rw6514,0,0
rw6515,0,1
rw6516,2,0
rw6517,1,0
rw6518,2,0
rw6519,1,0
rw6520,0,1
rw6521,1,1
rw6522,0,0
rw6523,2,0
rw6524,1,0
rw6525,2,1
rw6526,2,0
rw6528,0,0
rw6529,0,0
rw6530,1,0
rw6531,2,1
rw6532,1,0
rw6533,1,0
rw6535,0,0
rw6536,0,0
rw6538,2,0
rw6539,1,2
rw6540,1,1
rw6541,0,0
rw6542,1,0
rw6543,1,2
rw6544,1,0
rw6545,2,0
rw6546,2,0
rw6547,0,0
rw6548,1,0
rw6549,1,0
rw6550,1,0
rw6551,0,0
rw6552,1,1
rw6553,0,0
rw6554,1,1
rw6555,1,0
rw6556,2,1
rw6558,1,0
rw6559,1,1
rw6560,1,0
rw6561,0,1
rw6562,0,0
rw6563,1,0
rw6564,1,0
rw6565,0,0
rw6566,0,0
rw6567,0,1
rw6568,1,2
rw6569,0,0
rw6570,0,0
rw6571,2,2
rw6572,2,0
rw6573,2,0
rw6574,0,0
rw6575,2,0
rw6576,2,0
rw6577,3,0
rw6578,0,0
rw6579,2,0
rw6580,2,1
rw6581,1,0
rw6582,1,1
rw6583,0,1
rw6584,0,0
rw6585,1,1
rw6586,1,0
rw6587,2,3
rw6588,2,0
rw6589,2,0
rw6590,0,0
rw6592,0,0
rw6593,2,0
rw6594,1,1
rw6595,2,1
rw6596,1,2
rw6597,0,0
rw6598,2,0
rw6599,0,0
rw6600,4,3
rw6602,1,1
rw6603,1,0
rw6604,0,1
rw6605,0,0
rw6606,2,1
rw6607,3,0
rw6608,0,0
rw6609,2,1
rw6610,2,0
rw6611,2,3
rw6612,2,1
rw6613,1,0
rw6614,1,0
rw6615,2,1
rw6616,2,1
rw6617,0,0
rw6618,2,1
rw6619,1,0
rw6620,0,0
rw6621,2,0
rw6622,1,2
rw6623,2,0
rw6624,2,1
rw6625,2,0
rw6626,1,1
rw6627,1,0
rw6628,0,1
rw6629,0,1
rw6630,2,0
rw6631,1,0
rw6632,1,1
rw6633,2,0
rw6634,1,0
rw6635,1,1
rw6636,1,1
rw6637,1,2
rw6638,0,0
rw6639,4,1
rw6640,2,0
rw6641,2,0
rw6642,2,0
rw6643,2,1
rw6644,1,0
rw6645,1,0
rw6646,1,0
rw6647,0,0
rw6648,1,2
rw6649,1,1
rw6650,1,0
rw6651,3,0
rw6652,2,0
rw6653,1,1
rw6654,0,0
rw6655,0,0
rw6657,3,1
rw6658,1,0
rw6659,1,0
rw6660,1,2
rw6661,0,0
rw6662,1,0
rw6663,1,1
rw6664,0,0
rw6665,2,0
rw6666,0,0
rw6667,2,0
rw6669,0,0
rw6670,1,0
rw6671,0,1
rw6672,1,0
rw6673,0,0
rw6674,0,0
rw6675,2,0
rw6676,1,0
rw6677,0,0
rw6678,1,0
rw6679,1,1
rw6680,1,0
rw6681,0,0
rw6682,1,0
rw6683,2,0
rw6685,0,0
rw6686,0,0
rw6687,2,0
rw6688,0,1
rw6689,1,1
rw6690,1,0
rw6691,2,0
rw6692,1,0
rw6693,1,0
rw6694,1,0
rw6695,0,0
rw6696,3,1
rw6697,1,0
rw6698,0,2
rw6699,0,0
rw6700,1,1
rw6701,2,0
rw6702,0,1
rw6703,0,2
rw6704,3,0
rw6705,1,1
rw6706,0,0
rw6707,2,3
rw6708,1,0
rw6709,1,0
rw6710,1,1
rw6711,1,4
rw6712,1,0
rw6713,0,0
rw6714,0,1
rw6715,1,0
rw6716,0,0
rw6717,2,2
rw6718,2,0
rw6719,1,0
rw6720,1,0
rw6721,1,4
rw6722,0,0
rw6723,3,0
rw6724,0,0
rw6725,2,2
rw6726,0,0
rw6727,1,3
rw6728,1,0
rw6729,3,4
rw6730,0,0
rw6731,2,4
rw6732,0,0
rw6733,0,1
rw6734,1,3
rw6735,0,0
rw6736,0,0
rw6737,1,0
rw6738,2,0
rw6739,0,0
rw6740,1,2
rw6741,1,1
rw6742,3,0
rw6743,3,0
rw6744,2,1
rw6745,0,0
rw6746,0,0
rw6747,0,0
rw6748,0,0
rw6749,0,0
rw6750,2,0
rw6751,1,0
rw6752,2,0
rw6754,0,0
rw6755,0,3
rw6756,2,0
rw6757,1,1
rw6758,0,0
rw6759,1,0
rw6760,0,4
rw6761,1,0
rw6762,2,0
rw6763,0,0
rw6764,0,0
rw6766,2,0
rw6767,1,0
rw6768,2,1
rw6769,0,1
rw6770,1,0
rw6771,0,0
rw6772,1,0
rw6773,1,1
rw6774,3,1
rw6775,0,1
rw6777,0,0
rw6779,0,0
rw6780,1,1
rw6781,2,0
rw6782,0,0
rw6783,1,0
rw6784,0,1
rw6785,1,0
rw6786,0,0
rw6787,0,1
rw6788,0,0
rw6789,3,2
rw6790,0,0
rw6791,0,0
rw6792,1,1
rw6793,1,0
rw6794,2,1
rw6795,0,2
rw6796,2,0
rw6797,0,0
rw6798,1,0
rw6799,0,0
rw6800,0,3
rw6801,2,0
rw6802,0,0
rw6803,0,1
rw6804,1,2
rw6805,0,1
rw6806,2,0
rw6807,1,0
rw6808,0,0
rw6809,1,1
rw6810,3,0
rw6811,0,2
rw6812,2,0
rw6813,0,0
rw6814,1,1
rw6815,0,0
rw6816,1,0
rw6817,0,2
rw6818,2,1
rw6819,1,0
rw6820,1,1
rw6821,0,1
rw6822,1,0
rw6823,1,0
rw6824,1,1
rw6825,1,1
rw6826,0,0
rw6827,1,1
rw6828,1,0
rw6829,1,1
rw6830,0,2
rw6831,0,0
rw6832,0,1
rw6833,1,0
rw6834,2,0
rw6835,2,1
rw6836,0,0
rw6838,0,1
rw6839,0,3
rw6840,1,0
rw6841,1,1
rw6842,0,0
rw6843,0,1
rw6844,2,0
rw6845,0,1
rw6846,0,2
rw6847,0,0
rw6848,0,0
rw6849,1,1
rw6850,1,0
rw6851,0,0
rw6852,2,0
rw6853,0,1
rw6854,0,0
rw6855,0,1
rw6856,1,0
rw6857,1,0
rw6858,4,1
rw6859,1,1
rw6860,1,0
rw6861,0,2
rw6862,0,0
rw6863,0,1
rw6864,1,0
rw6865,0,0
rw6866,1,1
rw6867,2,1
rw6868,1,0
rw6869,3,1
rw6870,0,0
rw6871,0,0
rw6872,1,1
rw6873,2,2
rw6874,1,0
rw6875,0,0
rw6876,3,3
rw6877,2,0
rw6879,0,0
rw6880,0,0
rw6881,1,1
rw6882,1,1
rw6883,0,0
rw6884,1,2
rw6885,3,1
rw6886,0,0
rw6887,1,1
rw6888,0,0
rw6889,1,0
rw6890,0,2
rw6891,1,0
rw6892,0,0
rw6893,2,1
rw6894,0,0
rw6895,1,2
rw6896,3,0
rw6897,0,1
rw6898,0,0
rw6899,1,0
rw6900,2,0
rw6901,0,0
rw6902,1,1
rw6903,1,0
rw6904,2,0
rw6905,1,3
rw6906,3,1
rw6907,1,2
rw6908,2,1
rw6909,1,1
rw6910,1,1
rw6911,1,0
rw6912,0,1
rw6913,1,0
rw6914,2,0
rw6915,0,0
rw6916,1,1
rw6917,2,1
rw6918,0,0
rw6919,0,3
rw6921,0,0
rw6922,1,1
rw6923,2,0
rw6924,1,3
rw6925,0,0
rw6926,0,0
rw6927,3,0
rw6928,2,0
rw6929,1,0
rw6930,2,0
rw6931,2,1
rw6932,0,0
rw6933,0,0
rw6934,3,0
rw6935,0,1
rw6936,1,0
rw6937,1,1
rw6938,0,1
rw6939,3,1
rw6940,1,0
rw6941,1,2
rw6942,1,0
rw6943,1,1
rw6944,1,0
rw6945,1,0
rw6946,0,1
rw6947,1,1
rw6948,3,1
rw6949,0,0
rw6950,0,0
rw6951,1,1
rw6952,2,0
rw6953,0,1
rw6954,3,0
rw6955,1,0
rw6956,0,0
rw6957,1,0
rw6958,0,0
rw6959,0,3
rw6960,2,1
rw6961,0,2
rw6962,2,1
rw6963,1,0
rw6964,1,0
rw6965,0,0
rw6966,1,1
rw6967,1,0
rw6968,1,1
rw6969,1,0
rw6970,0,1
rw6971,2,0
rw6972,1,0
rw6973,0,0
rw6974,0,0
rw6975,0,0
rw6976,4,0
rw6977,0,0
rw6978,0,1
rw6979,1,0
rw6980,1,3
rw6981,2,1
rw6982,1,1
rw6983,0,0
rw6984,1,1
rw6985,2,0
rw6986,1,1
rw6987,2,3
rw6988,2,0
rw6989,0,0
rw6990,2,0
rw6991,0,2
rw6992,0,0
rw6993,1,0
rw6994,2,1
rw6995,1,1
rw6996,1,0
rw6997,0,1
rw6998,1,1
rw6999,0,1
rw7000,2,0
rw7001,1,0
rw7002,0,0
rw7003,0,0
rw7004,1,0
rw7005,1,0
rw7006,1,0
rw7007,0,0
rw7008,1,1
rw7009,1,0
rw7010,1,0
rw7011,1,1
rw7012,1,1
rw7013,1,4
rw7014,1,0
rw7015,1,0
rw7016,1,1
rw7017,0,0
rw7018,0,0
rw7019,1,1
rw7020,0,0
rw7021,1,0
rw7022,1,0
rw7023,1,0
rw7024,1,0
rw7025,2,0
rw7026,1,0
rw7027,1,5
rw7028,2,0
rw7029,2,0
rw7030,0,0
rw7031,0,2
rw7032,1,2
rw7033,0,0
rw7034,1,0
rw7035,1,2
rw7036,2,0
rw7037,0,0
rw7038,1,0
rw7039,0,0
rw7040,0,0
rw7041,1,0
rw7042,0,0
rw7043,1,1
rw7044,0,0
rw7045,0,1
rw7046,0,0
rw7047,3,0
rw7048,2,0
rw7049,0,3
rw7050,3,1
rw7051,0,0
rw7052,0,0
rw7053,1,1
rw7054,1,1
rw7055,2,1
rw7056,2,0
rw7057,0,0
rw7058,0,0
rw7059,1,0
rw7060,1,1
rw7061,0,1
rw7062,2,0
rw7063,0,0
rw7064,1,2
rw7065,1,0
rw7066,1,0
rw7067,2,0
rw7068,0,1
rw7069,2,1
rw7070,2,0
rw7071,0,1
rw7072,1,3
rw7073,1,0
rw7074,1,1
rw7075,1,1
rw7076,0,1
rw7077,0,0
rw7078,1,0
rw7079,1,1
rw7080,1,1
rw7081,0,0
rw7082,0,1
rw7083,0,0
rw7084,2,0
rw7085,2,1
rw7086,0,0
rw7087,1,0
rw7088,0,1
rw7089,0,0
rw7090,0,2
rw7091,0,0
rw7092,0,0
rw7093,0,0
rw7094,1,0
rw7095,1,0
rw7096,1,0
rw7097,0,1
rw7098,1,0
rw7099,0,1
rw7100,0,0
rw7101,1,0
rw7102,0,0
rw7103,1,1
rw7104,0,1
rw7105,2,0
rw7106,3,0
rw7107,0,0
rw7108,0,0
rw7109,3,0
rw7110,0,0
rw7111,0,0
rw7112,2,0
rw7113,2,1
rw7114,1,0
rw7115,0,1
rw7116,0,1
rw7117,1,1
rw7118,1,2
rw7119,0,1
rw7120,1,2
rw7121,2,0
rw7122,1,1
rw7123,1,0
rw7124,1,0
rw7125,1,0
rw7126,0,1
rw7127,1,1
rw7128,0,0
rw7129,2,3
rw7130,0,0
rw7131,1,1
rw7132,0,0
rw7133,1,0
rw7135,0,0
rw7136,1,0
rw7137,0,2
rw7138,1,1
rw7139,1,0
rw7140,1,0
rw7141,2,0
rw7142,1,0
rw7143,0,0
rw7144,2,0
rw7145,1,1
rw7146,0,0
rw7147,0,0
rw7148,0,2
rw7149,1,1
rw7150,0,0
rw7151,0,1
rw7152,2,1
rw7153,0,0
rw7154,0,1
rw7155,0,1
rw7156,0,0
rw7157,2,0
rw7158,2,0
rw7159,1,0
rw7160,0,0
rw7161,1,2
rw7162,0,2
rw7163,1,1
rw7164,0,0
rw7165,2,0
rw7166,0,1
rw7167,2,0
rw7168,1,1
rw7169,2,1
rw7170,0,2
rw7171,0,0
rw7172,1,0
rw7173,0,0
rw7174,0,0
rw7175,1,0
rw7176,3,0
rw7177,1,1
rw7178,0,0
rw7179,0,0
rw7180,1,2
rw7181,2,0
rw7182,0,0
rw7183,1,1
rw7184,2,0
rw7185,0,2
rw7186,0,1
rw7187,1,1
rw7188,0,0
rw7189,1,1
rw7190,4,1
rw7191,3,1
rw7192,0,0
rw7193,1,0
rw7194,0,0
rw7195,2,0
rw7196,0,0
rw7197,2,1
rw7198,2,2
rw7199,2,0
rw7200,2,0
rw7201,1,1
rw7202,1,1
rw7203,0,0
rw7204,1,1
rw7205,0,0
rw7206,1,2
rw7207,1,1
rw7208,0,0
rw7209,0,0
rw7210,0,0
rw7211,2,1
rw7212,0,0
rw7213,0,0
rw7214,1,1
rw7215,2,0
rw7216,1,0
rw7217,2,1
rw7218,0,1
rw7219,0,0
rw7220,1,1
rw7221,1,1
rw7222,1,1
rw7223,0,1
rw7224,1,1
rw7225,0,0
rw7226,1,1
rw7227,1,0
rw7228,1,1
rw7229,2,2
rw7230,2,2
rw7231,1,1
rw7232,2,1
rw7233,0,0
rw7234,0,0
rw7235,0,1
rw7236,1,2
rw7237,0,0
rw7238,1,0
rw7239,2,1
rw7240,2,0
rw7241,1,1
rw7242,2,0
rw7243,0,1
rw7244,0,0
rw7245,1,0
rw7246,1,0
rw7247,0,0
rw7248,0,0
rw7249,3,0
rw7250,1,1
rw7251,2,3
rw7252,1,1
rw7253,2,0
rw7254,1,0
rw7255,1,0
rw7256,1,0
rw7257,0,1
rw7258,2,1
rw7259,0,0
rw7260,0,0
rw7261,2,2
rw7262,0,0
rw7263,1,0
rw7264,0,0
rw7265,0,1
rw7266,1,1
rw7267,1,1
rw7268,1,0
rw7269,2,0
rw7270,0,2
rw7271,1,2
rw7272,0,0
rw7273,0,0
rw7274,0,0
rw7275,1,0
rw7276,0,0
rw7277,1,0
rw7278,0,0
rw7279,1,0
rw7280,0,0
rw7281,0,3
rw7282,1,0
rw7283,1,0
rw7284,4,0
rw7285,1,0
rw7286,1,3
rw7287,1,1
rw7288,1,0
rw7289,1,1
rw7290,0,0
rw7291,3,0
rw7292,2,1
rw7293,1,0
rw7295,1,1
rw7296,0,0
rw7297,0,1
rw7298,0,0
rw7299,1,0
rw7300,1,1
rw7301,1,0
rw7302,0,0
rw7303,1,0
rw7304,0,1
rw7305,2,0
rw7306,1,0
rw7307,2,1
rw7308,1,1
rw7309,0,0
rw7310,0,2
rw7311,0,0
rw7312,1,0
rw7313,1,1
rw7314,0,2
rw7315,1,0
rw7316,0,1
rw7317,0,1
rw7318,1,1
rw7319,0,0
rw7320,0,0
rw7321,1,1
rw7322,0,0
rw7323,1,1
rw7324,0,2
rw7325,1,1
rw7326,1,1
rw7327,1,2
rw7328,1,0
rw7329,0,1
rw7330,2,0
rw7331,0,0
rw7332,1,0
rw7333,2,0
rw7334,1,1
rw7335,1,0
rw7336,1,1
rw7337,0,0
rw7338,0,1
rw7339,1,0
rw7340,1,1
rw7341,2,1
rw7342,0,2
rw7343,0,0
rw7344,1,1
rw7345,0,0
rw7346,2,0
rw7347,1,0
rw7348,0,0
rw7349,1,0
rw7350,1,0
rw7351,0,0
rw7352,0,0
rw7353,1,0
rw7354,3,0
rw7355,0,0
rw7356,1,1
rw7357,2,0
rw7358,2,0
rw7359,0,2
rw7360,0,0
rw7361,1,0
rw7362,2,1
rw7363,0,0
rw7364,0,0
rw7365,1,0
rw7366,1,0
rw7367,2,0
rw7368,0,0
rw7369,1,1
rw7370,2,0
rw7371,0,2
rw7372,0,0
rw7373,1,4
rw7374,1,2
rw7375,0,0
rw7376,1,0
rw7377,0,1
rw7378,0,2
rw7379,1,1
rw7380,2,1
rw7381,0,0
rw7382,2,1
rw7383,1,0
rw7384,1,0
rw7385,0,1
rw7386,0,1
rw7387,0,0
rw7388,0,1
rw7389,1,1
rw7390,0,0
rw7391,1,0
rw7392,2,1
rw7393,2,1
rw7394,1,0
rw7395,1,0
rw7396,1,2
rw7397,0,0
rw7398,0,0
rw7399,1,0
rw7400,2,1
rw7401,0,0
rw7402,1,1
rw7403,0,0
rw7404,1,0
rw7405,2,0
rw7406,0,0
rw7407,1,2
rw7408,1,2
rw7409,2,0
rw7410,2,0
rw7411,1,1
rw7412,1,2
rw7413,0,0
rw7414,1,1
rw7415,0,0
rw7416,2,0
rw7418,0,1
rw7419,0,1
rw7420,0,1
rw7421,0,1
rw7422,1,1
rw7423,2,1
rw7424,0,0
rw7425,1,0
rw7426,0,0
rw7427,0,1
rw7428,1,0
rw7429,0,0
rw7430,0,1
rw7431,0,0
rw7432,0,0
rw7433,1,1
rw7434,1,2
rw7435,0,0
rw7436,0,1
rw7437,0,0
rw7438,0,0
rw7439,1,0
rw7440,0,1
rw7441,0,0
rw7442,3,0
rw7443,1,0
rw7444,0,0
rw7445,1,5
rw7446,0,1
rw7447,1,2
rw7448,0,0
rw7449,0,3
rw7450,0,1
rw7451,0,0
rw7452,0,1
rw7454,1,0
rw7455,1,1
rw7456,0,0
rw7457,2,0
rw7458,2,4
rw7459,1,1
rw7460,1,2
rw7461,1,2
rw7462,0,0
rw7463,1,0
rw7464,0,0
rw7465,1,0
rw7466,2,1
rw7467,1,2
rw7468,3,0
rw7469,0,2
rw7471,0,3
rw7472,2,0
rw7473,1,1
rw7474,0,1
rw7475,1,0
rw7476,0,1
rw7477,2,0
rw7478,2,1
rw7479,0,1
rw7480,0,1
rw7481,2,0
rw7482,2,2
rw7483,1,1
rw7484,2,0
rw7485,0,1
rw7486,0,0
rw7487,1,0
rw7488,1,0
rw7489,2,1
rw7490,0,1
rw7491,1,0
rw7492,4,0
rw7493,3,0
rw7494,0,1
rw7495,3,0
rw7496,2,1
rw7497,0,0
rw7499,0,1
rw7500,1,0
rw7501,0,1
rw7502,1,0
rw7503,2,0
rw7504,1,2
rw7505,0,2
rw7506,0,0
rw7507,0,0
rw7508,2,5
rw7509,0,0
rw7510,1,1
rw7511,0,0
rw7513,1,0
rw7514,2,1
rw7515,1,0
rw7516,0,1
rw7517,0,0
rw7518,2,0
rw7519,0,0
rw7520,1,0
rw7522,2,3
rw7523,1,1
rw7524,0,4
rw7525,3,1
rw7526,3,1
rw7527,1,0
rw7528,0,0
rw7529,6,0
rw7530,4,0
rw7531,2,0
rw7532,1,2
rw7533,2,3
rw7534,1,1
rw7535,1,0
rw7536,1,0
rw7537,2,3
rw7538,1,1
rw7539,2,0
rw7540,3,1
rw7541,3,0
rw7542,1,1
rw7543,2,2
rw7544,2,0
rw7545,1,1
rw7546,0,0
rw7547,0,0
rw7548,2,1
rw7549,1,1
rw7550,2,0
rw7551,1,0
rw7552,2,2
rw7553,2,1
rw7554,1,1
rw7555,2,1
rw7556,2,1
rw7557,2,3
rw7558,1,1
rw7559,1,1
rw7560,3,0
rw7561,3,0
rw7562,1,0
rw7563,0,1
rw7564,1,4
rw7565,1,1
rw7566,1,2
rw7568,1,0
rw7569,0,0
rw7570,3,1
rw7571,2,0
rw7572,0,0
rw7573,0,3
rw7574,1,1
rw7575,1,1
rw7576,2,1
rw7577,1,2
rw7578,2,1
rw7579,2,1
rw7580,0,1
rw7581,1,0
rw7582,1,0
rw7583,0,0
rw7584,0,0
rw7585,1,2
rw7586,0,1
rw7587,1,0
rw7588,0,2
rw7589,3,0
rw7590,1,0
rw7591,2,3
rw7593,2,3
rw7594,2,6
rw7595,1,0
rw7596,1,0
rw7597,0,1
rw7598,1,0
rw7599,0,1
rw7600,0,1
rw7601,1,0
rw7602,1,0
rw7604,1,1
rw7605,0,2
rw7607,1,2
rw7608,2,0
rw7610,0,1
rw7611,3,1
rw7613,0,2
rw7614,0,0
rw7615,2,0
rw7616,1,0
rw7617,1,1
rw7618,1,1
rw7619,0,1
rw7620,1,0
rw7621,5,1
rw7622,0,2
rw7623,0,4
rw7624,1,1
rw7625,1,0
rw7626,1,1
rw7627,3,2
rw7628,2,1
rw7629,3,0
rw7630,1,0
rw7631,0,0
rw7632,1,0
rw7633,4,1
rw7634,1,1
rw7635,1,0
rw7637,2,3
rw7638,0,0
rw7639,1,1
rw7640,0,4
rw7641,5,3
rw7643,2,0
rw7644,1,1
rw7646,2,1
rw7647,0,0
rw7648,1,1
rw7649,1,2
rw7650,0,1
rw7651,3,0
rw7652,1,0
rw7653,2,0
rw7655,2,0
rw7656,0,0
rw7657,2,1
rw7658,2,0
rw7659,2,0
rw7660,2,2
rw7661,2,1
rw7662,2,0
rw7664,2,0
rw7665,1,0
rw7666,0,1
rw7667,0,0
rw7668,2,1
rw7669,1,0
rw7670,0,4
rw7671,1,0
rw7672,0,1
rw7673,2,2
rw7674,1,1
rw7675,0,1
rw7676,0,1
rw7677,1,1
rw7678,0,0
rw7679,2,0
rw7680,2,3
rw7681,1,0
rw7682,1,5
rw7683,1,0
rw7684,1,1
rw7685,2,0
rw7686,2,1
rw7687,0,0
rw7688,1,1
rw7689,1,0
rw7690,1,0
rw7691,1,1
rw7692,2,0
rw7693,1,0
rw7694,2,1
rw7695,0,1
rw7696,0,0
rw7697,0,0
rw7698,1,1
rw7699,1,1
rw7700,1,1
rw7701,1,1
rw7702,1,0
rw7703,0,1
rw7704,1,0
rw7705,0,0
rw7706,2,2
rw7707,0,0
rw7708,1,0
rw7709,1,0
rw7710,1,0
rw7711,2,1
rw7712,1,0
rw7713,1,2
rw7714,0,0
rw7715,0,0
rw7716,1,0
rw7717,2,4
rw7718,0,0
rw7719,2,0
rw7720,1,0
rw7721,4,1
rw7722,2,0
rw7723,0,0
rw7724,1,1
rw7725,1,0
rw7726,0,1
rw7727,1,3
rw7728,0,0
rw7729,2,1
rw7730,0,3
rw7731,0,1
rw7732,0,0
rw7733,0,0
rw7734,1,1
rw7735,4,0
rw7736,0,0
rw7738,2,1
rw7739,1,1
rw7740,0,2
rw7741,1,0
rw7742,1,0
rw7743,0,1
rw7744,0,0
rw7745,0,1
rw7746,1,3
rw7747,1,1
rw7749,1,0
rw7750,0,0
rw7751,0,0
rw7752,0,0
rw7753,1,1
rw7754,1,0
rw7755,1,0
rw7757,3,2
rw7758,1,1
rw7759,0,0
rw7761,2,0
rw7762,3,1
rw7763,2,1
rw7764,4,0
rw7765,1,0
rw7766,0,1
rw7767,1,1
rw7768,1,0
rw7769,1,1
rw7770,1,1
rw7771,1,0
rw7772,0,0
rw7773,2,0
rw7774,0,0
rw7775,1,0
rw7776,0,0
rw7777,1,1
rw7778,1,0
rw7779,0,1
rw7780,1,2
rw7781,1,0
rw7782,3,0
rw7783,1,3
rw7784,1,0
rw7785,2,1
rw7786,2,0
rw7787,0,0
rw7788,0,1
rw7789,4,2
rw7790,1,3
rw7791,0,0
rw7792,1,2
rw7793,2,0
rw7794,2,0
rw7795,3,1
rw7796,0,0
rw7797,1,1
rw7798,1,0
rw7799,0,1
rw7800,0,0
rw7801,2,0
rw7802,0,0
rw7803,1,0
rw7804,2,0
rw7805,2,0
rw7806,0,1
rw7807,2,3
rw7809,1,0
rw7810,1,0
rw7811,3,1
rw7812,1,2
rw7813,0,0
rw7814,0,1
rw7815,0,0
rw7817,1,2
rw7818,0,0
rw7819,2,1
rw7820,1,0
rw7821,0,0
rw7822,1,0
rw7823,0,4
rw7824,1,1
rw7825,2,4
rw7826,1,0
rw7827,2,1
rw7828,0,0
rw7829,1,0
rw7830,1,0
rw7831,0,1
rw7832,2,1
rw7833,1,1
rw7834,4,2
rw7835,2,1
rw7837,0,0
rw7839,0,0
rw7840,0,2
rw7841,1,3
rw7842,1,1
rw7843,2,5
rw7844,0,0
rw7845,0,0
rw7846,1,3
rw7847,2,2
rw7848,0,1
rw7849,0,0
rw7850,0,2
rw7851,1,0
rw7852,0,0
rw7853,0,0
rw7854,3,1
rw7855,1,2
rw7856,0,1
rw7857,1,0
rw7858,0,1
rw7859,1,1
rw7860,0,0
rw7861,1,0
rw7862,1,0
rw7864,0,0
rw7865,2,0
rw7866,2,0
rw7867,1,0
rw7869,0,0
rw7870,1,1
rw7871,1,0
rw7872,1,0
rw7873,1,1
rw7875,0,1
rw7876,0,0
rw7877,0,0
rw7878,4,2
rw7880,1,1
rw7881,1,2
rw7882,1,1
rw7883,1,1
rw7884,0,0
rw7885,1,1
rw7886,0,0
rw7887,1,0
rw7888,1,0
rw7889,1,0
rw7890,0,0
rw7891,1,1
rw7892,1,0
rw7893,3,2
rw7894,0,1
rw7895,1,1
rw7896,1,1
rw7897,2,1
rw7898,0,0
rw7899,0,0
rw7900,1,4
rw7901,2,0
rw7902,1,0
rw7903,0,0
rw7904,1,1
rw7905,0,2
rw7906,0,1
rw7907,0,0
rw7908,0,3
rw7909,1,1
rw7910,3,4
rw7911,2,5
rw7912,0,1
rw7913,2,0
rw7914,0,1
rw7915,1,0
rw7916,3,4
rw7917,1,4
rw7918,1,3
rw7919,2,1
rw7920,3,1
rw7921,0,0
rw7922,0,3
rw7923,1,0
rw7924,2,1
rw7925,2,1
rw7926,2,1
rw7927,0,1
rw7928,1,1
rw7929,0,0
rw7930,0,1
rw7931,0,0
rw7932,2,1
rw7933,1,0
rw7934,2,0
rw7935,0,4
rw7936,0,3
rw7937,2,2
rw7938,1,2
rw7939,1,0
rw7940,0,0
rw7941,0,0
rw7942,1,1
rw7943,3,2
rw7944,2,7
rw7945,0,0
rw7946,2,1
rw7947,3,0
rw7948,0,0
rw7949,1,1
rw7950,0,0
rw7951,1,0
rw7952,1,1
rw7953,1,0
rw7954,2,1
rw7955,3,1
rw7956,2,1
rw7957,1,2
rw7958,1,0
rw7959,0,1
rw7960,2,0
rw7961,1,1
rw7962,0,1
rw7963,0,0
rw7965,1,3
rw7966,3,1
rw7967,0,0
rw7968,0,0
rw7969,0,0
rw7970,0,0
rw7971,0,0
rw7972,1,3
rw7973,1,0
rw7974,1,0
rw7975,0,2
rw7976,4,1
rw7977,2,1
rw7979,2,0
rw7980,0,1
rw7981,0,0
rw7982,0,0
rw7983,1,0
rw7984,2,0
rw7985,0,0
rw7986,0,0
rw7987,0,0
rw7988,0,0
rw7989,0,0
rw7991,0,0
rw7992,3,0
rw7993,1,1
rw7994,1,0
rw7995,3,4
rw7996,1,0
rw7998,0,2
rw7999,0,1
rw8000,1,1
rw8001,2,0
rw8002,1,1
rw8003,2,1
rw8004,1,0
rw8005,3,3
rw8006,3,0
rw8007,3,1
rw8008,1,3
rw8009,0,0
rw8010,0,1
rw8011,4,0
rw8012,0,0
rw8013,1,1
rw8014,0,2
rw8015,1,0
rw8016,2,0
rw8017,3,1
rw8018,0,0
rw8019,2,2
rw8020,2,3
rw8021,2,0
rw8022,2,0
rw8023,3,4
rw8024,4,1
rw8025,1,0
rw8026,2,0
rw8027,2,4
rw8028,0,1
rw8029,1,0
rw8031,1,1
rw8032,0,1
rw8033,0,0
rw8034,3,0
rw8036,1,1
rw8037,2,1
rw8038,2,0
rw8040,1,1
rw8041,0,2
rw8042,3,10
rw8043,0,0
rw8044,0,0
rw8045,0,5
rw8046,3,0
rw8047,1,1
rw8048,1,1
rw8049,1,1
rw8050,0,0
rw8052,1,1
rw8053,1,0
rw8054,0,2
rw8055,0,0
rw8056,1,0
rw8057,0,0
rw8058,2,2
rw8059,0,0
rw8060,1,0
rw8061,0,0
rw8062,1,3
rw8063,0,0
rw8064,4,2
rw8065,1,1
rw8066,0,0
rw8067,0,1
rw8068,0,1
rw8069,0,1
rw8070,1,0
rw8071,0,1
rw8072,2,2
rw8073,0,2
rw8074,0,3
rw8075,0,5
rw8076,0,1
rw8077,2,1
rw8078,0,0
rw8079,1,0
rw8080,1,2
rw8081,1,0
rw8082,2,0
rw8083,0,1
rw8084,2,0
rw8085,0,0
rw8086,2,1
rw8087,0,0
rw8088,0,1
rw8089,5,1
rw8090,3,0
rw8091,0,3
rw8092,1,1
rw8093,3,1
rw8094,2,0
rw8095,0,1
rw8096,1,0
rw8097,0,0
rw8098,0,1
rw8099,1,0
rw8101,1,0
rw8102,1,3
rw8103,2,0
rw8104,3,0
rw8105,1,0
rw8106,0,2
rw8107,1,1
rw8108,3,4
rw8109,0,0
rw8110,1,6
rw8111,1,4
rw8112,1,0
rw8113,1,4
rw8115,3,1
rw8116,0,0
rw8118,0,0
rw8119,1,1
rw8120,4,0
rw8121,2,0
rw8122,2,1
rw8123,1,0
rw8124,3,0
rw8125,1,3
rw8126,2,0
rw8127,2,2
rw8128,2,0
rw8129,3,1
rw8130,0,1
rw8131,1,0
rw8132,1,2
rw8133,0,0
rw8134,1,0
rw8135,0,1
rw8136,11,8
rw8137,0,0
rw8138,1,1
rw8139,2,6
rw8140,1,2
rw8141,1,0
rw8142,3,5
rw8143,0,0
rw8144,1,2
rw8145,2,0
rw8146,1,0
rw8147,1,0
rw8148,1,0
rw8149,0,0
rw8150,1,0
rw8151,2,0
rw8152,0,0
rw8153,5,1
rw8154,1,0
rw8155,0,1
rw8156,0,1
rw8157,0,0
rw8158,1,1
rw8159,3,1
rw8160,4,5
rw8161,0,0
rw8162,3,0
rw8163,2,0
rw8164,1,0
rw8165,1,2
rw8166,0,0
rw8167,1,0
rw8168,4,0
rw8169,1,0
rw8170,0,0
rw8171,4,0
rw8172,0,1
rw8173,1,1
rw8174,1,0
rw8175,0,3
rw8176,1,0
rw8177,1,0
rw8178,3,1
rw8179,0,2
rw8180,2,0
rw8181,1,0
rw8182,2,2
rw8183,0,0
rw8184,1,2
rw8185,1,0
rw8186,1,2
rw8187,1,0
rw8188,1,0
rw8189,1,0
rw8190,1,1
rw8191,12,18
rw8192,2,0
rw8193,0,1
rw8194,1,0
rw8195,1,0
rw8196,1,0
rw8197,1,0
rw8198,1,0
rw8199,0,1
rw8200,1,2
rw8201,1,0
rw8202,1,0
rw8203,0,1
rw8204,2,0
rw8205,0,2
rw8206,3,1
rw8207,1,0
rw8208,1,0
rw8209,2,0
rw8210,0,0
rw8211,2,0
rw8212,1,1
rw8213,2,1
rw8214,3,2
rw8215,2,4
rw8216,1,2
rw8217,1,0
rw8218,3,4
rw8219,1,0
rw8220,1,0
rw8221,1,1
rw8222,0,1
rw8223,1,0
rw8224,0,0
rw8225,2,0
rw8226,2,0
rw8227,1,2
rw8228,1,1
rw8229,1,0
rw8230,2,1
rw8231,1,0
rw8232,0,0
rw8233,1,0
rw8234,0,1
rw8235,0,0
rw8236,1,0
rw8237,2,0
rw8238,1,0
rw8239,1,10
rw8240,0,0
rw8241,2,2
rw8242,1,1
rw8243,2,1
rw8244,1,1
rw8245,2,0
rw8246,0,0
rw8247,1,0
rw8248,1,0
rw8249,0,1
rw8250,1,0
rw8251,1,0
rw8252,1,0
rw8253,1,0
rw8254,2,2
rw8255,0,2
rw8256,1,1
rw8257,0,1
rw8258,1,0
rw8259,3,2
rw8260,1,0
rw8261,3,0
rw8262,1,0
rw8263,3,0
rw8264,1,0
rw8265,3,0
rw8266,4,0
rw8267,1,0
rw8268,2,0
rw8269,0,0
rw8270,0,0
rw8271,1,0
rw8272,1,1
rw8273,1,1
rw8274,1,0
rw8276,1,1
rw8277,2,0
rw8278,1,1
rw8279,1,0
rw8280,2,1
rw8281,0,1
rw8282,0,0
rw8283,1,0
rw8284,4,0
rw8285,1,1
rw8286,1,0
rw8287,1,4
rw8288,3,0
rw8289,1,0
rw8291,1,0
rw8292,3,0
rw8293,1,0
rw8294,0,1
rw8295,1,4
rw8296,3,1
rw8297,2,1
rw8298,0,0
rw8299,0,0
rw8300,2,0
rw8301,3,1
rw8302,3,0
rw8303,0,1
rw8304,2,1
rw8305,1,0
rw8306,2,1
rw8307,1,0
rw8308,1,0
rw8309,0,2
rw8310,2,0
rw8311,2,1
rw8312,0,1
rw8314,1,0
rw8315,1,0
rw8316,2,0
rw8317,0,0
rw8318,3,0
rw8319,1,1
rw8320,0,0
rw8321,1,1
rw8322,1,0
rw8323,2,1
rw8324,1,1
rw8325,1,0
rw8326,3,0
rw8327,0,1
rw8328,0,1
rw8329,1,1
rw8330,1,1
rw8331,0,1
rw8332,1,0
rw8333,0,0
rw8334,0,0
rw8335,1,0
rw8336,0,0
rw8337,2,0
rw8338,7,4
rw8339,4,2
rw8340,0,0
rw8341,2,1
rw8342,4,6
rw8343,1,3
rw8344,2,0
rw8345,2,0
rw8346,2,2
rw8347,0,0
rw8348,3,1
rw8349,1,0
rw8350,0,0
rw8351,1,1
rw8352,1,2
rw8353,2,0
rw8354,0,1
rw8355,0,2
rw8356,0,1
rw8357,1,0
rw8358,0,0
rw8360,1,0
rw8361,3,0
rw8362,0,0
rw8363,1,1
rw8364,0,0
rw8365,1,1
rw8367,2,1
rw8368,0,0
rw8369,2,1
rw8370,1,2
rw8371,2,0
rw8372,3,0
rw8373,0,1
rw8374,1,0
rw8375,0,2
rw8376,2,0
rw8378,0,1
rw8379,0,2
rw8380,5,1
rw8381,0,0
rw8382,1,1
rw8383,1,1
rw8384,3,0
rw8385,2,0
rw8386,1,0
rw8387,0,0
rw8388,0,1
rw8389,1,0
rw8390,1,0
rw8391,0,0
rw8392,3,1
rw8393,1,0
rw8394,2,2
rw8395,0,1
rw8396,0,1
rw8397,2,0
rw8398,2,1
rw8399,0,1
rw8400,0,1
rw8401,0,0
rw8402,1,0
rw8403,4,8
rw8404,1,0
rw8405,1,1
rw8406,2,1
rw8407,1,1
rw8408,2,0
rw8409,2,1
rw8410,2,0
rw8411,2,0
rw8412,2,0
rw8413,2,1
rw8414,0,1
rw8415,2,0
rw8416,2,0
rw8417,1,0
rw8418,1,1
rw8419,3,1
rw8420,1,0
rw8421,0,0
rw8422,1,0
rw8423,1,0
rw8424,0,1
rw8425,0,0
rw8426,1,0
rw8427,2,0
rw8428,2,0
rw8429,1,0
rw8430,1,1
rw8431,1,1
rw8432,1,0
rw8433,1,0
rw8434,1,0
rw8435,1,0
rw8436,0,0
rw8437,0,0
rw8438,0,0
rw8439,0,0
rw8440,1,1
rw8441,2,2
rw8442,2,0
rw8443,0,0
rw8444,12,4
rw8445,1,0
rw8446,0,0
rw8447,0,7
rw8448,2,0
rw8449,0,0
rw8450,2,1
rw8451,2,1
rw8452,1,1
rw8453,3,0
rw8454,0,1
rw8455,0,2
rw8456,1,0
rw8457,3,2
rw8458,1,2
rw8459,0,0
rw8460,1,0
rw8461,2,2
rw8462,1,0
rw8463,0,0
rw8464,2,0
rw8465,1,1
rw8466,1,0
rw8467,0,0
rw8468,3,0
rw8469,0,1
rw8470,1,1
rw8471,2,0
rw8472,1,0
rw8474,1,1
rw8475,1,1
rw8476,1,1
rw8477,0,0
rw8479,1,1
rw8480,0,0
rw8481,1,1
rw8482,1,0
rw8483,0,2
rw8484,1,2
rw8485,3,2
rw8486,1,0
rw8487,0,0
rw8488,1,1
rw8489,1,0
rw8490,1,0
rw8491,2,0
rw8492,2,1
rw8493,0,2
rw8494,0,0
rw8495,3,0
rw8496,2,4
rw8497,1,0
rw8498,0,4
rw8499,0,1
rw8500,1,1
rw8501,0,4
rw8502,2,2
rw8503,2,3
rw8504,2,0
rw8505,1,0
rw8506,1,1
rw8507,2,2
rw8508,0,1
rw8509,1,2
rw8510,0,0
rw8511,0,1
rw8512,1,0
rw8513,0,0
rw8514,1,1
rw8515,2,1
rw8516,2,2
rw8517,1,2
rw8518,4,1
rw8519,2,0
rw8520,2,1
rw8521,1,2
rw8522,1,1
rw8523,1,0
rw8524,0,1
rw8525,0,1
rw8526,1,1
rw8527,3,0
rw8528,0,1
rw8529,0,1
rw8530,0,1
rw8531,0,0
rw8532,0,0
rw8533,0,0
rw8534,2,2
rw8535,1,0
rw8536,16,14
rw8537,1,0
rw8538,1,0
rw8539,2,4
rw8540,1,2
rw8541,1,0
rw8542,0,1
rw8543,3,0
rw8544,0,0
rw8545,1,0
rw8546,1,0
rw8547,1,0
rw8548,3,0
rw8549,1,1
rw8550,1,0
rw8551,0,0
rw8552,5,3
rw8553,2,0
rw8554,3,2
rw8555,0,0
rw8556,2,0
rw8557,1,0
rw8558,2,1
rw8559,1,1
rw8560,0,0
rw8561,2,0
rw8562,1,1
rw8563,0,1
rw8564,1,0
rw8565,1,1
rw8566,2,0
rw8567,1,1
rw8568,3,1
rw8569,0,0
rw8570,2,0
rw8571,1,0
rw8572,1,0
rw8573,0,1
rw8574,1,0
rw8575,1,1
rw8576,2,1
rw8577,3,1
rw8578,1,0
rw8579,0,1
rw8580,2,1
rw8581,0,0
rw8582,2,2
rw8583,1,2
rw8584,0,1
rw8585,1,1
rw8586,3,2
rw8587,5,1
rw8588,1,0
rw8589,3,1
rw8590,1,1
rw8591,2,1
rw8592,1,1
rw8593,0,1
rw8594,1,1
rw8595,0,0
rw8596,1,0
rw8597,1,0
rw8598,0,0
rw8599,2,1
rw8600,1,0
rw8601,0,1
rw8602,0,1
rw8603,1,0
rw8604,0,0
rw8605,3,1
rw8606,1,1
rw8607,1,0
rw8608,2,2
rw8609,1,0
rw8610,1,1
rw8611,2,1
rw8612,0,0
rw8613,2,1
rw8614,1,0
rw8615,2,3
rw8616,2,4
rw8617,0,2
rw8618,1,0
rw8619,0,2
rw8620,4,6
rw8621,2,2
rw8622,2,0
rw8623,0,0
rw8624,1,0
rw8625,1,0
rw8626,3,0
rw8627,2,1
rw8628,3,1
rw8629,2,3
rw8630,0,2
rw8631,1,2
rw8632,0,0
rw8633,1,1
rw8634,2,0
rw8635,0,0
rw8636,1,1
rw8637,0,3
rw8638,1,0
rw8639,3,3
rw8640,0,1
rw8641,1,1
rw8642,1,4
rw8643,2,0
rw8644,2,2
rw8645,0,0
rw8646,1,1
rw8647,0,0
rw8648,1,0
rw8649,0,0
rw8651,1,2
rw8652,1,0
rw8653,3,2
rw8654,1,1
rw8655,0,0
rw8656,3,1
rw8657,1,0
rw8658,0,0
rw8659,1,0
rw8660,0,1
rw8661,0,0
rw8662,2,0
rw8663,0,1
rw8664,1,1
rw8665,0,0
rw8666,2,1
rw8667,1,0
rw8668,0,0
rw8669,1,2
rw8670,1,0
rw8671,1,0
rw8672,1,1
rw8673,1,0
rw8674,1,1
rw8675,2,0
rw8676,2,1
rw8677,0,0
rw8678,1,2
rw8679,1,0
rw8680,3,0
rw8681,1,1
rw8682,1,4
rw8683,0,0
rw8684,0,0
rw8685,1,0
rw8686,0,2
rw8687,0,0
rw8688,0,0
rw8689,0,0
rw8690,0,0
rw8691,3,1
rw8692,2,2
rw8693,1,1
rw8694,2,1
rw8695,2,1
rw8696,2,3
rw8697,2,0
rw8698,0,1
rw8699,0,0
rw8700,0,1
rw8702,2,0
rw8703,0,1
rw8704,1,0
rw8705,1,0
rw8706,1,0
rw8707,4,1
rw8708,1,1
rw8709,0,0
rw8710,0,0
rw8711,0,0
rw8712,3,3
rw8713,0,0
rw8714,1,2
rw8715,1,1
rw8716,1,0
rw8717,3,1
rw8718,0,1
rw8719,0,1
rw8720,0,0
rw8721,1,0
rw8722,0,1
rw8723,1,1
rw8724,0,2
rw8725,1,0
rw8726,1,0
rw8727,0,1
rw8728,0,1
rw8729,0,2
rw8730,3,0
rw8731,0,0
rw8732,0,1
rw8733,3,0
rw8734,1,1
rw8735,2,0
rw8736,0,0
rw8737,4,3
rw8738,0,0
rw8739,0,0
rw8740,1,5
rw8741,1,1
rw8742,0,1
rw8743,1,1
rw8744,2,3
rw8746,0,1
rw8747,2,0
rw8748,0,1
rw8749,2,0
rw8750,0,1
rw8751,2,1
rw8752,3,1
rw8753,1,0
rw8754,3,0
rw8755,2,1
rw8756,0,5
rw8757,2,0
rw8758,2,1
rw8759,0,0
rw8760,1,2
rw8761,1,6
rw8762,0,1
rw8763,1,0
rw8764,2,1
rw8765,5,1
rw8766,3,1
rw8767,2,0
rw8768,0,0
rw8770,4,1
rw8771,0,0
rw8772,2,3
rw8773,1,1
rw8774,2,0
rw8775,1,0
rw8776,2,0
rw8777,2,0
rw8778,1,1
rw8779,0,0
rw8780,1,0
rw8781,1,2
rw8782,0,2
rw8783,3,0
rw8784,2,0
rw8785,2,0
rw8786,3,0
rw8787,2,0
rw8788,2,0
rw8789,0,5
rw8790,0,1
rw8791,1,0
rw8792,1,1
rw8793,1,1
rw8794,0,1
rw8795,0,1
rw8796,1,0
rw8797,1,0
rw8798,2,3
rw8799,2,0
rw8800,2,1
rw8802,6,4
rw8803,1,1
rw8804,0,0
rw8805,1,0
rw8806,0,2
rw8807,1,0
rw8808,0,2
rw8809,0,1
rw8810,0,3
rw8811,2,1
rw8812,4,1
rw8813,2,3
rw8814,1,0
rw8815,1,0
rw8816,2,5
rw8817,1,1
rw8818,1,1
rw8819,12,6
rw8820,1,1
rw8821,2,1
rw8822,1,0
rw8823,1,0
rw8824,2,0
rw8825,0,1
rw8826,0,1
rw8827,2,1
rw8828,2,0
rw8829,0,1
rw8831,2,0
rw8832,2,0
rw8833,0,0
rw8834,2,0
rw8835,1,4
rw8837,0,0
rw8838,3,0
rw8839,2,1
rw8840,0,0
rw8841,2,0
rw8842,2,2
rw8843,1,0
rw8844,1,0
rw8845,1,4
rw8846,0,2
rw8847,1,1
rw8848,1,2
rw8849,1,0
rw8850,1,1
rw8851,1,1
rw8852,0,0
rw8854,1,0
rw8855,1,0
rw8856,2,0
rw8857,0,1
rw8858,4,0
rw8859,0,0
rw8860,0,0
rw8861,0,0
rw8862,2,0
rw8863,1,1
rw8864,3,0
rw8865,3,0
rw8866,1,0
rw8867,0,0
rw8868,1,0
rw8869,2,1
rw8870,1,0
rw8871,1,1
rw8872,1,0
rw8873,1,0
rw8874,3,0
rw8875,1,1
rw8876,1,1
rw8877,0,0
rw8878,1,1
rw8879,1,1
rw8880,2,1
rw8881,0,2
rw8882,0,0
rw8883,0,0
rw8884,1,0
rw8885,1,1
rw8886,2,1
rw8887,0,1
rw8888,0,1
rw8889,3,3
rw8890,0,0
rw8891,1,0
rw8892,4,0
rw8893,2,4
rw8894,1,0
rw8895,2,0
rw8897,0,2
rw8898,2,0
rw8899,1,1
rw8900,4,0
rw8901,0,0
rw8902,2,0
rw8903,2,0
rw8904,1,1
rw8905,1,0
rw8906,2,0
rw8907,0,1
rw8908,2,1
rw8909,0,0
rw8910,1,0
rw8911,1,1
rw8912,0,0
rw8913,1,0
rw8914,2,0
rw8915,1,0
rw8916,1,1
rw8917,1,1
rw8918,1,0
rw8919,0,1
rw8920,1,1
rw8921,1,2
rw8922,1,1
rw8923,2,2
rw8924,0,2
rw8925,3,0
rw8926,2,0
rw8927,1,3
rw8928,0,0
rw8929,1,1
rw8931,0,1
rw8933,2,0
rw8934,3,4
rw8936,0,1
rw8937,2,0
rw8938,1,0
rw8939,3,1
rw8940,2,0
rw8941,2,2
rw8942,3,1
rw8943,0,0
rw8944,2,1
rw8945,0,0
rw8946,0,2
rw8947,2,0
rw8948,3,1
rw8949,1,4
rw8950,1,0
rw8951,4,1
rw8952,0,1
rw8953,3,4
rw8954,0,0
rw8955,2,0
rw8956,1,5
rw8957,2,3
rw8958,0,0
rw8960,2,0
rw8961,0,0
rw8962,1,0
rw8963,3,1
rw8964,2,0
rw8965,1,3
rw8966,2,0
rw8967,2,2
rw8968,1,2
rw8969,0,0
rw8970,0,1
rw8971,0,1
rw8972,0,0
rw8973,1,0
rw8974,0,1
rw8976,2,0
rw8977,2,0
rw8978,1,3
rw8979,1,1
rw8980,1,0
rw8981,1,1
rw8982,1,2
rw8983,1,1
rw8984,1,1
rw8985,2,2
rw8986,1,0
rw8987,1,1
rw8988,0,2
rw8989,0,0
rw8990,1,0
rw8991,2,4
rw8992,0,1
rw8993,1,1
rw8994,0,0
rw8995,3,0
rw8996,1,0
rw8997,0,5
rw8998,0,1
rw8999,0,1
rw9000,1,1
rw9001,4,2
rw9002,0,1
rw9003,0,1
rw9004,3,2
rw9005,2,1
rw9006,2,1
rw9007,5,1
rw9008,1,1
rw9009,0,0
rw9010,3,0
rw9011,0,0
rw9012,1,0
rw9013,3,1
rw9015,2,2
rw9016,1,3
rw9017,1,2
rw9018,1,2
rw9019,0,0
rw9020,1,0
rw9021,1,0
rw9022,1,0
rw9023,0,1
rw9024,0,0
rw9025,2,0
rw9027,0,0
rw9028,3,0
rw9029,0,0
rw9030,2,2
rw9031,0,2
rw9032,3,0
rw9033,2,0
rw9034,1,0
rw9035,1,0
rw9036,0,2
rw9037,1,0
rw9038,1,3
rw9039,3,2
rw9040,1,3
rw9042,1,0
rw9043,1,1
rw9044,0,0
rw9045,1,0
rw9046,0,0
rw9047,0,0
rw9048,5,0
rw9049,1,1
rw9050,0,0
rw9051,0,1
rw9052,0,1
rw9053,2,0
rw9054,1,1
rw9055,22,15
rw9056,1,0
rw9057,1,0
rw9058,0,2
rw9059,1,3
rw9060,1,0
rw9061,2,2
rw9063,0,1
rw9064,2,0
rw9065,1,3
rw9066,0,0
rw9067,2,0
rw9068,0,2
rw9069,0,0
rw9070,2,0
rw9071,1,1
rw9072,0,0
rw9073,2,1
rw9074,0,0
rw9075,2,0
rw9076,0,1
rw9077,0,2
rw9079,0,0
rw9080,1,1
rw9081,2,2
rw9082,1,1
rw9083,1,0
rw9084,3,4
rw9085,1,0
rw9086,0,0
rw9087,0,0
rw9088,3,0
rw9089,3,0
rw9090,0,1
rw9092,0,2
rw9093,0,1
rw9094,1,0
rw9095,0,0
rw9096,1,0
rw9097,0,0
rw9098,0,1
rw9099,1,1
rw9100,1,3
rw9101,0,0
rw9102,2,2
rw9103,2,0
rw9104,1,0
rw9105,0,5
rw9106,1,0
rw9107,4,1
rw9108,1,1
rw9109,2,0
rw9110,3,1
rw9111,1,0
rw9112,1,0
rw9113,0,1
rw9114,0,1
rw9115,2,1
rw9116,2,1
rw9117,2,0
rw9118,4,0
rw9119,0,0
rw9120,1,0
rw9121,0,1
rw9122,0,1
rw9123,1,1
rw9124,0,1
rw9125,1,0
rw9126,1,1
rw9127,0,4
rw9128,1,1
rw9129,1,1
rw9130,1,6
rw9131,2,0
rw9132,0,1
rw9133,1,0
rw9134,1,0
rw9136,1,1
rw9137,1,0
rw9138,2,0
rw9139,3,0
rw9140,1,1
rw9141,4,1
rw9142,2,1
rw9143,0,1
rw9144,1,0
rw9145,1,1
rw9146,1,0
rw9147,1,0
rw9148,1,1
rw9149,0,1
rw9150,0,2
rw9151,0,1
rw9152,1,1
rw9153,2,0
rw9154,0,0
rw9155,0,0
rw9156,1,1
rw9157,2,1
rw9158,0,0
rw9159,2,0
rw9161,2,1
rw9162,2,1
rw9163,2,1
rw9164,0,0
rw9165,0,0
rw9167,1,0
rw9168,0,0
rw9169,1,0
rw9170,1,1
rw9171,1,0
rw9172,0,3
rw9173,0,1
rw9174,1,3
rw9175,1,0
rw9176,1,0
rw9177,1,1
rw9178,1,0
rw9179,2,4
rw9180,0,0
rw9181,0,0
rw9182,1,2
rw9183,2,1
rw9184,0,1
rw9185,1,0
rw9186,0,0
rw9187,3,0
rw9188,3,0
rw9189,1,4
rw9190,2,1
rw9191,0,1
rw9192,1,2
rw9193,1,0
rw9194,1,1
rw9195,1,0
rw9196,2,0
rw9197,2,1
rw9199,2,2
rw9200,1,2
rw9201,0,0
rw9202,2,7
rw9203,0,0
rw9205,2,0
rw9206,0,1
rw9207,0,4
rw9208,1,2
rw9209,1,1
rw9210,2,0
rw9211,0,0
rw9212,0,1
rw9213,1,0
rw9214,1,0
rw9215,0,3
rw9216,1,2
rw9217,0,1
rw9218,1,6
rw9219,2,2
rw9220,1,1
rw9221,0,0
rw9223,2,0
rw9224,0,0
rw9225,3,0
rw9227,1,0
rw9228,0,0
rw9229,0,1
rw9230,1,0
rw9232,0,0
rw9233,1,1
rw9234,1,1
rw9235,5,2
rw9236,0,4
rw9237,2,1
rw9238,1,1
rw9239,0,0
rw9240,1,1
rw9241,1,2
rw9242,1,2
rw9243,0,0
rw9244,4,3
rw9245,1,1
rw9246,2,1
rw9247,3,2
rw9248,1,0
rw9249,2,2
rw9250,2,1
rw9251,2,1
rw9252,1,1
rw9253,3,0
rw9254,0,0
rw9255,2,0
rw9256,1,1
rw9257,1,0
rw9258,2,1
rw9259,1,1
rw9260,1,1
rw9261,0,1
rw9262,2,0
rw9263,0,0
rw9264,0,0
rw9265,0,3
rw9266,2,0
rw9267,2,0
rw9268,2,0
rw9269,2,0
rw9270,0,1
rw9271,0,1
rw9272,0,0
rw9273,0,4
rw9274,1,1
rw9275,0,1
rw9276,1,0
rw9277,2,0
rw9278,0,0
rw9279,3,1
rw9280,0,1
rw9281,1,2
rw9282,2,2
rw9283,2,0
rw9284,2,2
rw9285,0,1
rw9287,0,1
rw9288,0,2
rw9289,3,1
rw9290,1,0
rw9291,2,2
rw9292,0,0
rw9293,0,0
rw9294,0,2
rw9295,0,0
rw9296,1,1
rw9297,2,2
rw9298,1,3
rw9299,0,0
rw9300,0,1
rw9301,1,0
rw9302,0,0
rw9303,3,1
rw9304,2,1
rw9305,0,0
rw9306,1,1
rw9307,1,1
rw9308,7,5
rw9309,3,0
rw9310,0,0
rw9311,2,0
rw9312,0,1
rw9313,0,0
rw9314,2,2
rw9315,1,1
rw9316,1,1
rw9317,3,2
rw9318,1,0
rw9319,4,0
rw9320,1,1
rw9321,2,6
rw9322,1,0
rw9323,1,3
rw9324,1,2
rw9325,0,0
rw9326,5,1
rw9327,1,0
rw9328,2,2
rw9329,1,0
rw9330,2,5
rw9331,0,1
rw9332,1,0
rw9333,1,1
rw9334,4,0
rw9335,2,0
rw9336,2,2
rw9337,0,1
rw9338,1,0
rw9339,0,0
rw9340,2,3
rw9341,1,1
rw9342,2,0
rw9343,3,0
rw9344,1,1
rw9345,1,0
rw9346,1,1
rw9347,0,0
rw9348,1,0
rw9349,1,0
rw9350,0,0
rw9351,1,1
rw9352,0,0
rw9353,1,1
rw9354,1,0
rw9355,0,1
rw9358,0,0
rw9359,3,0
rw9360,1,0
rw9361,2,0
rw9362,0,1
rw9363,0,0
rw9365,1,0
rw9366,2,0
rw9367,3,1
rw9368,1,0
rw9369,1,0
rw9370,0,1
rw9372,1,1
rw9373,3,1
rw9374,1,1
rw9375,2,0
rw9376,0,3
rw9377,1,0
rw9378,1,0
rw9379,1,0
rw9380,3,1
rw9381,0,0
rw9382,0,0
rw9383,1,1
rw9384,1,0
rw9385,0,0
rw9386,0,0
rw9387,2,0
rw9388,0,0
rw9389,3,1
rw9390,0,0
rw9391,0,1
rw9392,1,1
rw9393,2,2
rw9394,0,1
rw9395,1,1
rw9396,2,0
rw9397,1,1
rw9398,2,1
rw9399,2,1
rw9400,2,0
rw9401,3,5
rw9402,1,0
rw9403,0,0
rw9404,4,1
rw9405,3,0
rw9406,2,0
rw9407,0,0
rw9408,2,0
rw9409,2,2
rw9410,0,0
rw9411,0,2
rw9412,2,1
rw9413,0,0
rw9414,1,1
rw9415,1,1
rw9416,0,2
rw9418,2,4
rw9419,0,0
rw9420,0,1
rw9421,0,1
rw9422,0,0
rw9423,2,1
rw9424,0,0
rw9425,2,0
rw9426,3,1
rw9427,4,1
rw9428,2,0
rw9429,1,3
rw9430,1,1
rw9431,0,2
rw9432,0,2
rw9433,3,0
rw9435,0,1
rw9436,1,3
rw9437,2,1
rw9438,0,1
rw9439,0,0
rw9440,2,1
rw9442,0,1
rw9443,1,0
rw9444,1,0
rw9445,4,2
rw9446,0,1
rw9447,1,0
rw9448,0,0
rw9449,2,1
rw9450,3,1
rw9451,3,0
rw9452,4,2
rw9453,0,1
rw9454,1,1
rw9455,1,0
rw9456,1,0
rw9457,2,2
rw9458,1,0
rw9459,1,0
rw9460,1,0
rw9461,0,0
rw9462,2,1
rw9463,2,1
rw9464,1,0
rw9465,2,5
rw9466,1,0
rw9467,3,1
rw9468,0,0
rw9469,2,1
rw9470,2,2
rw9471,2,1
rw9472,0,0
rw9474,2,0
rw9475,1,2
rw9476,0,0
rw9477,1,0
rw9478,0,0
rw9479,1,8
rw9480,1,0
rw9481,2,0
rw9482,1,2
rw9483,1,3
rw9484,3,0
rw9485,2,1
rw9486,0,0
rw9487,1,0
rw9488,2,0
rw9489,0,1
rw9490,1,0
rw9491,3,2
rw9493,1,1
rw9494,1,1
rw9495,1,0
rw9496,1,0
rw9497,3,0
rw9498,0,0
rw9499,0,0
rw9500,3,0
rw9501,1,1
rw9502,1,1
rw9503,1,0
rw9504,1,0
rw9505,0,0
rw9506,1,0
rw9507,0,0
rw9508,0,0
rw9509,2,0
rw9510,1,1
rw9511,1,0
rw9512,1,1
rw9513,2,1
rw9514,1,0
rw9515,0,0
rw9516,0,2
rw9517,1,0
rw9518,2,0
rw9519,1,0
rw9520,4,3
rw9521,3,1
rw9522,0,2
rw9523,3,0
rw9524,1,1
rw9525,1,1
rw9526,1,1
rw9527,1,0
rw9528,0,0
rw9529,1,0
rw9530,2,0
rw9531,1,0
rw9532,3,1
rw9533,1,0
rw9534,0,0
rw9535,3,0
rw9536,1,2
rw9537,1,1
rw9538,0,0
rw9539,0,1
rw9540,1,2
rw9541,3,1
rw9542,2,0
rw9543,2,1
rw9544,1,0
rw9545,0,0
rw9546,1,0
rw9548,0,0
rw9549,1,0
rw9550,0,1
rw9551,0,0
rw9552,5,1
rw9553,1,1
rw9554,2,1
rw9555,2,2
rw9556,2,0
rw9557,2,0
rw9558,1,0
rw9559,0,0
rw9560,0,1
rw9561,0,0
rw9562,0,0
rw9563,0,1
rw9564,2,0
rw9565,1,0
rw9566,1,5
rw9568,0,1
rw9569,1,0
rw9570,1,2
rw9571,0,1
rw9572,2,0
rw9573,1,1
rw9574,3,2
rw9575,1,3
rw9576,1,1
rw9577,1,0
rw9578,2,2
rw9579,2,1
rw9580,0,0
rw9581,0,1
rw9582,2,0
rw9583,1,1
rw9584,2,2
rw9586,0,0
rw9587,2,0
rw9588,1,1
rw9589,3,0
rw9591,0,0
rw9592,1,2
rw9593,2,0
rw9594,1,1
rw9595,1,2
rw9596,2,2
rw9598,2,1
rw9599,0,3
rw9600,0,1
rw9601,1,0
rw9602,0,0
rw9604,0,0
rw9605,1,1
rw9606,0,1
rw9607,3,1
rw9608,0,0
rw9609,1,1
rw9610,0,0
rw9611,1,1
rw9612,0,1
rw9613,1,9
rw9614,4,2
rw9615,2,1
rw9616,1,0
rw9617,3,0
rw9618,0,0
rw9619,0,1
rw9620,3,1
rw9621,1,1
rw9622,0,1
rw9623,0,0
rw9624,2,0
rw9625,2,0
rw9626,2,0
rw9627,3,0
rw9628,1,1
rw9629,3,3
rw9630,1,2
rw9631,2,2
rw9632,3,3
rw9633,0,1
rw9634,2,1
rw9635,1,0
rw9636,2,0
rw9637,0,1
rw9638,0,0
rw9639,0,0
rw9640,2,1
rw9641,2,0
rw9642,0,0
rw9643,0,0
rw9644,2,0
rw9645,0,1
rw9646,1,1
rw9647,0,1
rw9648,1,0
rw9649,1,1
rw9650,1,2
rw9651,1,4
rw9652,1,2
rw9653,0,1
rw9654,0,1
rw9655,3,0
rw9656,2,0
rw9657,2,1
rw9658,4,0
rw9659,2,3
rw9660,2,8
rw9661,2,0
rw9662,3,0
rw9663,1,0
rw9664,1,0
rw9665,1,0
rw9666,3,0
rw9667,2,0
rw9668,1,2
rw9669,2,4
rw9670,0,0
rw9672,1,2
rw9673,0,1
rw9674,2,1
rw9675,0,1
rw9676,0,0
rw9677,2,1
rw9678,0,0
rw9679,2,0
rw9680,0,4
rw9681,1,1
rw9682,4,6
rw9683,0,0
rw9684,0,0
rw9685,0,1
rw9686,2,0
rw9687,0,0
rw9688,1,1
rw9689,2,0
rw9690,1,0
rw9691,3,1
rw9692,0,1
rw9693,2,1
rw9694,0,0
rw9695,0,0
rw9696,1,0
rw9697,0,0
rw9698,0,0
rw9699,2,0
rw9700,0,0
rw9701,0,2
rw9702,1,0
rw9703,0,2
rw9704,1,0
rw9705,3,1
rw9706,0,0
rw9707,3,1
rw9708,0,1
rw9709,2,0
rw9710,2,0
rw9711,3,0
rw9712,1,0
rw9713,0,0
rw9714,1,1
rw9715,3,0
rw9716,1,1
rw9717,0,2
rw9718,2,0
rw9719,0,1
rw9720,1,1
rw9721,1,3
rw9722,2,0
rw9723,4,0
rw9724,2,3
rw9725,1,1
rw9726,0,1
rw9727,1,1
rw9728,0,0
rw9729,0,0
rw9730,2,0
rw9731,2,0
rw9732,3,0
rw9733,1,1
rw9734,1,0
rw9735,0,0
rw9736,2,0
rw9737,2,0
rw9738,2,0
rw9739,2,0
rw9740,1,1
rw9741,1,0
rw9742,0,0
rw9743,9,7
rw9744,0,0
rw9745,0,0
rw9746,1,0
rw9747,2,0
rw9748,2,0
rw9749,0,0
rw9750,0,5
rw9751,0,2
rw9752,1,1
rw9753,0,0
rw9754,3,4
rw9755,1,0
rw9756,1,0
rw9757,1,0
rw9758,2,0
rw9759,4,2
rw9760,0,0
rw9761,0,0
rw9763,2,0
rw9764,1,1
rw9765,1,0
rw9766,3,0
rw9767,2,0
rw9768,0,0
rw9770,0,1
rw9771,1,0
rw9772,1,0
rw9773,0,0
rw9774,1,1
rw9775,1,0
rw9776,2,0
rw9777,0,1
rw9778,0,2
rw9779,2,0
rw9780,0,0
rw9781,0,1
rw9782,0,1
rw9783,1,0
rw9784,1,1
rw9785,3,3
rw9786,1,1
rw9787,3,1
rw9788,3,0
rw9789,2,2
rw9790,0,1
rw9791,0,1
rw9792,0,1
rw9793,1,0
rw9794,0,1
rw9795,1,1
rw9796,1,1
rw9797,2,2
rw9798,4,3
rw9799,3,1
rw9800,1,0
rw9801,1,0
rw9802,2,1
rw9803,2,0
rw9804,2,1
rw9805,0,1
rw9806,1,1
rw9807,3,0
rw9808,1,2
rw9809,2,1
rw9810,0,0
rw9811,1,0
rw9812,1,1
rw9813,4,0
rw9814,0,0
rw9815,3,1
rw9816,1,4
rw9817,2,1
rw9818,0,3
rw9819,2,2
rw9821,1,1
rw9822,1,1
rw9823,3,0
rw9824,0,0
rw9825,2,0
rw9826,0,0
rw9827,0,0
rw9828,1,1
rw9829,1,0
rw9830,1,0
rw9831,0,1
rw9832,0,0
rw9833,0,1
rw9834,1,4
rw9835,2,1
rw9836,1,0
rw9837,4,2
rw9838,1,0
rw9839,1,0
rw9840,0,3
rw9841,1,0
rw9842,2,0
rw9843,0,1
rw9844,0,1
rw9845,2,2
rw9846,3,1
rw9847,1,0
rw9848,1,2
rw9849,0,1
rw9850,1,1
rw9851,2,0
rw9852,0,1
rw9853,2,0
rw9854,0,0
rw9855,1,0
rw9856,4,0
rw9857,0,1
rw9858,0,0
rw9859,0,0
rw9860,0,2
rw9861,2,1
rw9862,0,0
rw9863,1,0
rw9864,1,0
rw9865,0,1
rw9866,1,0
rw9867,1,1
rw9868,2,0
rw9869,3,1
rw9870,2,0
rw9871,2,0
rw9873,1,1
rw9874,1,0
rw9875,1,1
rw9876,2,4
rw9877,1,3
rw9878,2,0
rw9879,1,1
rw9880,2,1
rw9881,2,1
rw9882,3,1
rw9883,1,0
rw9884,0,2
rw9885,0,1
rw9886,1,1
rw9887,2,0
rw9888,1,1
rw9889,1,1
rw9891,3,0
rw9892,1,1
rw9893,0,0
rw9894,2,0
rw9895,3,0
rw9896,3,0
rw9897,0,1
rw9898,3,0
rw9899,0,0
rw9900,0,0
rw9901,1,1
rw9902,2,2
rw9903,2,0
rw9904,2,2
rw9905,3,3
rw9906,4,5
rw9907,0,0
rw9908,1,1
rw9909,1,0
rw9910,1,0
rw9911,1,0
rw9912,1,1
rw9913,1,0
rw9914,1,1
rw9916,1,0
rw9917,3,1
rw9918,1,0
rw9919,0,1
rw9920,0,1
rw9921,1,1
rw9922,1,1
rw9923,2,0
rw9924,0,0
rw9925,2,1
rw9926,1,0
rw9927,0,0
rw9928,1,2
rw9929,0,0
rw9930,0,0
rw9931,1,1
rw9932,2,0
rw9933,3,1
rw9935,0,1
rw9936,1,1
rw9937,2,3
rw9938,3,1
rw9939,1,0
rw9940,0,1
rw9942,0,1
rw9943,1,5
rw9944,0,0
rw9945,1,0
rw9946,1,0
rw9947,0,1
rw9948,1,2
rw9949,1,0
rw9950,2,0
rw9951,0,1
rw9952,3,0
rw9953,1,0
rw9954,4,5
rw9956,3,0
rw9957,1,0
rw9958,1,1
rw9959,0,0
rw9960,1,0
rw9961,1,0
rw9962,0,0
rw9963,0,0
rw9964,1,2
rw9965,1,1
rw9966,1,1
rw9967,1,1
rw9968,0,1
rw9969,2,0
rw9970,2,1
rw9971,0,3
rw9972,1,0
rw9973,1,1
rw9975,0,1
rw9976,0,2
rw9977,2,2
rw9979,0,0
rw9980,1,2
rw9981,1,1
rw9982,0,0
rw9983,1,2
rw9984,1,0
rw9985,1,2
rw9986,0,0
rw9988,0,2
rw9989,1,0
rw9990,1,0
rw9991,1,1
rw9992,0,3
rw9993,1,0
rw9994,2,1
rw9995,1,0
rw9996,1,0
rw9997,0,0
rw9998,0,0
rw9999,2,1